workload,npu,mac,source_model_sha256,memory_mode,system_config,platform_A,platform_B,vela_artifact_sha256_A,vela_artifact_sha256_B,vela_artifact_identity,host_firmware_identity,per_platform_executability,cross_platform_same_artifact_portability,reuse_class
ad_medium_int8,ethos-u55,128,a8b1c9037c2a80e6ff770f0a550777cf744a52850bed6545b2bfc9bacf604c98,Shared_Sram,Ethos_U55_High_End_Embedded,SSE-300,SSE-310,1e7e4a459f8558ab58f27b37518d93c9a04c3661567357377d96458d6dc5942e,1e7e4a459f8558ab58f27b37518d93c9a04c3661567357377d96458d6dc5942e,IDENTICAL,PLATFORM_SPECIFIC,EXECUTABLE/EXECUTABLE,ESTABLISHED,FIRMWARE_PLATFORM_SPECIFIC_BUT_NPU_ARTIFACT_IDENTICAL
ad_medium_int8,ethos-u55,256,a8b1c9037c2a80e6ff770f0a550777cf744a52850bed6545b2bfc9bacf604c98,Shared_Sram,Ethos_U55_High_End_Embedded,SSE-300,SSE-310,55604afab6a7778a3186bc4b2ecd0726fec4239bbaeb812d7d9ed52b4a89eded,55604afab6a7778a3186bc4b2ecd0726fec4239bbaeb812d7d9ed52b4a89eded,IDENTICAL,PLATFORM_SPECIFIC,EXECUTABLE/EXECUTABLE,ESTABLISHED,FIRMWARE_PLATFORM_SPECIFIC_BUT_NPU_ARTIFACT_IDENTICAL
ad_medium_int8,ethos-u55,32,a8b1c9037c2a80e6ff770f0a550777cf744a52850bed6545b2bfc9bacf604c98,Shared_Sram,Ethos_U55_High_End_Embedded,SSE-300,SSE-310,feb375c21683114ff27cb6572e7749679110cc7558dbb0ed0cac7a44931aa19f,feb375c21683114ff27cb6572e7749679110cc7558dbb0ed0cac7a44931aa19f,IDENTICAL,PLATFORM_SPECIFIC,EXECUTABLE/EXECUTABLE,ESTABLISHED,FIRMWARE_PLATFORM_SPECIFIC_BUT_NPU_ARTIFACT_IDENTICAL
ad_medium_int8,ethos-u55,64,a8b1c9037c2a80e6ff770f0a550777cf744a52850bed6545b2bfc9bacf604c98,Shared_Sram,Ethos_U55_High_End_Embedded,SSE-300,SSE-310,b6c5e8d4b57cb6ab2da50515827b457491c902755cf8208e6b80fb09b6273480,b6c5e8d4b57cb6ab2da50515827b457491c902755cf8208e6b80fb09b6273480,IDENTICAL,PLATFORM_SPECIFIC,EXECUTABLE/EXECUTABLE,ESTABLISHED,FIRMWARE_PLATFORM_SPECIFIC_BUT_NPU_ARTIFACT_IDENTICAL
ad_medium_int8,ethos-u65,256,a8b1c9037c2a80e6ff770f0a550777cf744a52850bed6545b2bfc9bacf604c98,Dedicated_Sram,Ethos_U65_High_End,SSE-300,SSE-310,a18115c749b13ab554dc75239523f7a3ea56650fd4f3990ffde2573702cdfe57,a18115c749b13ab554dc75239523f7a3ea56650fd4f3990ffde2573702cdfe57,IDENTICAL,PLATFORM_SPECIFIC,EXECUTABLE/EXECUTABLE,ESTABLISHED,FIRMWARE_PLATFORM_SPECIFIC_BUT_NPU_ARTIFACT_IDENTICAL
ad_medium_int8,ethos-u65,256,a8b1c9037c2a80e6ff770f0a550777cf744a52850bed6545b2bfc9bacf604c98,Dedicated_Sram,Ethos_U65_High_End,SSE-300,SSE-315,a18115c749b13ab554dc75239523f7a3ea56650fd4f3990ffde2573702cdfe57,a18115c749b13ab554dc75239523f7a3ea56650fd4f3990ffde2573702cdfe57,IDENTICAL,PLATFORM_SPECIFIC,EXECUTABLE/EXECUTABLE,ESTABLISHED,FIRMWARE_PLATFORM_SPECIFIC_BUT_NPU_ARTIFACT_IDENTICAL
ad_medium_int8,ethos-u65,256,a8b1c9037c2a80e6ff770f0a550777cf744a52850bed6545b2bfc9bacf604c98,Dedicated_Sram,Ethos_U65_High_End,SSE-310,SSE-315,a18115c749b13ab554dc75239523f7a3ea56650fd4f3990ffde2573702cdfe57,a18115c749b13ab554dc75239523f7a3ea56650fd4f3990ffde2573702cdfe57,IDENTICAL,PLATFORM_SPECIFIC,EXECUTABLE/EXECUTABLE,ESTABLISHED,FIRMWARE_PLATFORM_SPECIFIC_BUT_NPU_ARTIFACT_IDENTICAL
ad_medium_int8,ethos-u65,512,a8b1c9037c2a80e6ff770f0a550777cf744a52850bed6545b2bfc9bacf604c98,Dedicated_Sram,Ethos_U65_High_End,SSE-300,SSE-310,6af7fcec9a9518d706acf4c4705a4ed2aedcfb4ccfcd192da8e449e3244a4659,6af7fcec9a9518d706acf4c4705a4ed2aedcfb4ccfcd192da8e449e3244a4659,IDENTICAL,PLATFORM_SPECIFIC,EXECUTABLE/EXECUTABLE,ESTABLISHED,FIRMWARE_PLATFORM_SPECIFIC_BUT_NPU_ARTIFACT_IDENTICAL
ad_medium_int8,ethos-u65,512,a8b1c9037c2a80e6ff770f0a550777cf744a52850bed6545b2bfc9bacf604c98,Dedicated_Sram,Ethos_U65_High_End,SSE-300,SSE-315,6af7fcec9a9518d706acf4c4705a4ed2aedcfb4ccfcd192da8e449e3244a4659,6af7fcec9a9518d706acf4c4705a4ed2aedcfb4ccfcd192da8e449e3244a4659,IDENTICAL,PLATFORM_SPECIFIC,EXECUTABLE/EXECUTABLE,ESTABLISHED,FIRMWARE_PLATFORM_SPECIFIC_BUT_NPU_ARTIFACT_IDENTICAL
ad_medium_int8,ethos-u65,512,a8b1c9037c2a80e6ff770f0a550777cf744a52850bed6545b2bfc9bacf604c98,Dedicated_Sram,Ethos_U65_High_End,SSE-310,SSE-315,6af7fcec9a9518d706acf4c4705a4ed2aedcfb4ccfcd192da8e449e3244a4659,6af7fcec9a9518d706acf4c4705a4ed2aedcfb4ccfcd192da8e449e3244a4659,IDENTICAL,PLATFORM_SPECIFIC,EXECUTABLE/EXECUTABLE,ESTABLISHED,FIRMWARE_PLATFORM_SPECIFIC_BUT_NPU_ARTIFACT_IDENTICAL
kws_micronet_m,ethos-u55,128,c1feed3af5dac44de7477fb4161670ba18a3fc06039e4a14da41b1c4dd454cb4,Shared_Sram,Ethos_U55_High_End_Embedded,SSE-300,SSE-310,d98a6f40c47fb2ebc88f9ece65db40452220c19e23d014eb8706348215943406,d98a6f40c47fb2ebc88f9ece65db40452220c19e23d014eb8706348215943406,IDENTICAL,PLATFORM_SPECIFIC,EXECUTABLE/EXECUTABLE,ESTABLISHED,FIRMWARE_PLATFORM_SPECIFIC_BUT_NPU_ARTIFACT_IDENTICAL
kws_micronet_m,ethos-u55,256,c1feed3af5dac44de7477fb4161670ba18a3fc06039e4a14da41b1c4dd454cb4,Shared_Sram,Ethos_U55_High_End_Embedded,SSE-300,SSE-310,bfbeaedf0e11e287334519e9347ac74044a7f4b462372c167f5240e755ed02bc,bfbeaedf0e11e287334519e9347ac74044a7f4b462372c167f5240e755ed02bc,IDENTICAL,PLATFORM_SPECIFIC,EXECUTABLE/EXECUTABLE,ESTABLISHED,FIRMWARE_PLATFORM_SPECIFIC_BUT_NPU_ARTIFACT_IDENTICAL
kws_micronet_m,ethos-u55,32,c1feed3af5dac44de7477fb4161670ba18a3fc06039e4a14da41b1c4dd454cb4,Shared_Sram,Ethos_U55_High_End_Embedded,SSE-300,SSE-310,09bf0e8f3fc493b2938887584ffb6fd47936c04b6ce44b674f7cff93d58e783f,09bf0e8f3fc493b2938887584ffb6fd47936c04b6ce44b674f7cff93d58e783f,IDENTICAL,PLATFORM_SPECIFIC,EXECUTABLE/EXECUTABLE,ESTABLISHED,FIRMWARE_PLATFORM_SPECIFIC_BUT_NPU_ARTIFACT_IDENTICAL
kws_micronet_m,ethos-u55,64,c1feed3af5dac44de7477fb4161670ba18a3fc06039e4a14da41b1c4dd454cb4,Shared_Sram,Ethos_U55_High_End_Embedded,SSE-300,SSE-310,80e6eab37ccb675ae7028d2844e6207a7d500d4f43536e4ea9749362c6be57ee,80e6eab37ccb675ae7028d2844e6207a7d500d4f43536e4ea9749362c6be57ee,IDENTICAL,PLATFORM_SPECIFIC,EXECUTABLE/EXECUTABLE,ESTABLISHED,FIRMWARE_PLATFORM_SPECIFIC_BUT_NPU_ARTIFACT_IDENTICAL
kws_micronet_m,ethos-u65,256,c1feed3af5dac44de7477fb4161670ba18a3fc06039e4a14da41b1c4dd454cb4,Dedicated_Sram,Ethos_U65_High_End,SSE-300,SSE-310,8b7930df8bb7ff522beb03199b725cf3a920fe6cf465df13a880d0f87a202d74,8b7930df8bb7ff522beb03199b725cf3a920fe6cf465df13a880d0f87a202d74,IDENTICAL,PLATFORM_SPECIFIC,EXECUTABLE/EXECUTABLE,ESTABLISHED,FIRMWARE_PLATFORM_SPECIFIC_BUT_NPU_ARTIFACT_IDENTICAL
kws_micronet_m,ethos-u65,256,c1feed3af5dac44de7477fb4161670ba18a3fc06039e4a14da41b1c4dd454cb4,Dedicated_Sram,Ethos_U65_High_End,SSE-300,SSE-315,8b7930df8bb7ff522beb03199b725cf3a920fe6cf465df13a880d0f87a202d74,8b7930df8bb7ff522beb03199b725cf3a920fe6cf465df13a880d0f87a202d74,IDENTICAL,PLATFORM_SPECIFIC,EXECUTABLE/EXECUTABLE,ESTABLISHED,FIRMWARE_PLATFORM_SPECIFIC_BUT_NPU_ARTIFACT_IDENTICAL
kws_micronet_m,ethos-u65,256,c1feed3af5dac44de7477fb4161670ba18a3fc06039e4a14da41b1c4dd454cb4,Dedicated_Sram,Ethos_U65_High_End,SSE-310,SSE-315,8b7930df8bb7ff522beb03199b725cf3a920fe6cf465df13a880d0f87a202d74,8b7930df8bb7ff522beb03199b725cf3a920fe6cf465df13a880d0f87a202d74,IDENTICAL,PLATFORM_SPECIFIC,EXECUTABLE/EXECUTABLE,ESTABLISHED,FIRMWARE_PLATFORM_SPECIFIC_BUT_NPU_ARTIFACT_IDENTICAL
kws_micronet_m,ethos-u65,512,c1feed3af5dac44de7477fb4161670ba18a3fc06039e4a14da41b1c4dd454cb4,Dedicated_Sram,Ethos_U65_High_End,SSE-300,SSE-310,7b67b867a8206bdaaf05869c11ff67f1462210055c126dcd13de422633d17216,7b67b867a8206bdaaf05869c11ff67f1462210055c126dcd13de422633d17216,IDENTICAL,PLATFORM_SPECIFIC,EXECUTABLE/EXECUTABLE,ESTABLISHED,FIRMWARE_PLATFORM_SPECIFIC_BUT_NPU_ARTIFACT_IDENTICAL
kws_micronet_m,ethos-u65,512,c1feed3af5dac44de7477fb4161670ba18a3fc06039e4a14da41b1c4dd454cb4,Dedicated_Sram,Ethos_U65_High_End,SSE-300,SSE-315,7b67b867a8206bdaaf05869c11ff67f1462210055c126dcd13de422633d17216,7b67b867a8206bdaaf05869c11ff67f1462210055c126dcd13de422633d17216,IDENTICAL,PLATFORM_SPECIFIC,EXECUTABLE/EXECUTABLE,ESTABLISHED,FIRMWARE_PLATFORM_SPECIFIC_BUT_NPU_ARTIFACT_IDENTICAL
kws_micronet_m,ethos-u65,512,c1feed3af5dac44de7477fb4161670ba18a3fc06039e4a14da41b1c4dd454cb4,Dedicated_Sram,Ethos_U65_High_End,SSE-310,SSE-315,7b67b867a8206bdaaf05869c11ff67f1462210055c126dcd13de422633d17216,7b67b867a8206bdaaf05869c11ff67f1462210055c126dcd13de422633d17216,IDENTICAL,PLATFORM_SPECIFIC,EXECUTABLE/EXECUTABLE,ESTABLISHED,FIRMWARE_PLATFORM_SPECIFIC_BUT_NPU_ARTIFACT_IDENTICAL
mobilenet_v2_1.0_224_INT8,ethos-u55,128,bd8d56b80557a5fca7acf14f61e5339285c02810f7d7afa714b9763fc4b86e95,Shared_Sram,Ethos_U55_High_End_Embedded,SSE-300,SSE-310,621da9778b5d1410af463cecc251fcf49c12eaab24b115a7aa00f54093d808bf,621da9778b5d1410af463cecc251fcf49c12eaab24b115a7aa00f54093d808bf,IDENTICAL,PLATFORM_SPECIFIC,EXECUTABLE/EXECUTABLE,ESTABLISHED,FIRMWARE_PLATFORM_SPECIFIC_BUT_NPU_ARTIFACT_IDENTICAL
mobilenet_v2_1.0_224_INT8,ethos-u55,256,bd8d56b80557a5fca7acf14f61e5339285c02810f7d7afa714b9763fc4b86e95,Shared_Sram,Ethos_U55_High_End_Embedded,SSE-300,SSE-310,43a89ba81b5c0380c826fa90e0260387877e6adb466a1d2da867445ee2b23475,43a89ba81b5c0380c826fa90e0260387877e6adb466a1d2da867445ee2b23475,IDENTICAL,PLATFORM_SPECIFIC,EXECUTABLE/EXECUTABLE,ESTABLISHED,FIRMWARE_PLATFORM_SPECIFIC_BUT_NPU_ARTIFACT_IDENTICAL
mobilenet_v2_1.0_224_INT8,ethos-u55,32,bd8d56b80557a5fca7acf14f61e5339285c02810f7d7afa714b9763fc4b86e95,Shared_Sram,Ethos_U55_High_End_Embedded,SSE-300,SSE-310,11507413d86c7afda68de517b52eff92d62fe996816ff5114092e848563a3048,11507413d86c7afda68de517b52eff92d62fe996816ff5114092e848563a3048,IDENTICAL,PLATFORM_SPECIFIC,EXECUTABLE/EXECUTABLE,ESTABLISHED,FIRMWARE_PLATFORM_SPECIFIC_BUT_NPU_ARTIFACT_IDENTICAL
mobilenet_v2_1.0_224_INT8,ethos-u55,64,bd8d56b80557a5fca7acf14f61e5339285c02810f7d7afa714b9763fc4b86e95,Shared_Sram,Ethos_U55_High_End_Embedded,SSE-300,SSE-310,0caf0bb0c54911071d4fc1e39024d79e1e4d094efc7054d19bede41bf363f782,0caf0bb0c54911071d4fc1e39024d79e1e4d094efc7054d19bede41bf363f782,IDENTICAL,PLATFORM_SPECIFIC,EXECUTABLE/EXECUTABLE,ESTABLISHED,FIRMWARE_PLATFORM_SPECIFIC_BUT_NPU_ARTIFACT_IDENTICAL
mobilenet_v2_1.0_224_INT8,ethos-u65,256,bd8d56b80557a5fca7acf14f61e5339285c02810f7d7afa714b9763fc4b86e95,Dedicated_Sram,Ethos_U65_High_End,SSE-300,SSE-310,fc3e393dd52c29f90521f764329fbf582c303b1c6ea29fd11d14ad1d96f1406e,fc3e393dd52c29f90521f764329fbf582c303b1c6ea29fd11d14ad1d96f1406e,IDENTICAL,PLATFORM_SPECIFIC,EXECUTABLE/EXECUTABLE,ESTABLISHED,FIRMWARE_PLATFORM_SPECIFIC_BUT_NPU_ARTIFACT_IDENTICAL
mobilenet_v2_1.0_224_INT8,ethos-u65,256,bd8d56b80557a5fca7acf14f61e5339285c02810f7d7afa714b9763fc4b86e95,Dedicated_Sram,Ethos_U65_High_End,SSE-300,SSE-315,fc3e393dd52c29f90521f764329fbf582c303b1c6ea29fd11d14ad1d96f1406e,fc3e393dd52c29f90521f764329fbf582c303b1c6ea29fd11d14ad1d96f1406e,IDENTICAL,PLATFORM_SPECIFIC,EXECUTABLE/EXECUTABLE,ESTABLISHED,FIRMWARE_PLATFORM_SPECIFIC_BUT_NPU_ARTIFACT_IDENTICAL
mobilenet_v2_1.0_224_INT8,ethos-u65,256,bd8d56b80557a5fca7acf14f61e5339285c02810f7d7afa714b9763fc4b86e95,Dedicated_Sram,Ethos_U65_High_End,SSE-310,SSE-315,fc3e393dd52c29f90521f764329fbf582c303b1c6ea29fd11d14ad1d96f1406e,fc3e393dd52c29f90521f764329fbf582c303b1c6ea29fd11d14ad1d96f1406e,IDENTICAL,PLATFORM_SPECIFIC,EXECUTABLE/EXECUTABLE,ESTABLISHED,FIRMWARE_PLATFORM_SPECIFIC_BUT_NPU_ARTIFACT_IDENTICAL
mobilenet_v2_1.0_224_INT8,ethos-u65,512,bd8d56b80557a5fca7acf14f61e5339285c02810f7d7afa714b9763fc4b86e95,Dedicated_Sram,Ethos_U65_High_End,SSE-300,SSE-310,7c5599aa2c880e849b60f3fbda9574280c0d81f51ce6e8534857c6d7ce9fc560,7c5599aa2c880e849b60f3fbda9574280c0d81f51ce6e8534857c6d7ce9fc560,IDENTICAL,PLATFORM_SPECIFIC,EXECUTABLE/EXECUTABLE,ESTABLISHED,FIRMWARE_PLATFORM_SPECIFIC_BUT_NPU_ARTIFACT_IDENTICAL
mobilenet_v2_1.0_224_INT8,ethos-u65,512,bd8d56b80557a5fca7acf14f61e5339285c02810f7d7afa714b9763fc4b86e95,Dedicated_Sram,Ethos_U65_High_End,SSE-300,SSE-315,7c5599aa2c880e849b60f3fbda9574280c0d81f51ce6e8534857c6d7ce9fc560,7c5599aa2c880e849b60f3fbda9574280c0d81f51ce6e8534857c6d7ce9fc560,IDENTICAL,PLATFORM_SPECIFIC,EXECUTABLE/EXECUTABLE,ESTABLISHED,FIRMWARE_PLATFORM_SPECIFIC_BUT_NPU_ARTIFACT_IDENTICAL
mobilenet_v2_1.0_224_INT8,ethos-u65,512,bd8d56b80557a5fca7acf14f61e5339285c02810f7d7afa714b9763fc4b86e95,Dedicated_Sram,Ethos_U65_High_End,SSE-310,SSE-315,7c5599aa2c880e849b60f3fbda9574280c0d81f51ce6e8534857c6d7ce9fc560,7c5599aa2c880e849b60f3fbda9574280c0d81f51ce6e8534857c6d7ce9fc560,IDENTICAL,PLATFORM_SPECIFIC,EXECUTABLE/EXECUTABLE,ESTABLISHED,FIRMWARE_PLATFORM_SPECIFIC_BUT_NPU_ARTIFACT_IDENTICAL
rnnoise_INT8,ethos-u55,128,9c582545b7c13af44616c44b654f4fe721aa2585630b0ca173ca3589f6f11c2c,Shared_Sram,Ethos_U55_High_End_Embedded,SSE-300,SSE-310,dc90c7834d575c66e759e294c1e22380d2b3c387cc41ead31b6810c0e714e0f3,dc90c7834d575c66e759e294c1e22380d2b3c387cc41ead31b6810c0e714e0f3,IDENTICAL,PLATFORM_SPECIFIC,EXECUTABLE/EXECUTABLE,ESTABLISHED,FIRMWARE_PLATFORM_SPECIFIC_BUT_NPU_ARTIFACT_IDENTICAL
rnnoise_INT8,ethos-u55,256,9c582545b7c13af44616c44b654f4fe721aa2585630b0ca173ca3589f6f11c2c,Shared_Sram,Ethos_U55_High_End_Embedded,SSE-300,SSE-310,2fdebe4cbda30f7d2b94668673cf70bdf11b6a745f5970285524c6a0593b4221,2fdebe4cbda30f7d2b94668673cf70bdf11b6a745f5970285524c6a0593b4221,IDENTICAL,PLATFORM_SPECIFIC,EXECUTABLE/EXECUTABLE,ESTABLISHED,FIRMWARE_PLATFORM_SPECIFIC_BUT_NPU_ARTIFACT_IDENTICAL
rnnoise_INT8,ethos-u55,32,9c582545b7c13af44616c44b654f4fe721aa2585630b0ca173ca3589f6f11c2c,Shared_Sram,Ethos_U55_High_End_Embedded,SSE-300,SSE-310,7728c11b4b5b33029d10648d85d754895bffe713b93048fd7d2ed4a67f8e7611,7728c11b4b5b33029d10648d85d754895bffe713b93048fd7d2ed4a67f8e7611,IDENTICAL,PLATFORM_SPECIFIC,EXECUTABLE/EXECUTABLE,ESTABLISHED,FIRMWARE_PLATFORM_SPECIFIC_BUT_NPU_ARTIFACT_IDENTICAL
rnnoise_INT8,ethos-u55,64,9c582545b7c13af44616c44b654f4fe721aa2585630b0ca173ca3589f6f11c2c,Shared_Sram,Ethos_U55_High_End_Embedded,SSE-300,SSE-310,f860de6f270569d437147e4842c5068cc4819bd88b347100eda514a8c29edcb3,f860de6f270569d437147e4842c5068cc4819bd88b347100eda514a8c29edcb3,IDENTICAL,PLATFORM_SPECIFIC,EXECUTABLE/EXECUTABLE,ESTABLISHED,FIRMWARE_PLATFORM_SPECIFIC_BUT_NPU_ARTIFACT_IDENTICAL
rnnoise_INT8,ethos-u65,256,9c582545b7c13af44616c44b654f4fe721aa2585630b0ca173ca3589f6f11c2c,Dedicated_Sram,Ethos_U65_High_End,SSE-300,SSE-310,adbda150d7ef0c99ce65f699bb0dbc818fa50b6ea073c0386c472187a3af1b33,adbda150d7ef0c99ce65f699bb0dbc818fa50b6ea073c0386c472187a3af1b33,IDENTICAL,PLATFORM_SPECIFIC,EXECUTABLE/EXECUTABLE,ESTABLISHED,FIRMWARE_PLATFORM_SPECIFIC_BUT_NPU_ARTIFACT_IDENTICAL
rnnoise_INT8,ethos-u65,256,9c582545b7c13af44616c44b654f4fe721aa2585630b0ca173ca3589f6f11c2c,Dedicated_Sram,Ethos_U65_High_End,SSE-300,SSE-315,adbda150d7ef0c99ce65f699bb0dbc818fa50b6ea073c0386c472187a3af1b33,adbda150d7ef0c99ce65f699bb0dbc818fa50b6ea073c0386c472187a3af1b33,IDENTICAL,PLATFORM_SPECIFIC,EXECUTABLE/EXECUTABLE,ESTABLISHED,FIRMWARE_PLATFORM_SPECIFIC_BUT_NPU_ARTIFACT_IDENTICAL
rnnoise_INT8,ethos-u65,256,9c582545b7c13af44616c44b654f4fe721aa2585630b0ca173ca3589f6f11c2c,Dedicated_Sram,Ethos_U65_High_End,SSE-310,SSE-315,adbda150d7ef0c99ce65f699bb0dbc818fa50b6ea073c0386c472187a3af1b33,adbda150d7ef0c99ce65f699bb0dbc818fa50b6ea073c0386c472187a3af1b33,IDENTICAL,PLATFORM_SPECIFIC,EXECUTABLE/EXECUTABLE,ESTABLISHED,FIRMWARE_PLATFORM_SPECIFIC_BUT_NPU_ARTIFACT_IDENTICAL
rnnoise_INT8,ethos-u65,512,9c582545b7c13af44616c44b654f4fe721aa2585630b0ca173ca3589f6f11c2c,Dedicated_Sram,Ethos_U65_High_End,SSE-300,SSE-310,13c2f7daab192e34784b571eb97cea752005b3969cda1135dd637fd73306cbb7,13c2f7daab192e34784b571eb97cea752005b3969cda1135dd637fd73306cbb7,IDENTICAL,PLATFORM_SPECIFIC,EXECUTABLE/EXECUTABLE,ESTABLISHED,FIRMWARE_PLATFORM_SPECIFIC_BUT_NPU_ARTIFACT_IDENTICAL
rnnoise_INT8,ethos-u65,512,9c582545b7c13af44616c44b654f4fe721aa2585630b0ca173ca3589f6f11c2c,Dedicated_Sram,Ethos_U65_High_End,SSE-300,SSE-315,13c2f7daab192e34784b571eb97cea752005b3969cda1135dd637fd73306cbb7,13c2f7daab192e34784b571eb97cea752005b3969cda1135dd637fd73306cbb7,IDENTICAL,PLATFORM_SPECIFIC,EXECUTABLE/EXECUTABLE,ESTABLISHED,FIRMWARE_PLATFORM_SPECIFIC_BUT_NPU_ARTIFACT_IDENTICAL
rnnoise_INT8,ethos-u65,512,9c582545b7c13af44616c44b654f4fe721aa2585630b0ca173ca3589f6f11c2c,Dedicated_Sram,Ethos_U65_High_End,SSE-310,SSE-315,13c2f7daab192e34784b571eb97cea752005b3969cda1135dd637fd73306cbb7,13c2f7daab192e34784b571eb97cea752005b3969cda1135dd637fd73306cbb7,IDENTICAL,PLATFORM_SPECIFIC,EXECUTABLE/EXECUTABLE,ESTABLISHED,FIRMWARE_PLATFORM_SPECIFIC_BUT_NPU_ARTIFACT_IDENTICAL
vww4_128_128_INT8,ethos-u55,128,5e76364e80c45776b735563679d45f611cab7ce7fef2ec4e2db088afe009ccae,Shared_Sram,Ethos_U55_High_End_Embedded,SSE-300,SSE-310,dcbd0bd07fe6b391e4ccab5575b09a0dcbf927d40e4962b4f311451ba5eb7614,dcbd0bd07fe6b391e4ccab5575b09a0dcbf927d40e4962b4f311451ba5eb7614,IDENTICAL,PLATFORM_SPECIFIC,EXECUTABLE/EXECUTABLE,ESTABLISHED,FIRMWARE_PLATFORM_SPECIFIC_BUT_NPU_ARTIFACT_IDENTICAL
vww4_128_128_INT8,ethos-u55,256,5e76364e80c45776b735563679d45f611cab7ce7fef2ec4e2db088afe009ccae,Shared_Sram,Ethos_U55_High_End_Embedded,SSE-300,SSE-310,cdbbf0c42353b604a8ad08c0f7d6b3430addc9121a7a6a144aaac82b7dc7978f,cdbbf0c42353b604a8ad08c0f7d6b3430addc9121a7a6a144aaac82b7dc7978f,IDENTICAL,PLATFORM_SPECIFIC,EXECUTABLE/EXECUTABLE,ESTABLISHED,FIRMWARE_PLATFORM_SPECIFIC_BUT_NPU_ARTIFACT_IDENTICAL
vww4_128_128_INT8,ethos-u55,32,5e76364e80c45776b735563679d45f611cab7ce7fef2ec4e2db088afe009ccae,Shared_Sram,Ethos_U55_High_End_Embedded,SSE-300,SSE-310,588df75259c199fa13333725662efba934704598c3f4e25d43a74016843cc8a6,588df75259c199fa13333725662efba934704598c3f4e25d43a74016843cc8a6,IDENTICAL,PLATFORM_SPECIFIC,EXECUTABLE/EXECUTABLE,ESTABLISHED,FIRMWARE_PLATFORM_SPECIFIC_BUT_NPU_ARTIFACT_IDENTICAL
vww4_128_128_INT8,ethos-u55,64,5e76364e80c45776b735563679d45f611cab7ce7fef2ec4e2db088afe009ccae,Shared_Sram,Ethos_U55_High_End_Embedded,SSE-300,SSE-310,3f5f6f65e297e98862a3979cecb214d9cc576e9a0d13c14bacf4d874410675e6,3f5f6f65e297e98862a3979cecb214d9cc576e9a0d13c14bacf4d874410675e6,IDENTICAL,PLATFORM_SPECIFIC,EXECUTABLE/EXECUTABLE,ESTABLISHED,FIRMWARE_PLATFORM_SPECIFIC_BUT_NPU_ARTIFACT_IDENTICAL
vww4_128_128_INT8,ethos-u65,256,5e76364e80c45776b735563679d45f611cab7ce7fef2ec4e2db088afe009ccae,Dedicated_Sram,Ethos_U65_High_End,SSE-300,SSE-310,bde9a9b568d0f1cb5a2bae1e4cc4ca80776244067200d8d00fdc42d1c0d9c05c,bde9a9b568d0f1cb5a2bae1e4cc4ca80776244067200d8d00fdc42d1c0d9c05c,IDENTICAL,PLATFORM_SPECIFIC,EXECUTABLE/EXECUTABLE,ESTABLISHED,FIRMWARE_PLATFORM_SPECIFIC_BUT_NPU_ARTIFACT_IDENTICAL
vww4_128_128_INT8,ethos-u65,256,5e76364e80c45776b735563679d45f611cab7ce7fef2ec4e2db088afe009ccae,Dedicated_Sram,Ethos_U65_High_End,SSE-300,SSE-315,bde9a9b568d0f1cb5a2bae1e4cc4ca80776244067200d8d00fdc42d1c0d9c05c,bde9a9b568d0f1cb5a2bae1e4cc4ca80776244067200d8d00fdc42d1c0d9c05c,IDENTICAL,PLATFORM_SPECIFIC,EXECUTABLE/EXECUTABLE,ESTABLISHED,FIRMWARE_PLATFORM_SPECIFIC_BUT_NPU_ARTIFACT_IDENTICAL
vww4_128_128_INT8,ethos-u65,256,5e76364e80c45776b735563679d45f611cab7ce7fef2ec4e2db088afe009ccae,Dedicated_Sram,Ethos_U65_High_End,SSE-310,SSE-315,bde9a9b568d0f1cb5a2bae1e4cc4ca80776244067200d8d00fdc42d1c0d9c05c,bde9a9b568d0f1cb5a2bae1e4cc4ca80776244067200d8d00fdc42d1c0d9c05c,IDENTICAL,PLATFORM_SPECIFIC,EXECUTABLE/EXECUTABLE,ESTABLISHED,FIRMWARE_PLATFORM_SPECIFIC_BUT_NPU_ARTIFACT_IDENTICAL
vww4_128_128_INT8,ethos-u65,512,5e76364e80c45776b735563679d45f611cab7ce7fef2ec4e2db088afe009ccae,Dedicated_Sram,Ethos_U65_High_End,SSE-300,SSE-310,7f44e427cb3900bcfbacb0c8202c196cffdce83a2b5511373851bcf402526b7b,7f44e427cb3900bcfbacb0c8202c196cffdce83a2b5511373851bcf402526b7b,IDENTICAL,PLATFORM_SPECIFIC,EXECUTABLE/EXECUTABLE,ESTABLISHED,FIRMWARE_PLATFORM_SPECIFIC_BUT_NPU_ARTIFACT_IDENTICAL
vww4_128_128_INT8,ethos-u65,512,5e76364e80c45776b735563679d45f611cab7ce7fef2ec4e2db088afe009ccae,Dedicated_Sram,Ethos_U65_High_End,SSE-300,SSE-315,7f44e427cb3900bcfbacb0c8202c196cffdce83a2b5511373851bcf402526b7b,7f44e427cb3900bcfbacb0c8202c196cffdce83a2b5511373851bcf402526b7b,IDENTICAL,PLATFORM_SPECIFIC,EXECUTABLE/EXECUTABLE,ESTABLISHED,FIRMWARE_PLATFORM_SPECIFIC_BUT_NPU_ARTIFACT_IDENTICAL
vww4_128_128_INT8,ethos-u65,512,5e76364e80c45776b735563679d45f611cab7ce7fef2ec4e2db088afe009ccae,Dedicated_Sram,Ethos_U65_High_End,SSE-310,SSE-315,7f44e427cb3900bcfbacb0c8202c196cffdce83a2b5511373851bcf402526b7b,7f44e427cb3900bcfbacb0c8202c196cffdce83a2b5511373851bcf402526b7b,IDENTICAL,PLATFORM_SPECIFIC,EXECUTABLE/EXECUTABLE,ESTABLISHED,FIRMWARE_PLATFORM_SPECIFIC_BUT_NPU_ARTIFACT_IDENTICAL
wav2letter_pruned_int8,ethos-u55,128,e0814a0e586f2f2881f7fe96e6bc0b8e4cfecc8d64ced56d8f7ca85b9b7ab257,Shared_Sram,Ethos_U55_High_End_Embedded,SSE-300,SSE-310,10d02ef7a701a4312496fd0391bb1bb5ca1f594a861145662948443c666a39d1,10d02ef7a701a4312496fd0391bb1bb5ca1f594a861145662948443c666a39d1,IDENTICAL,PLATFORM_SPECIFIC,NOT_EXECUTABLE_MEMORY/NOT_EXECUTABLE_MEMORY,NOT_YET_QUALIFIED,FIRMWARE_PLATFORM_SPECIFIC_BUT_NPU_ARTIFACT_IDENTICAL
wav2letter_pruned_int8,ethos-u55,256,e0814a0e586f2f2881f7fe96e6bc0b8e4cfecc8d64ced56d8f7ca85b9b7ab257,Shared_Sram,Ethos_U55_High_End_Embedded,SSE-300,SSE-310,ac0debf0ceaa7d045528fe3dd619e8a26445aa0ef02eb04431294acdc761bda2,ac0debf0ceaa7d045528fe3dd619e8a26445aa0ef02eb04431294acdc761bda2,IDENTICAL,PLATFORM_SPECIFIC,EXECUTABLE/EXECUTABLE,ESTABLISHED,FIRMWARE_PLATFORM_SPECIFIC_BUT_NPU_ARTIFACT_IDENTICAL
wav2letter_pruned_int8,ethos-u55,32,e0814a0e586f2f2881f7fe96e6bc0b8e4cfecc8d64ced56d8f7ca85b9b7ab257,Shared_Sram,Ethos_U55_High_End_Embedded,SSE-300,SSE-310,b195f1da544527e7318d783d915e1a9b42071a35e981c36d8ab65c7896d08ee4,b195f1da544527e7318d783d915e1a9b42071a35e981c36d8ab65c7896d08ee4,IDENTICAL,PLATFORM_SPECIFIC,NOT_EXECUTABLE_MEMORY/NOT_EXECUTABLE_MEMORY,NOT_YET_QUALIFIED,FIRMWARE_PLATFORM_SPECIFIC_BUT_NPU_ARTIFACT_IDENTICAL
wav2letter_pruned_int8,ethos-u55,64,e0814a0e586f2f2881f7fe96e6bc0b8e4cfecc8d64ced56d8f7ca85b9b7ab257,Shared_Sram,Ethos_U55_High_End_Embedded,SSE-300,SSE-310,56aa35e2eee16fe6f345ed333fa96fa509e199c903defa1a1b4c3cf078d9bdbf,56aa35e2eee16fe6f345ed333fa96fa509e199c903defa1a1b4c3cf078d9bdbf,IDENTICAL,PLATFORM_SPECIFIC,NOT_EXECUTABLE_MEMORY/NOT_EXECUTABLE_MEMORY,NOT_YET_QUALIFIED,FIRMWARE_PLATFORM_SPECIFIC_BUT_NPU_ARTIFACT_IDENTICAL
wav2letter_pruned_int8,ethos-u65,256,e0814a0e586f2f2881f7fe96e6bc0b8e4cfecc8d64ced56d8f7ca85b9b7ab257,Dedicated_Sram,Ethos_U65_High_End,SSE-300,SSE-310,9ed66fe10f15b4fcb65b957f526d40cf86e3d9dc14c6be838b7f6c0ac8f246d8,9ed66fe10f15b4fcb65b957f526d40cf86e3d9dc14c6be838b7f6c0ac8f246d8,IDENTICAL,PLATFORM_SPECIFIC,EXECUTABLE/EXECUTABLE,ESTABLISHED,FIRMWARE_PLATFORM_SPECIFIC_BUT_NPU_ARTIFACT_IDENTICAL
wav2letter_pruned_int8,ethos-u65,256,e0814a0e586f2f2881f7fe96e6bc0b8e4cfecc8d64ced56d8f7ca85b9b7ab257,Dedicated_Sram,Ethos_U65_High_End,SSE-300,SSE-315,9ed66fe10f15b4fcb65b957f526d40cf86e3d9dc14c6be838b7f6c0ac8f246d8,9ed66fe10f15b4fcb65b957f526d40cf86e3d9dc14c6be838b7f6c0ac8f246d8,IDENTICAL,PLATFORM_SPECIFIC,EXECUTABLE/EXECUTABLE,ESTABLISHED,FIRMWARE_PLATFORM_SPECIFIC_BUT_NPU_ARTIFACT_IDENTICAL
wav2letter_pruned_int8,ethos-u65,256,e0814a0e586f2f2881f7fe96e6bc0b8e4cfecc8d64ced56d8f7ca85b9b7ab257,Dedicated_Sram,Ethos_U65_High_End,SSE-310,SSE-315,9ed66fe10f15b4fcb65b957f526d40cf86e3d9dc14c6be838b7f6c0ac8f246d8,9ed66fe10f15b4fcb65b957f526d40cf86e3d9dc14c6be838b7f6c0ac8f246d8,IDENTICAL,PLATFORM_SPECIFIC,EXECUTABLE/EXECUTABLE,ESTABLISHED,FIRMWARE_PLATFORM_SPECIFIC_BUT_NPU_ARTIFACT_IDENTICAL
wav2letter_pruned_int8,ethos-u65,512,e0814a0e586f2f2881f7fe96e6bc0b8e4cfecc8d64ced56d8f7ca85b9b7ab257,Dedicated_Sram,Ethos_U65_High_End,SSE-300,SSE-310,f77a6903da014b751929ee1fd1b2d87c79c8e8808fb39ff702ed798db0643398,f77a6903da014b751929ee1fd1b2d87c79c8e8808fb39ff702ed798db0643398,IDENTICAL,PLATFORM_SPECIFIC,EXECUTABLE/EXECUTABLE,ESTABLISHED,FIRMWARE_PLATFORM_SPECIFIC_BUT_NPU_ARTIFACT_IDENTICAL
wav2letter_pruned_int8,ethos-u65,512,e0814a0e586f2f2881f7fe96e6bc0b8e4cfecc8d64ced56d8f7ca85b9b7ab257,Dedicated_Sram,Ethos_U65_High_End,SSE-300,SSE-315,f77a6903da014b751929ee1fd1b2d87c79c8e8808fb39ff702ed798db0643398,f77a6903da014b751929ee1fd1b2d87c79c8e8808fb39ff702ed798db0643398,IDENTICAL,PLATFORM_SPECIFIC,EXECUTABLE/EXECUTABLE,ESTABLISHED,FIRMWARE_PLATFORM_SPECIFIC_BUT_NPU_ARTIFACT_IDENTICAL
wav2letter_pruned_int8,ethos-u65,512,e0814a0e586f2f2881f7fe96e6bc0b8e4cfecc8d64ced56d8f7ca85b9b7ab257,Dedicated_Sram,Ethos_U65_High_End,SSE-310,SSE-315,f77a6903da014b751929ee1fd1b2d87c79c8e8808fb39ff702ed798db0643398,f77a6903da014b751929ee1fd1b2d87c79c8e8808fb39ff702ed798db0643398,IDENTICAL,PLATFORM_SPECIFIC,EXECUTABLE/EXECUTABLE,ESTABLISHED,FIRMWARE_PLATFORM_SPECIFIC_BUT_NPU_ARTIFACT_IDENTICAL
yolo-fastest_192_face_v4,ethos-u55,128,e94bcdb011784bead70ab0c0e9d2dae1a9ea5f103b43e1e6fac3019302cf71ab,Shared_Sram,Ethos_U55_High_End_Embedded,SSE-300,SSE-310,57ac3cb07347c3b409dc7d031c483325590dd5276444fd51c1cad90112cabf1e,57ac3cb07347c3b409dc7d031c483325590dd5276444fd51c1cad90112cabf1e,IDENTICAL,PLATFORM_SPECIFIC,EXECUTABLE/EXECUTABLE,ESTABLISHED,FIRMWARE_PLATFORM_SPECIFIC_BUT_NPU_ARTIFACT_IDENTICAL
yolo-fastest_192_face_v4,ethos-u55,256,e94bcdb011784bead70ab0c0e9d2dae1a9ea5f103b43e1e6fac3019302cf71ab,Shared_Sram,Ethos_U55_High_End_Embedded,SSE-300,SSE-310,9309bab1b6b60e88192f584d60755620381209166eacbc8e64109abe5b12552b,9309bab1b6b60e88192f584d60755620381209166eacbc8e64109abe5b12552b,IDENTICAL,PLATFORM_SPECIFIC,EXECUTABLE/EXECUTABLE,ESTABLISHED,FIRMWARE_PLATFORM_SPECIFIC_BUT_NPU_ARTIFACT_IDENTICAL
yolo-fastest_192_face_v4,ethos-u55,32,e94bcdb011784bead70ab0c0e9d2dae1a9ea5f103b43e1e6fac3019302cf71ab,Shared_Sram,Ethos_U55_High_End_Embedded,SSE-300,SSE-310,9c30cdd344f06d91ed706bdc313a5c565a6dd0e349c3f6ee3d0051184af0290d,9c30cdd344f06d91ed706bdc313a5c565a6dd0e349c3f6ee3d0051184af0290d,IDENTICAL,PLATFORM_SPECIFIC,EXECUTABLE/EXECUTABLE,ESTABLISHED,FIRMWARE_PLATFORM_SPECIFIC_BUT_NPU_ARTIFACT_IDENTICAL
yolo-fastest_192_face_v4,ethos-u55,64,e94bcdb011784bead70ab0c0e9d2dae1a9ea5f103b43e1e6fac3019302cf71ab,Shared_Sram,Ethos_U55_High_End_Embedded,SSE-300,SSE-310,65e39a8602ff8930e26856f3e9c570ed6d6ef66763aef96be32a89a0579688e7,65e39a8602ff8930e26856f3e9c570ed6d6ef66763aef96be32a89a0579688e7,IDENTICAL,PLATFORM_SPECIFIC,EXECUTABLE/EXECUTABLE,ESTABLISHED,FIRMWARE_PLATFORM_SPECIFIC_BUT_NPU_ARTIFACT_IDENTICAL
yolo-fastest_192_face_v4,ethos-u65,256,e94bcdb011784bead70ab0c0e9d2dae1a9ea5f103b43e1e6fac3019302cf71ab,Dedicated_Sram,Ethos_U65_High_End,SSE-300,SSE-310,b8c58e0f7d5c416a117cdd288f2e5191a96a23ee4f7f6947ed0367c4902302d7,b8c58e0f7d5c416a117cdd288f2e5191a96a23ee4f7f6947ed0367c4902302d7,IDENTICAL,PLATFORM_SPECIFIC,EXECUTABLE/EXECUTABLE,ESTABLISHED,FIRMWARE_PLATFORM_SPECIFIC_BUT_NPU_ARTIFACT_IDENTICAL
yolo-fastest_192_face_v4,ethos-u65,256,e94bcdb011784bead70ab0c0e9d2dae1a9ea5f103b43e1e6fac3019302cf71ab,Dedicated_Sram,Ethos_U65_High_End,SSE-300,SSE-315,b8c58e0f7d5c416a117cdd288f2e5191a96a23ee4f7f6947ed0367c4902302d7,b8c58e0f7d5c416a117cdd288f2e5191a96a23ee4f7f6947ed0367c4902302d7,IDENTICAL,PLATFORM_SPECIFIC,EXECUTABLE/EXECUTABLE,ESTABLISHED,FIRMWARE_PLATFORM_SPECIFIC_BUT_NPU_ARTIFACT_IDENTICAL
yolo-fastest_192_face_v4,ethos-u65,256,e94bcdb011784bead70ab0c0e9d2dae1a9ea5f103b43e1e6fac3019302cf71ab,Dedicated_Sram,Ethos_U65_High_End,SSE-310,SSE-315,b8c58e0f7d5c416a117cdd288f2e5191a96a23ee4f7f6947ed0367c4902302d7,b8c58e0f7d5c416a117cdd288f2e5191a96a23ee4f7f6947ed0367c4902302d7,IDENTICAL,PLATFORM_SPECIFIC,EXECUTABLE/EXECUTABLE,ESTABLISHED,FIRMWARE_PLATFORM_SPECIFIC_BUT_NPU_ARTIFACT_IDENTICAL
yolo-fastest_192_face_v4,ethos-u65,512,e94bcdb011784bead70ab0c0e9d2dae1a9ea5f103b43e1e6fac3019302cf71ab,Dedicated_Sram,Ethos_U65_High_End,SSE-300,SSE-310,70f1056de8372871484cd503c536472396595e678b76b5ce45d2b11c46ddbe0a,70f1056de8372871484cd503c536472396595e678b76b5ce45d2b11c46ddbe0a,IDENTICAL,PLATFORM_SPECIFIC,EXECUTABLE/EXECUTABLE,ESTABLISHED,FIRMWARE_PLATFORM_SPECIFIC_BUT_NPU_ARTIFACT_IDENTICAL
yolo-fastest_192_face_v4,ethos-u65,512,e94bcdb011784bead70ab0c0e9d2dae1a9ea5f103b43e1e6fac3019302cf71ab,Dedicated_Sram,Ethos_U65_High_End,SSE-300,SSE-315,70f1056de8372871484cd503c536472396595e678b76b5ce45d2b11c46ddbe0a,70f1056de8372871484cd503c536472396595e678b76b5ce45d2b11c46ddbe0a,IDENTICAL,PLATFORM_SPECIFIC,EXECUTABLE/EXECUTABLE,ESTABLISHED,FIRMWARE_PLATFORM_SPECIFIC_BUT_NPU_ARTIFACT_IDENTICAL
yolo-fastest_192_face_v4,ethos-u65,512,e94bcdb011784bead70ab0c0e9d2dae1a9ea5f103b43e1e6fac3019302cf71ab,Dedicated_Sram,Ethos_U65_High_End,SSE-310,SSE-315,70f1056de8372871484cd503c536472396595e678b76b5ce45d2b11c46ddbe0a,70f1056de8372871484cd503c536472396595e678b76b5ce45d2b11c46ddbe0a,IDENTICAL,PLATFORM_SPECIFIC,EXECUTABLE/EXECUTABLE,ESTABLISHED,FIRMWARE_PLATFORM_SPECIFIC_BUT_NPU_ARTIFACT_IDENTICAL
