platform,npu,workload,mac_prev,mac_next,cycles_prev,cycles_next,cycle_delta,cycle_delta_pct,adjacent_speedup,incremental_efficiency,speedup_vs_base,cumulative_efficiency,system_config_prev,system_config_next,system_config_changed,memory_mode_changed,ta_config_file_changed,ta_parameters_changed,transition_status,legacy_saturation_rule,source
SSE-300,ethos-u55,ad_medium_int8,32,64,3202050,1665050,-1537000,-48.0005,1.923095,0.961548,1.923095,0.961548,Ethos_U55_High_End_Embedded,Ethos_U55_High_End_Embedded,False,False,False,False,IMPROVED,,analysis/canonical_cells.csv
SSE-300,ethos-u55,ad_medium_int8,64,128,1665050,932050,-733000,-44.0227,1.786438,0.893219,3.435492,0.858873,Ethos_U55_High_End_Embedded,Ethos_U55_High_End_Embedded,False,False,False,False,IMPROVED,,analysis/canonical_cells.csv
SSE-300,ethos-u55,ad_medium_int8,128,256,932050,674050,-258000,-27.6809,1.382761,0.69138,4.750464,0.593808,Ethos_U55_High_End_Embedded,Ethos_U55_High_End_Embedded,False,False,False,False,IMPROVED,,analysis/canonical_cells.csv
SSE-300,ethos-u55,kws_micronet_m,32,64,1416050,730050,-686000,-48.4446,1.939662,0.969831,1.939662,0.969831,Ethos_U55_High_End_Embedded,Ethos_U55_High_End_Embedded,False,False,False,False,IMPROVED,,analysis/canonical_cells.csv
SSE-300,ethos-u55,kws_micronet_m,64,128,730050,405050,-325000,-44.5175,1.80237,0.901185,3.495988,0.873997,Ethos_U55_High_End_Embedded,Ethos_U55_High_End_Embedded,False,False,False,False,IMPROVED,,analysis/canonical_cells.csv
SSE-300,ethos-u55,kws_micronet_m,128,256,405050,244050,-161000,-39.7482,1.659701,0.82985,5.802295,0.725287,Ethos_U55_High_End_Embedded,Ethos_U55_High_End_Embedded,False,False,False,False,IMPROVED,,analysis/canonical_cells.csv
SSE-300,ethos-u55,mobilenet_v2_1.0_224_INT8,32,64,22781050,12100050,-10681000,-46.8855,1.882724,0.941362,1.882724,0.941362,Ethos_U55_High_End_Embedded,Ethos_U55_High_End_Embedded,False,False,False,False,IMPROVED,,analysis/canonical_cells.csv
SSE-300,ethos-u55,mobilenet_v2_1.0_224_INT8,64,128,12100050,7365050,-4735000,-39.1321,1.642901,0.821451,3.093129,0.773282,Ethos_U55_High_End_Embedded,Ethos_U55_High_End_Embedded,False,False,False,False,IMPROVED,,analysis/canonical_cells.csv
SSE-300,ethos-u55,mobilenet_v2_1.0_224_INT8,128,256,7365050,5474050,-1891000,-25.6753,1.345448,0.672724,4.161644,0.520206,Ethos_U55_High_End_Embedded,Ethos_U55_High_End_Embedded,False,False,False,False,IMPROVED,,analysis/canonical_cells.csv
SSE-300,ethos-u55,rnnoise_INT8,32,64,112059,109059,-3000,-2.6772,1.027508,0.513754,1.027508,0.513754,Ethos_U55_High_End_Embedded,Ethos_U55_High_End_Embedded,False,False,False,False,IMPROVED,,analysis/canonical_cells.csv
SSE-300,ethos-u55,rnnoise_INT8,64,128,109059,106059,-3000,-2.7508,1.028286,0.514143,1.056572,0.264143,Ethos_U55_High_End_Embedded,Ethos_U55_High_End_Embedded,False,False,False,False,IMPROVED,,analysis/canonical_cells.csv
SSE-300,ethos-u55,rnnoise_INT8,128,256,106059,105059,-1000,-0.9429,1.009518,0.504759,1.066629,0.133329,Ethos_U55_High_End_Embedded,Ethos_U55_High_End_Embedded,False,False,False,False,IMPROVED,,analysis/canonical_cells.csv
SSE-300,ethos-u55,vww4_128_128_INT8,32,64,2294050,1222050,-1072000,-46.7296,1.877215,0.938607,1.877215,0.938607,Ethos_U55_High_End_Embedded,Ethos_U55_High_End_Embedded,False,False,False,False,IMPROVED,,analysis/canonical_cells.csv
SSE-300,ethos-u55,vww4_128_128_INT8,64,128,1222050,737050,-485000,-39.6874,1.658029,0.829014,3.112475,0.778119,Ethos_U55_High_End_Embedded,Ethos_U55_High_End_Embedded,False,False,False,False,IMPROVED,,analysis/canonical_cells.csv
SSE-300,ethos-u55,vww4_128_128_INT8,128,256,737050,577050,-160000,-21.7082,1.277272,0.638636,3.975479,0.496935,Ethos_U55_High_End_Embedded,Ethos_U55_High_End_Embedded,False,False,False,False,IMPROVED,,analysis/canonical_cells.csv
SSE-300,ethos-u55,wav2letter_pruned_int8,32,64,,,,,,,,,Ethos_U55_High_End_Embedded,Ethos_U55_High_End_Embedded,False,False,False,False,NOT_AVAILABLE,,analysis/canonical_cells.csv
SSE-300,ethos-u55,wav2letter_pruned_int8,64,128,,,,,,,,,Ethos_U55_High_End_Embedded,Ethos_U55_High_End_Embedded,False,False,False,False,NOT_AVAILABLE,,analysis/canonical_cells.csv
SSE-300,ethos-u55,wav2letter_pruned_int8,128,256,,,,,,,,,Ethos_U55_High_End_Embedded,Ethos_U55_High_End_Embedded,False,False,False,False,NOT_AVAILABLE,,analysis/canonical_cells.csv
SSE-300,ethos-u55,yolo-fastest_192_face_v4,32,64,7188053,3680053,-3508000,-48.8032,1.953247,0.976624,1.953247,0.976624,Ethos_U55_High_End_Embedded,Ethos_U55_High_End_Embedded,False,False,False,False,IMPROVED,,analysis/canonical_cells.csv
SSE-300,ethos-u55,yolo-fastest_192_face_v4,64,128,3680053,1993053,-1687000,-45.8417,1.84644,0.92322,3.606554,0.901638,Ethos_U55_High_End_Embedded,Ethos_U55_High_End_Embedded,False,False,False,False,IMPROVED,,analysis/canonical_cells.csv
SSE-300,ethos-u55,yolo-fastest_192_face_v4,128,256,1993053,1334053,-659000,-33.0649,1.493983,0.746992,5.388132,0.673516,Ethos_U55_High_End_Embedded,Ethos_U55_High_End_Embedded,False,False,False,False,IMPROVED,,analysis/canonical_cells.csv
SSE-300,ethos-u65,ad_medium_int8,256,512,471068,301068,-170000,-36.0882,1.564656,0.782328,1.564656,0.782328,Ethos_U65_High_End,Ethos_U65_High_End,False,False,False,False,IMPROVED,,analysis/canonical_cells.csv
SSE-300,ethos-u65,kws_micronet_m,256,512,217068,130068,-87000,-40.0796,1.668881,0.83444,1.668881,0.83444,Ethos_U65_High_End,Ethos_U65_High_End,False,False,False,False,IMPROVED,,analysis/canonical_cells.csv
SSE-300,ethos-u65,mobilenet_v2_1.0_224_INT8,256,512,3730068,2424068,-1306000,-35.0128,1.538764,0.769382,1.538764,0.769382,Ethos_U65_High_End,Ethos_U65_High_End,False,False,False,False,IMPROVED,,analysis/canonical_cells.csv
SSE-300,ethos-u65,rnnoise_INT8,256,512,65086,50086,-15000,-23.0464,1.299485,0.649742,1.299485,0.649742,Ethos_U65_High_End,Ethos_U65_High_End,False,False,False,False,IMPROVED,,analysis/canonical_cells.csv
SSE-300,ethos-u65,vww4_128_128_INT8,256,512,417068,283068,-134000,-32.1291,1.473384,0.736692,1.473384,0.736692,Ethos_U65_High_End,Ethos_U65_High_End,False,False,False,False,IMPROVED,,analysis/canonical_cells.csv
SSE-300,ethos-u65,wav2letter_pruned_int8,256,512,16341068,9839068,-6502000,-39.7893,1.660835,0.830417,1.660835,0.830417,Ethos_U65_High_End,Ethos_U65_High_End,False,False,False,False,IMPROVED,,analysis/canonical_cells.csv
SSE-300,ethos-u65,yolo-fastest_192_face_v4,256,512,1119074,747074,-372000,-33.2418,1.497943,0.748971,1.497943,0.748971,Ethos_U65_High_End,Ethos_U65_High_End,False,False,False,False,IMPROVED,,analysis/canonical_cells.csv
SSE-320,ethos-u85,ad_medium_int8,128,256,731068,377068,-354000,-48.4223,1.938823,0.969411,1.938823,0.969411,Ethos_U85_SYS_DRAM_Low,Ethos_U85_SYS_DRAM_Low,False,False,False,False,IMPROVED,,analysis/canonical_cells.csv
SSE-320,ethos-u85,ad_medium_int8,256,512,377068,235068,-142000,-37.659,1.604081,0.80204,3.110028,0.777507,Ethos_U85_SYS_DRAM_Low,Ethos_U85_SYS_DRAM_Mid_512,True,False,True,True,IMPROVED,,analysis/canonical_cells.csv
SSE-320,ethos-u85,ad_medium_int8,512,1024,235068,141068,-94000,-39.9884,1.666345,0.833173,5.18238,0.647798,Ethos_U85_SYS_DRAM_Mid_512,Ethos_U85_SYS_DRAM_Mid_1024,True,False,False,False,IMPROVED,,analysis/canonical_cells.csv
SSE-320,ethos-u85,ad_medium_int8,1024,2048,141068,110068,-31000,-21.9752,1.281644,0.640822,6.641967,0.415123,Ethos_U85_SYS_DRAM_Mid_1024,Ethos_U85_SYS_DRAM_High_2048,True,False,True,False,IMPROVED,,analysis/canonical_cells.csv
SSE-320,ethos-u85,kws_micronet_m,128,256,369068,199068,-170000,-46.062,1.85398,0.92699,1.85398,0.92699,Ethos_U85_SYS_DRAM_Low,Ethos_U85_SYS_DRAM_Low,False,False,False,False,IMPROVED,,analysis/canonical_cells.csv
SSE-320,ethos-u85,kws_micronet_m,256,512,199068,114068,-85000,-42.699,1.74517,0.872585,3.235509,0.808877,Ethos_U85_SYS_DRAM_Low,Ethos_U85_SYS_DRAM_Mid_512,True,False,True,True,IMPROVED,,analysis/canonical_cells.csv
SSE-320,ethos-u85,kws_micronet_m,512,1024,114068,90068,-24000,-21.0401,1.266465,0.633233,4.09766,0.512207,Ethos_U85_SYS_DRAM_Mid_512,Ethos_U85_SYS_DRAM_Mid_1024,True,False,False,False,IMPROVED,,analysis/canonical_cells.csv
SSE-320,ethos-u85,kws_micronet_m,1024,2048,90068,67068,-23000,-25.5363,1.342936,0.671468,5.502893,0.343931,Ethos_U85_SYS_DRAM_Mid_1024,Ethos_U85_SYS_DRAM_High_2048,True,False,True,False,IMPROVED,,analysis/canonical_cells.csv
SSE-320,ethos-u85,mobilenet_v2_1.0_224_INT8,128,256,5079068,2874068,-2205000,-43.4135,1.767205,0.883603,1.767205,0.883603,Ethos_U85_SYS_DRAM_Low,Ethos_U85_SYS_DRAM_Low,False,False,False,False,IMPROVED,,analysis/canonical_cells.csv
SSE-320,ethos-u85,mobilenet_v2_1.0_224_INT8,256,512,2874068,1914068,-960000,-33.4021,1.50155,0.750775,2.653546,0.663387,Ethos_U85_SYS_DRAM_Low,Ethos_U85_SYS_DRAM_Mid_512,True,False,True,True,IMPROVED,,analysis/canonical_cells.csv
SSE-320,ethos-u85,mobilenet_v2_1.0_224_INT8,512,1024,1914068,1406068,-508000,-26.5403,1.361291,0.680646,3.612249,0.451531,Ethos_U85_SYS_DRAM_Mid_512,Ethos_U85_SYS_DRAM_Mid_1024,True,False,False,False,IMPROVED,,analysis/canonical_cells.csv
SSE-320,ethos-u85,mobilenet_v2_1.0_224_INT8,1024,2048,1406068,1067068,-339000,-24.1098,1.317693,0.658846,4.759835,0.29749,Ethos_U85_SYS_DRAM_Mid_1024,Ethos_U85_SYS_DRAM_High_2048,True,False,True,False,IMPROVED,,analysis/canonical_cells.csv
SSE-320,ethos-u85,rnnoise_INT8,128,256,36086,36086,0,0.0,1.0,0.5,1.0,0.5,Ethos_U85_SYS_DRAM_Low,Ethos_U85_SYS_DRAM_Low,False,False,False,False,PLATEAU,,analysis/canonical_cells.csv
SSE-320,ethos-u85,rnnoise_INT8,256,512,36086,55086,19000,52.652,0.655085,0.327542,0.655085,0.163771,Ethos_U85_SYS_DRAM_Low,Ethos_U85_SYS_DRAM_Mid_512,True,False,True,True,REVERSED,TRIGGERED,analysis/canonical_cells.csv
SSE-320,ethos-u85,rnnoise_INT8,512,1024,55086,49086,-6000,-10.8921,1.122234,0.561117,0.735159,0.091895,Ethos_U85_SYS_DRAM_Mid_512,Ethos_U85_SYS_DRAM_Mid_1024,True,False,False,False,IMPROVED,,analysis/canonical_cells.csv
SSE-320,ethos-u85,rnnoise_INT8,1024,2048,49086,54086,5000,10.1862,0.907555,0.453777,0.667197,0.0417,Ethos_U85_SYS_DRAM_Mid_1024,Ethos_U85_SYS_DRAM_High_2048,True,False,True,False,REVERSED,TRIGGERED,analysis/canonical_cells.csv
SSE-320,ethos-u85,vww4_128_128_INT8,128,256,511068,287068,-224000,-43.8298,1.780303,0.890151,1.780303,0.890151,Ethos_U85_SYS_DRAM_Low,Ethos_U85_SYS_DRAM_Low,False,False,False,False,IMPROVED,,analysis/canonical_cells.csv
SSE-320,ethos-u85,vww4_128_128_INT8,256,512,287068,259068,-28000,-9.7538,1.10808,0.55404,1.972718,0.493179,Ethos_U85_SYS_DRAM_Low,Ethos_U85_SYS_DRAM_Mid_512,True,False,True,True,IMPROVED,,analysis/canonical_cells.csv
SSE-320,ethos-u85,vww4_128_128_INT8,512,1024,259068,230068,-29000,-11.194,1.12605,0.563025,2.221378,0.277672,Ethos_U85_SYS_DRAM_Mid_512,Ethos_U85_SYS_DRAM_Mid_1024,True,False,False,False,IMPROVED,,analysis/canonical_cells.csv
SSE-320,ethos-u85,vww4_128_128_INT8,1024,2048,230068,214068,-16000,-6.9545,1.074743,0.537371,2.38741,0.149213,Ethos_U85_SYS_DRAM_Mid_1024,Ethos_U85_SYS_DRAM_High_2048,True,False,True,False,IMPROVED,,analysis/canonical_cells.csv
SSE-320,ethos-u85,wav2letter_pruned_int8,128,256,28674068,15147068,-13527000,-47.175,1.893044,0.946522,1.893044,0.946522,Ethos_U85_SYS_DRAM_Low,Ethos_U85_SYS_DRAM_Low,False,False,False,False,IMPROVED,,analysis/canonical_cells.csv
SSE-320,ethos-u85,wav2letter_pruned_int8,256,512,15147068,7654068,-7493000,-49.4683,1.978957,0.989478,3.746252,0.936563,Ethos_U85_SYS_DRAM_Low,Ethos_U85_SYS_DRAM_Mid_512,True,False,True,True,IMPROVED,,analysis/canonical_cells.csv
SSE-320,ethos-u85,wav2letter_pruned_int8,512,1024,7654068,4115068,-3539000,-46.2369,1.86001,0.930005,6.968067,0.871008,Ethos_U85_SYS_DRAM_Mid_512,Ethos_U85_SYS_DRAM_Mid_1024,True,False,False,False,IMPROVED,,analysis/canonical_cells.csv
SSE-320,ethos-u85,wav2letter_pruned_int8,1024,2048,4115068,2624068,-1491000,-36.2327,1.568202,0.784101,10.927334,0.682958,Ethos_U85_SYS_DRAM_Mid_1024,Ethos_U85_SYS_DRAM_High_2048,True,False,True,False,IMPROVED,,analysis/canonical_cells.csv
SSE-320,ethos-u85,yolo-fastest_192_face_v4,128,256,1527074,812074,-715000,-46.8216,1.880462,0.940231,1.880462,0.940231,Ethos_U85_SYS_DRAM_Low,Ethos_U85_SYS_DRAM_Low,False,False,False,False,IMPROVED,,analysis/canonical_cells.csv
SSE-320,ethos-u85,yolo-fastest_192_face_v4,256,512,812074,587074,-225000,-27.7068,1.383257,0.691628,2.601161,0.65029,Ethos_U85_SYS_DRAM_Low,Ethos_U85_SYS_DRAM_Mid_512,True,False,True,True,IMPROVED,,analysis/canonical_cells.csv
SSE-320,ethos-u85,yolo-fastest_192_face_v4,512,1024,587074,439074,-148000,-25.2098,1.337073,0.668537,3.477942,0.434743,Ethos_U85_SYS_DRAM_Mid_512,Ethos_U85_SYS_DRAM_Mid_1024,True,False,False,False,IMPROVED,,analysis/canonical_cells.csv
SSE-320,ethos-u85,yolo-fastest_192_face_v4,1024,2048,439074,355074,-84000,-19.1312,1.23657,0.618285,4.30072,0.268795,Ethos_U85_SYS_DRAM_Mid_1024,Ethos_U85_SYS_DRAM_High_2048,True,False,True,False,IMPROVED,,analysis/canonical_cells.csv
