ev_type,name,in_trm110,verdict,values,tier,where,how,boot,app_sha256,captured_at_utc,authorization
0,no_event,True,NOT_OBSERVED,"[None, None, None]",B-count,FTDI-00FT46259002B / FI101-r1p0 (109762 v0100) / PMEVCNTR[slot],"EVENTS mode: PMEVTYPER=id, PMCNTENSET, run apU85Conv_TEST, read PMEVCNTR after disable; 3 repeats",boot5,86a10317adccef02e90c447f1650b27944ce37ef8d13ef841dede8fecead7084,2026-09-23T06:46:58.608684+00:00,owner-verbal-2026-09-23
17,cycle,True,NOT_OBSERVED,"[None, None, None]",B-count,FTDI-00FT46259002B / FI101-r1p0 (109762 v0100) / PMEVCNTR[slot],"EVENTS mode: PMEVTYPER=id, PMCNTENSET, run apU85Conv_TEST, read PMEVCNTR after disable; 3 repeats",boot5,86a10317adccef02e90c447f1650b27944ce37ef8d13ef841dede8fecead7084,2026-09-23T06:46:58.608684+00:00,owner-verbal-2026-09-23
32,npu_idle,True,NOT_OBSERVED,"[None, None, None]",B-count,FTDI-00FT46259002B / FI101-r1p0 (109762 v0100) / PMEVCNTR[slot],"EVENTS mode: PMEVTYPER=id, PMCNTENSET, run apU85Conv_TEST, read PMEVCNTR after disable; 3 repeats",boot5,86a10317adccef02e90c447f1650b27944ce37ef8d13ef841dede8fecead7084,2026-09-23T06:46:58.608684+00:00,owner-verbal-2026-09-23
33,cc_stalled_on_blockdep,False,NOT_OBSERVED,"[None, None, None]",B-count,FTDI-00FT46259002B / FI101-r1p0 (109762 v0100) / PMEVCNTR[slot],"EVENTS mode: PMEVTYPER=id, PMCNTENSET, run apU85Conv_TEST, read PMEVCNTR after disable; 3 repeats",boot5,86a10317adccef02e90c447f1650b27944ce37ef8d13ef841dede8fecead7084,2026-09-23T06:46:58.608684+00:00,owner-verbal-2026-09-23
35,npu_active,True,NOT_OBSERVED,"[None, None, None]",B-count,FTDI-00FT46259002B / FI101-r1p0 (109762 v0100) / PMEVCNTR[slot],"EVENTS mode: PMEVTYPER=id, PMCNTENSET, run apU85Conv_TEST, read PMEVCNTR after disable; 3 repeats",boot5,86a10317adccef02e90c447f1650b27944ce37ef8d13ef841dede8fecead7084,2026-09-23T06:46:58.608684+00:00,owner-verbal-2026-09-23
48,mac_active,True,NOT_OBSERVED,"[None, None, None]",B-count,FTDI-00FT46259002B / FI101-r1p0 (109762 v0100) / PMEVCNTR[slot],"EVENTS mode: PMEVTYPER=id, PMCNTENSET, run apU85Conv_TEST, read PMEVCNTR after disable; 3 repeats",boot5,86a10317adccef02e90c447f1650b27944ce37ef8d13ef841dede8fecead7084,2026-09-23T06:46:58.608684+00:00,owner-verbal-2026-09-23
51,mac_dpu_active,True,NOT_OBSERVED,"[None, None, None]",B-count,FTDI-00FT46259002B / FI101-r1p0 (109762 v0100) / PMEVCNTR[slot],"EVENTS mode: PMEVTYPER=id, PMCNTENSET, run apU85Conv_TEST, read PMEVCNTR after disable; 3 repeats",boot5,86a10317adccef02e90c447f1650b27944ce37ef8d13ef841dede8fecead7084,2026-09-23T06:46:58.608684+00:00,owner-verbal-2026-09-23
52,mac_stalled_by_w_or_acc,False,NOT_OBSERVED,"[None, None, None]",B-count,FTDI-00FT46259002B / FI101-r1p0 (109762 v0100) / PMEVCNTR[slot],"EVENTS mode: PMEVTYPER=id, PMCNTENSET, run apU85Conv_TEST, read PMEVCNTR after disable; 3 repeats",boot5,86a10317adccef02e90c447f1650b27944ce37ef8d13ef841dede8fecead7084,2026-09-23T06:46:58.608684+00:00,owner-verbal-2026-09-23
53,mac_stalled_by_w,False,NOT_OBSERVED,"[None, None, None]",B-count,FTDI-00FT46259002B / FI101-r1p0 (109762 v0100) / PMEVCNTR[slot],"EVENTS mode: PMEVTYPER=id, PMCNTENSET, run apU85Conv_TEST, read PMEVCNTR after disable; 3 repeats",boot5,86a10317adccef02e90c447f1650b27944ce37ef8d13ef841dede8fecead7084,2026-09-23T06:46:58.608684+00:00,owner-verbal-2026-09-23
54,mac_stalled_by_acc,False,NOT_OBSERVED,"[None, None, None]",B-count,FTDI-00FT46259002B / FI101-r1p0 (109762 v0100) / PMEVCNTR[slot],"EVENTS mode: PMEVTYPER=id, PMCNTENSET, run apU85Conv_TEST, read PMEVCNTR after disable; 3 repeats",boot5,86a10317adccef02e90c447f1650b27944ce37ef8d13ef841dede8fecead7084,2026-09-23T06:46:58.608684+00:00,owner-verbal-2026-09-23
55,mac_stalled_by_ib,False,NOT_OBSERVED,"[None, None, None]",B-count,FTDI-00FT46259002B / FI101-r1p0 (109762 v0100) / PMEVCNTR[slot],"EVENTS mode: PMEVTYPER=id, PMCNTENSET, run apU85Conv_TEST, read PMEVCNTR after disable; 3 repeats",boot5,86a10317adccef02e90c447f1650b27944ce37ef8d13ef841dede8fecead7084,2026-09-23T06:46:58.608684+00:00,owner-verbal-2026-09-23
64,ao_active,True,NOT_OBSERVED,"[None, None, None]",B-count,FTDI-00FT46259002B / FI101-r1p0 (109762 v0100) / PMEVCNTR[slot],"EVENTS mode: PMEVTYPER=id, PMCNTENSET, run apU85Conv_TEST, read PMEVCNTR after disable; 3 repeats",boot5,86a10317adccef02e90c447f1650b27944ce37ef8d13ef841dede8fecead7084,2026-09-23T06:46:58.608684+00:00,owner-verbal-2026-09-23
67,ao_stalled_by_bs_or_ob,False,NOT_OBSERVED,"[None, None, None]",B-count,FTDI-00FT46259002B / FI101-r1p0 (109762 v0100) / PMEVCNTR[slot],"EVENTS mode: PMEVTYPER=id, PMCNTENSET, run apU85Conv_TEST, read PMEVCNTR after disable; 3 repeats",boot5,86a10317adccef02e90c447f1650b27944ce37ef8d13ef841dede8fecead7084,2026-09-23T06:46:58.608684+00:00,owner-verbal-2026-09-23
68,ao_stalled_by_bs,False,NOT_OBSERVED,"[None, None, None]",B-count,FTDI-00FT46259002B / FI101-r1p0 (109762 v0100) / PMEVCNTR[slot],"EVENTS mode: PMEVTYPER=id, PMCNTENSET, run apU85Conv_TEST, read PMEVCNTR after disable; 3 repeats",boot5,86a10317adccef02e90c447f1650b27944ce37ef8d13ef841dede8fecead7084,2026-09-23T06:46:58.608684+00:00,owner-verbal-2026-09-23
69,ao_stalled_by_ob,False,NOT_OBSERVED,"[None, None, None]",B-count,FTDI-00FT46259002B / FI101-r1p0 (109762 v0100) / PMEVCNTR[slot],"EVENTS mode: PMEVTYPER=id, PMCNTENSET, run apU85Conv_TEST, read PMEVCNTR after disable; 3 repeats",boot5,86a10317adccef02e90c447f1650b27944ce37ef8d13ef841dede8fecead7084,2026-09-23T06:46:58.608684+00:00,owner-verbal-2026-09-23
70,ao_stalled_by_ab_or_cb,False,NOT_OBSERVED,"[None, None, None]",B-count,FTDI-00FT46259002B / FI101-r1p0 (109762 v0100) / PMEVCNTR[slot],"EVENTS mode: PMEVTYPER=id, PMCNTENSET, run apU85Conv_TEST, read PMEVCNTR after disable; 3 repeats",boot5,86a10317adccef02e90c447f1650b27944ce37ef8d13ef841dede8fecead7084,2026-09-23T06:46:58.608684+00:00,owner-verbal-2026-09-23
71,ao_stalled_by_ab,False,NOT_OBSERVED,"[None, None, None]",B-count,FTDI-00FT46259002B / FI101-r1p0 (109762 v0100) / PMEVCNTR[slot],"EVENTS mode: PMEVTYPER=id, PMCNTENSET, run apU85Conv_TEST, read PMEVCNTR after disable; 3 repeats",boot5,86a10317adccef02e90c447f1650b27944ce37ef8d13ef841dede8fecead7084,2026-09-23T06:46:58.608684+00:00,owner-verbal-2026-09-23
72,ao_stalled_by_cb,False,NOT_OBSERVED,"[None, None, None]",B-count,FTDI-00FT46259002B / FI101-r1p0 (109762 v0100) / PMEVCNTR[slot],"EVENTS mode: PMEVTYPER=id, PMCNTENSET, run apU85Conv_TEST, read PMEVCNTR after disable; 3 repeats",boot5,86a10317adccef02e90c447f1650b27944ce37ef8d13ef841dede8fecead7084,2026-09-23T06:46:58.608684+00:00,owner-verbal-2026-09-23
80,wd_active,True,NOT_OBSERVED,"[None, None, None]",B-count,FTDI-00FT46259002B / FI101-r1p0 (109762 v0100) / PMEVCNTR[slot],"EVENTS mode: PMEVTYPER=id, PMCNTENSET, run apU85Conv_TEST, read PMEVCNTR after disable; 3 repeats",boot5,86a10317adccef02e90c447f1650b27944ce37ef8d13ef841dede8fecead7084,2026-09-23T06:46:58.608684+00:00,owner-verbal-2026-09-23
81,wd_stalled,True,NOT_OBSERVED,"[None, None, None]",B-count,FTDI-00FT46259002B / FI101-r1p0 (109762 v0100) / PMEVCNTR[slot],"EVENTS mode: PMEVTYPER=id, PMCNTENSET, run apU85Conv_TEST, read PMEVCNTR after disable; 3 repeats",boot5,86a10317adccef02e90c447f1650b27944ce37ef8d13ef841dede8fecead7084,2026-09-23T06:46:58.608684+00:00,owner-verbal-2026-09-23
83,wd_stalled_by_wd_buf,False,NOT_OBSERVED,"[None, None, None]",B-count,FTDI-00FT46259002B / FI101-r1p0 (109762 v0100) / PMEVCNTR[slot],"EVENTS mode: PMEVTYPER=id, PMCNTENSET, run apU85Conv_TEST, read PMEVCNTR after disable; 3 repeats",boot5,86a10317adccef02e90c447f1650b27944ce37ef8d13ef841dede8fecead7084,2026-09-23T06:46:58.608684+00:00,owner-verbal-2026-09-23
84,wd_stalled_by_ws_fc,False,NOT_OBSERVED,"[None, None, None]",B-count,FTDI-00FT46259002B / FI101-r1p0 (109762 v0100) / PMEVCNTR[slot],"EVENTS mode: PMEVTYPER=id, PMCNTENSET, run apU85Conv_TEST, read PMEVCNTR after disable; 3 repeats",boot5,86a10317adccef02e90c447f1650b27944ce37ef8d13ef841dede8fecead7084,2026-09-23T06:46:58.608684+00:00,owner-verbal-2026-09-23
85,wd_stalled_by_ws_tc,False,NOT_OBSERVED,"[None, None, None]",B-count,FTDI-00FT46259002B / FI101-r1p0 (109762 v0100) / PMEVCNTR[slot],"EVENTS mode: PMEVTYPER=id, PMCNTENSET, run apU85Conv_TEST, read PMEVCNTR after disable; 3 repeats",boot5,86a10317adccef02e90c447f1650b27944ce37ef8d13ef841dede8fecead7084,2026-09-23T06:46:58.608684+00:00,owner-verbal-2026-09-23
89,wd_trans_wblk,False,NOT_OBSERVED,"[None, None, None]",B-count,FTDI-00FT46259002B / FI101-r1p0 (109762 v0100) / PMEVCNTR[slot],"EVENTS mode: PMEVTYPER=id, PMCNTENSET, run apU85Conv_TEST, read PMEVCNTR after disable; 3 repeats",boot5,86a10317adccef02e90c447f1650b27944ce37ef8d13ef841dede8fecead7084,2026-09-23T06:46:58.608684+00:00,owner-verbal-2026-09-23
90,wd_trans_ws_fc,False,NOT_OBSERVED,"[None, None, None]",B-count,FTDI-00FT46259002B / FI101-r1p0 (109762 v0100) / PMEVCNTR[slot],"EVENTS mode: PMEVTYPER=id, PMCNTENSET, run apU85Conv_TEST, read PMEVCNTR after disable; 3 repeats",boot5,86a10317adccef02e90c447f1650b27944ce37ef8d13ef841dede8fecead7084,2026-09-23T06:46:58.608684+00:00,owner-verbal-2026-09-23
91,wd_trans_ws_tc,False,NOT_OBSERVED,"[None, None, None]",B-count,FTDI-00FT46259002B / FI101-r1p0 (109762 v0100) / PMEVCNTR[slot],"EVENTS mode: PMEVTYPER=id, PMCNTENSET, run apU85Conv_TEST, read PMEVCNTR after disable; 3 repeats",boot5,86a10317adccef02e90c447f1650b27944ce37ef8d13ef841dede8fecead7084,2026-09-23T06:46:58.608684+00:00,owner-verbal-2026-09-23
96,wd_stalled_by_ws_sc0,False,NOT_OBSERVED,"[None, None, None]",B-count,FTDI-00FT46259002B / FI101-r1p0 (109762 v0100) / PMEVCNTR[slot],"EVENTS mode: PMEVTYPER=id, PMCNTENSET, run apU85Conv_TEST, read PMEVCNTR after disable; 3 repeats",boot5,86a10317adccef02e90c447f1650b27944ce37ef8d13ef841dede8fecead7084,2026-09-23T06:46:58.608684+00:00,owner-verbal-2026-09-23
97,wd_stalled_by_ws_sc1,False,NOT_OBSERVED,"[None, None, None]",B-count,FTDI-00FT46259002B / FI101-r1p0 (109762 v0100) / PMEVCNTR[slot],"EVENTS mode: PMEVTYPER=id, PMCNTENSET, run apU85Conv_TEST, read PMEVCNTR after disable; 3 repeats",boot5,86a10317adccef02e90c447f1650b27944ce37ef8d13ef841dede8fecead7084,2026-09-23T06:46:58.608684+00:00,owner-verbal-2026-09-23
98,wd_stalled_by_ws_sc2,False,NOT_OBSERVED,"[None, None, None]",B-count,FTDI-00FT46259002B / FI101-r1p0 (109762 v0100) / PMEVCNTR[slot],"EVENTS mode: PMEVTYPER=id, PMCNTENSET, run apU85Conv_TEST, read PMEVCNTR after disable; 3 repeats",boot5,86a10317adccef02e90c447f1650b27944ce37ef8d13ef841dede8fecead7084,2026-09-23T06:46:58.608684+00:00,owner-verbal-2026-09-23
99,wd_stalled_by_ws_sc3,False,NOT_OBSERVED,"[None, None, None]",B-count,FTDI-00FT46259002B / FI101-r1p0 (109762 v0100) / PMEVCNTR[slot],"EVENTS mode: PMEVTYPER=id, PMCNTENSET, run apU85Conv_TEST, read PMEVCNTR after disable; 3 repeats",boot5,86a10317adccef02e90c447f1650b27944ce37ef8d13ef841dede8fecead7084,2026-09-23T06:46:58.608684+00:00,owner-verbal-2026-09-23
100,wd_parse_active_sc0,False,NOT_OBSERVED,"[None, None, None]",B-count,FTDI-00FT46259002B / FI101-r1p0 (109762 v0100) / PMEVCNTR[slot],"EVENTS mode: PMEVTYPER=id, PMCNTENSET, run apU85Conv_TEST, read PMEVCNTR after disable; 3 repeats",boot5,86a10317adccef02e90c447f1650b27944ce37ef8d13ef841dede8fecead7084,2026-09-23T06:46:58.608684+00:00,owner-verbal-2026-09-23
101,wd_parse_active_sc1,False,NOT_OBSERVED,"[None, None, None]",B-count,FTDI-00FT46259002B / FI101-r1p0 (109762 v0100) / PMEVCNTR[slot],"EVENTS mode: PMEVTYPER=id, PMCNTENSET, run apU85Conv_TEST, read PMEVCNTR after disable; 3 repeats",boot5,86a10317adccef02e90c447f1650b27944ce37ef8d13ef841dede8fecead7084,2026-09-23T06:46:58.608684+00:00,owner-verbal-2026-09-23
102,wd_parse_active_sc2,False,NOT_OBSERVED,"[None, None, None]",B-count,FTDI-00FT46259002B / FI101-r1p0 (109762 v0100) / PMEVCNTR[slot],"EVENTS mode: PMEVTYPER=id, PMCNTENSET, run apU85Conv_TEST, read PMEVCNTR after disable; 3 repeats",boot5,86a10317adccef02e90c447f1650b27944ce37ef8d13ef841dede8fecead7084,2026-09-23T06:46:58.608684+00:00,owner-verbal-2026-09-23
103,wd_parse_active_sc3,False,NOT_OBSERVED,"[None, None, None]",B-count,FTDI-00FT46259002B / FI101-r1p0 (109762 v0100) / PMEVCNTR[slot],"EVENTS mode: PMEVTYPER=id, PMCNTENSET, run apU85Conv_TEST, read PMEVCNTR after disable; 3 repeats",boot5,86a10317adccef02e90c447f1650b27944ce37ef8d13ef841dede8fecead7084,2026-09-23T06:46:58.608684+00:00,owner-verbal-2026-09-23
104,wd_parse_stall_sc0,False,NOT_OBSERVED,"[None, None, None]",B-count,FTDI-00FT46259002B / FI101-r1p0 (109762 v0100) / PMEVCNTR[slot],"EVENTS mode: PMEVTYPER=id, PMCNTENSET, run apU85Conv_TEST, read PMEVCNTR after disable; 3 repeats",boot5,86a10317adccef02e90c447f1650b27944ce37ef8d13ef841dede8fecead7084,2026-09-23T06:46:58.608684+00:00,owner-verbal-2026-09-23
105,wd_parse_stall_sc1,False,NOT_OBSERVED,"[None, None, None]",B-count,FTDI-00FT46259002B / FI101-r1p0 (109762 v0100) / PMEVCNTR[slot],"EVENTS mode: PMEVTYPER=id, PMCNTENSET, run apU85Conv_TEST, read PMEVCNTR after disable; 3 repeats",boot5,86a10317adccef02e90c447f1650b27944ce37ef8d13ef841dede8fecead7084,2026-09-23T06:46:58.608684+00:00,owner-verbal-2026-09-23
106,wd_parse_stall_sc2,False,NOT_OBSERVED,"[None, None, None]",B-count,FTDI-00FT46259002B / FI101-r1p0 (109762 v0100) / PMEVCNTR[slot],"EVENTS mode: PMEVTYPER=id, PMCNTENSET, run apU85Conv_TEST, read PMEVCNTR after disable; 3 repeats",boot5,86a10317adccef02e90c447f1650b27944ce37ef8d13ef841dede8fecead7084,2026-09-23T06:46:58.608684+00:00,owner-verbal-2026-09-23
107,wd_parse_stall_sc3,False,NOT_OBSERVED,"[None, None, None]",B-count,FTDI-00FT46259002B / FI101-r1p0 (109762 v0100) / PMEVCNTR[slot],"EVENTS mode: PMEVTYPER=id, PMCNTENSET, run apU85Conv_TEST, read PMEVCNTR after disable; 3 repeats",boot5,86a10317adccef02e90c447f1650b27944ce37ef8d13ef841dede8fecead7084,2026-09-23T06:46:58.608684+00:00,owner-verbal-2026-09-23
108,wd_parse_stall_in_sc0,False,NOT_OBSERVED,"[None, None, None]",B-count,FTDI-00FT46259002B / FI101-r1p0 (109762 v0100) / PMEVCNTR[slot],"EVENTS mode: PMEVTYPER=id, PMCNTENSET, run apU85Conv_TEST, read PMEVCNTR after disable; 3 repeats",boot5,86a10317adccef02e90c447f1650b27944ce37ef8d13ef841dede8fecead7084,2026-09-23T06:46:58.608684+00:00,owner-verbal-2026-09-23
109,wd_parse_stall_in_sc1,False,NOT_OBSERVED,"[None, None, None]",B-count,FTDI-00FT46259002B / FI101-r1p0 (109762 v0100) / PMEVCNTR[slot],"EVENTS mode: PMEVTYPER=id, PMCNTENSET, run apU85Conv_TEST, read PMEVCNTR after disable; 3 repeats",boot5,86a10317adccef02e90c447f1650b27944ce37ef8d13ef841dede8fecead7084,2026-09-23T06:46:58.608684+00:00,owner-verbal-2026-09-23
110,wd_parse_stall_in_sc2,False,NOT_OBSERVED,"[None, None, None]",B-count,FTDI-00FT46259002B / FI101-r1p0 (109762 v0100) / PMEVCNTR[slot],"EVENTS mode: PMEVTYPER=id, PMCNTENSET, run apU85Conv_TEST, read PMEVCNTR after disable; 3 repeats",boot5,86a10317adccef02e90c447f1650b27944ce37ef8d13ef841dede8fecead7084,2026-09-23T06:46:58.608684+00:00,owner-verbal-2026-09-23
111,wd_parse_stall_in_sc3,False,NOT_OBSERVED,"[None, None, None]",B-count,FTDI-00FT46259002B / FI101-r1p0 (109762 v0100) / PMEVCNTR[slot],"EVENTS mode: PMEVTYPER=id, PMCNTENSET, run apU85Conv_TEST, read PMEVCNTR after disable; 3 repeats",boot5,86a10317adccef02e90c447f1650b27944ce37ef8d13ef841dede8fecead7084,2026-09-23T06:46:58.608684+00:00,owner-verbal-2026-09-23
112,wd_parse_stall_out_sc0,False,NOT_OBSERVED,"[None, None, None]",B-count,FTDI-00FT46259002B / FI101-r1p0 (109762 v0100) / PMEVCNTR[slot],"EVENTS mode: PMEVTYPER=id, PMCNTENSET, run apU85Conv_TEST, read PMEVCNTR after disable; 3 repeats",boot5,86a10317adccef02e90c447f1650b27944ce37ef8d13ef841dede8fecead7084,2026-09-23T06:46:58.608684+00:00,owner-verbal-2026-09-23
113,wd_parse_stall_out_sc1,False,NOT_OBSERVED,"[None, None, None]",B-count,FTDI-00FT46259002B / FI101-r1p0 (109762 v0100) / PMEVCNTR[slot],"EVENTS mode: PMEVTYPER=id, PMCNTENSET, run apU85Conv_TEST, read PMEVCNTR after disable; 3 repeats",boot5,86a10317adccef02e90c447f1650b27944ce37ef8d13ef841dede8fecead7084,2026-09-23T06:46:58.608684+00:00,owner-verbal-2026-09-23
114,wd_parse_stall_out_sc2,False,NOT_OBSERVED,"[None, None, None]",B-count,FTDI-00FT46259002B / FI101-r1p0 (109762 v0100) / PMEVCNTR[slot],"EVENTS mode: PMEVTYPER=id, PMCNTENSET, run apU85Conv_TEST, read PMEVCNTR after disable; 3 repeats",boot5,86a10317adccef02e90c447f1650b27944ce37ef8d13ef841dede8fecead7084,2026-09-23T06:46:58.608684+00:00,owner-verbal-2026-09-23
115,wd_parse_stall_out_sc3,False,NOT_OBSERVED,"[None, None, None]",B-count,FTDI-00FT46259002B / FI101-r1p0 (109762 v0100) / PMEVCNTR[slot],"EVENTS mode: PMEVTYPER=id, PMCNTENSET, run apU85Conv_TEST, read PMEVCNTR after disable; 3 repeats",boot5,86a10317adccef02e90c447f1650b27944ce37ef8d13ef841dede8fecead7084,2026-09-23T06:46:58.608684+00:00,owner-verbal-2026-09-23
116,wd_trans_ws_sc0,False,NOT_OBSERVED,"[None, None, None]",B-count,FTDI-00FT46259002B / FI101-r1p0 (109762 v0100) / PMEVCNTR[slot],"EVENTS mode: PMEVTYPER=id, PMCNTENSET, run apU85Conv_TEST, read PMEVCNTR after disable; 3 repeats",boot5,86a10317adccef02e90c447f1650b27944ce37ef8d13ef841dede8fecead7084,2026-09-23T06:46:58.608684+00:00,owner-verbal-2026-09-23
117,wd_trans_ws_sc1,False,NOT_OBSERVED,"[None, None, None]",B-count,FTDI-00FT46259002B / FI101-r1p0 (109762 v0100) / PMEVCNTR[slot],"EVENTS mode: PMEVTYPER=id, PMCNTENSET, run apU85Conv_TEST, read PMEVCNTR after disable; 3 repeats",boot5,86a10317adccef02e90c447f1650b27944ce37ef8d13ef841dede8fecead7084,2026-09-23T06:46:58.608684+00:00,owner-verbal-2026-09-23
118,wd_trans_ws_sc2,False,NOT_OBSERVED,"[None, None, None]",B-count,FTDI-00FT46259002B / FI101-r1p0 (109762 v0100) / PMEVCNTR[slot],"EVENTS mode: PMEVTYPER=id, PMCNTENSET, run apU85Conv_TEST, read PMEVCNTR after disable; 3 repeats",boot5,86a10317adccef02e90c447f1650b27944ce37ef8d13ef841dede8fecead7084,2026-09-23T06:46:58.608684+00:00,owner-verbal-2026-09-23
119,wd_trans_ws_sc3,False,NOT_OBSERVED,"[None, None, None]",B-count,FTDI-00FT46259002B / FI101-r1p0 (109762 v0100) / PMEVCNTR[slot],"EVENTS mode: PMEVTYPER=id, PMCNTENSET, run apU85Conv_TEST, read PMEVCNTR after disable; 3 repeats",boot5,86a10317adccef02e90c447f1650b27944ce37ef8d13ef841dede8fecead7084,2026-09-23T06:46:58.608684+00:00,owner-verbal-2026-09-23
120,wd_trans_wb0,False,NOT_OBSERVED,"[None, None, None]",B-count,FTDI-00FT46259002B / FI101-r1p0 (109762 v0100) / PMEVCNTR[slot],"EVENTS mode: PMEVTYPER=id, PMCNTENSET, run apU85Conv_TEST, read PMEVCNTR after disable; 3 repeats",boot5,86a10317adccef02e90c447f1650b27944ce37ef8d13ef841dede8fecead7084,2026-09-23T06:46:58.608684+00:00,owner-verbal-2026-09-23
121,wd_trans_wb1,False,NOT_OBSERVED,"[None, None, None]",B-count,FTDI-00FT46259002B / FI101-r1p0 (109762 v0100) / PMEVCNTR[slot],"EVENTS mode: PMEVTYPER=id, PMCNTENSET, run apU85Conv_TEST, read PMEVCNTR after disable; 3 repeats",boot5,86a10317adccef02e90c447f1650b27944ce37ef8d13ef841dede8fecead7084,2026-09-23T06:46:58.608684+00:00,owner-verbal-2026-09-23
122,wd_trans_wb2,False,NOT_OBSERVED,"[None, None, None]",B-count,FTDI-00FT46259002B / FI101-r1p0 (109762 v0100) / PMEVCNTR[slot],"EVENTS mode: PMEVTYPER=id, PMCNTENSET, run apU85Conv_TEST, read PMEVCNTR after disable; 3 repeats",boot5,86a10317adccef02e90c447f1650b27944ce37ef8d13ef841dede8fecead7084,2026-09-23T06:46:58.608684+00:00,owner-verbal-2026-09-23
123,wd_trans_wb3,False,NOT_OBSERVED,"[None, None, None]",B-count,FTDI-00FT46259002B / FI101-r1p0 (109762 v0100) / PMEVCNTR[slot],"EVENTS mode: PMEVTYPER=id, PMCNTENSET, run apU85Conv_TEST, read PMEVCNTR after disable; 3 repeats",boot5,86a10317adccef02e90c447f1650b27944ce37ef8d13ef841dede8fecead7084,2026-09-23T06:46:58.608684+00:00,owner-verbal-2026-09-23
128,sram_rd_trans_accepted,True,NOT_OBSERVED,"[None, None, None]",B-count,FTDI-00FT46259002B / FI101-r1p0 (109762 v0100) / PMEVCNTR[slot],"EVENTS mode: PMEVTYPER=id, PMCNTENSET, run apU85Conv_TEST, read PMEVCNTR after disable; 3 repeats",boot5,86a10317adccef02e90c447f1650b27944ce37ef8d13ef841dede8fecead7084,2026-09-23T06:46:58.608684+00:00,owner-verbal-2026-09-23
129,sram_rd_trans_completed,True,NOT_OBSERVED,"[None, None, None]",B-count,FTDI-00FT46259002B / FI101-r1p0 (109762 v0100) / PMEVCNTR[slot],"EVENTS mode: PMEVTYPER=id, PMCNTENSET, run apU85Conv_TEST, read PMEVCNTR after disable; 3 repeats",boot5,86a10317adccef02e90c447f1650b27944ce37ef8d13ef841dede8fecead7084,2026-09-23T06:46:58.608684+00:00,owner-verbal-2026-09-23
130,sram_rd_data_beat_received,True,NOT_OBSERVED,"[None, None, None]",B-count,FTDI-00FT46259002B / FI101-r1p0 (109762 v0100) / PMEVCNTR[slot],"EVENTS mode: PMEVTYPER=id, PMCNTENSET, run apU85Conv_TEST, read PMEVCNTR after disable; 3 repeats",boot5,86a10317adccef02e90c447f1650b27944ce37ef8d13ef841dede8fecead7084,2026-09-23T06:46:58.608684+00:00,owner-verbal-2026-09-23
131,sram_rd_tran_req_stalled,True,NOT_OBSERVED,"[None, None, None]",B-count,FTDI-00FT46259002B / FI101-r1p0 (109762 v0100) / PMEVCNTR[slot],"EVENTS mode: PMEVTYPER=id, PMCNTENSET, run apU85Conv_TEST, read PMEVCNTR after disable; 3 repeats",boot5,86a10317adccef02e90c447f1650b27944ce37ef8d13ef841dede8fecead7084,2026-09-23T06:46:58.608684+00:00,owner-verbal-2026-09-23
132,sram_wr_trans_accepted,True,NOT_OBSERVED,"[None, None, None]",B-count,FTDI-00FT46259002B / FI101-r1p0 (109762 v0100) / PMEVCNTR[slot],"EVENTS mode: PMEVTYPER=id, PMCNTENSET, run apU85Conv_TEST, read PMEVCNTR after disable; 3 repeats",boot5,86a10317adccef02e90c447f1650b27944ce37ef8d13ef841dede8fecead7084,2026-09-23T06:46:58.608684+00:00,owner-verbal-2026-09-23
133,sram_wr_trans_completed_m,False,NOT_OBSERVED,"[None, None, None]",B-count,FTDI-00FT46259002B / FI101-r1p0 (109762 v0100) / PMEVCNTR[slot],"EVENTS mode: PMEVTYPER=id, PMCNTENSET, run apU85Conv_TEST, read PMEVCNTR after disable; 3 repeats",boot5,86a10317adccef02e90c447f1650b27944ce37ef8d13ef841dede8fecead7084,2026-09-23T06:46:58.608684+00:00,owner-verbal-2026-09-23
134,sram_wr_trans_completed_s,False,NOT_OBSERVED,"[None, None, None]",B-count,FTDI-00FT46259002B / FI101-r1p0 (109762 v0100) / PMEVCNTR[slot],"EVENTS mode: PMEVTYPER=id, PMCNTENSET, run apU85Conv_TEST, read PMEVCNTR after disable; 3 repeats",boot5,86a10317adccef02e90c447f1650b27944ce37ef8d13ef841dede8fecead7084,2026-09-23T06:46:58.608684+00:00,owner-verbal-2026-09-23
135,sram_wr_data_beat_written,True,NOT_OBSERVED,"[None, None, None]",B-count,FTDI-00FT46259002B / FI101-r1p0 (109762 v0100) / PMEVCNTR[slot],"EVENTS mode: PMEVTYPER=id, PMCNTENSET, run apU85Conv_TEST, read PMEVCNTR after disable; 3 repeats",boot5,86a10317adccef02e90c447f1650b27944ce37ef8d13ef841dede8fecead7084,2026-09-23T06:46:58.608684+00:00,owner-verbal-2026-09-23
136,sram_wr_tran_req_stalled,True,NOT_OBSERVED,"[None, None, None]",B-count,FTDI-00FT46259002B / FI101-r1p0 (109762 v0100) / PMEVCNTR[slot],"EVENTS mode: PMEVTYPER=id, PMCNTENSET, run apU85Conv_TEST, read PMEVCNTR after disable; 3 repeats",boot5,86a10317adccef02e90c447f1650b27944ce37ef8d13ef841dede8fecead7084,2026-09-23T06:46:58.608684+00:00,owner-verbal-2026-09-23
137,sram_wr_data_beat_stalled,True,NOT_OBSERVED,"[None, None, None]",B-count,FTDI-00FT46259002B / FI101-r1p0 (109762 v0100) / PMEVCNTR[slot],"EVENTS mode: PMEVTYPER=id, PMCNTENSET, run apU85Conv_TEST, read PMEVCNTR after disable; 3 repeats",boot5,86a10317adccef02e90c447f1650b27944ce37ef8d13ef841dede8fecead7084,2026-09-23T06:46:58.608684+00:00,owner-verbal-2026-09-23
140,sram_enabled_cycles,True,NOT_OBSERVED,"[None, None, None]",B-count,FTDI-00FT46259002B / FI101-r1p0 (109762 v0100) / PMEVCNTR[slot],"EVENTS mode: PMEVTYPER=id, PMCNTENSET, run apU85Conv_TEST, read PMEVCNTR after disable; 3 repeats",boot5,86a10317adccef02e90c447f1650b27944ce37ef8d13ef841dede8fecead7084,2026-09-23T06:46:58.608684+00:00,owner-verbal-2026-09-23
142,sram_rd_stall_limit,True,NOT_OBSERVED,"[None, None, None]",B-count,FTDI-00FT46259002B / FI101-r1p0 (109762 v0100) / PMEVCNTR[slot],"EVENTS mode: PMEVTYPER=id, PMCNTENSET, run apU85Conv_TEST, read PMEVCNTR after disable; 3 repeats",boot5,86a10317adccef02e90c447f1650b27944ce37ef8d13ef841dede8fecead7084,2026-09-23T06:46:58.608684+00:00,owner-verbal-2026-09-23
143,sram_wr_stall_limit,True,NOT_OBSERVED,"[None, None, None]",B-count,FTDI-00FT46259002B / FI101-r1p0 (109762 v0100) / PMEVCNTR[slot],"EVENTS mode: PMEVTYPER=id, PMCNTENSET, run apU85Conv_TEST, read PMEVCNTR after disable; 3 repeats",boot5,86a10317adccef02e90c447f1650b27944ce37ef8d13ef841dede8fecead7084,2026-09-23T06:46:58.608684+00:00,owner-verbal-2026-09-23
160,axi_latency_any,True,NOT_OBSERVED,"[None, None, None]",B-count,FTDI-00FT46259002B / FI101-r1p0 (109762 v0100) / PMEVCNTR[slot],"EVENTS mode: PMEVTYPER=id, PMCNTENSET, run apU85Conv_TEST, read PMEVCNTR after disable; 3 repeats",boot5,86a10317adccef02e90c447f1650b27944ce37ef8d13ef841dede8fecead7084,2026-09-23T06:46:58.608684+00:00,owner-verbal-2026-09-23
161,axi_latency_32,True,NOT_OBSERVED,"[None, None, None]",B-count,FTDI-00FT46259002B / FI101-r1p0 (109762 v0100) / PMEVCNTR[slot],"EVENTS mode: PMEVTYPER=id, PMCNTENSET, run apU85Conv_TEST, read PMEVCNTR after disable; 3 repeats",boot5,86a10317adccef02e90c447f1650b27944ce37ef8d13ef841dede8fecead7084,2026-09-23T06:46:58.608684+00:00,owner-verbal-2026-09-23
162,axi_latency_64,True,NOT_OBSERVED,"[None, None, None]",B-count,FTDI-00FT46259002B / FI101-r1p0 (109762 v0100) / PMEVCNTR[slot],"EVENTS mode: PMEVTYPER=id, PMCNTENSET, run apU85Conv_TEST, read PMEVCNTR after disable; 3 repeats",boot5,86a10317adccef02e90c447f1650b27944ce37ef8d13ef841dede8fecead7084,2026-09-23T06:46:58.608684+00:00,owner-verbal-2026-09-23
163,axi_latency_128,True,NOT_OBSERVED,"[None, None, None]",B-count,FTDI-00FT46259002B / FI101-r1p0 (109762 v0100) / PMEVCNTR[slot],"EVENTS mode: PMEVTYPER=id, PMCNTENSET, run apU85Conv_TEST, read PMEVCNTR after disable; 3 repeats",boot5,86a10317adccef02e90c447f1650b27944ce37ef8d13ef841dede8fecead7084,2026-09-23T06:46:58.608684+00:00,owner-verbal-2026-09-23
164,axi_latency_256,True,NOT_OBSERVED,"[None, None, None]",B-count,FTDI-00FT46259002B / FI101-r1p0 (109762 v0100) / PMEVCNTR[slot],"EVENTS mode: PMEVTYPER=id, PMCNTENSET, run apU85Conv_TEST, read PMEVCNTR after disable; 3 repeats",boot5,86a10317adccef02e90c447f1650b27944ce37ef8d13ef841dede8fecead7084,2026-09-23T06:46:58.608684+00:00,owner-verbal-2026-09-23
165,axi_latency_512,True,NOT_OBSERVED,"[None, None, None]",B-count,FTDI-00FT46259002B / FI101-r1p0 (109762 v0100) / PMEVCNTR[slot],"EVENTS mode: PMEVTYPER=id, PMCNTENSET, run apU85Conv_TEST, read PMEVCNTR after disable; 3 repeats",boot5,86a10317adccef02e90c447f1650b27944ce37ef8d13ef841dede8fecead7084,2026-09-23T06:46:58.608684+00:00,owner-verbal-2026-09-23
166,axi_latency_1024,True,NOT_OBSERVED,"[None, None, None]",B-count,FTDI-00FT46259002B / FI101-r1p0 (109762 v0100) / PMEVCNTR[slot],"EVENTS mode: PMEVTYPER=id, PMCNTENSET, run apU85Conv_TEST, read PMEVCNTR after disable; 3 repeats",boot5,86a10317adccef02e90c447f1650b27944ce37ef8d13ef841dede8fecead7084,2026-09-23T06:46:58.608684+00:00,owner-verbal-2026-09-23
176,ecc_dma,True,NOT_OBSERVED,"[None, None, None]",B-count,FTDI-00FT46259002B / FI101-r1p0 (109762 v0100) / PMEVCNTR[slot],"EVENTS mode: PMEVTYPER=id, PMCNTENSET, run apU85Conv_TEST, read PMEVCNTR after disable; 3 repeats",boot5,86a10317adccef02e90c447f1650b27944ce37ef8d13ef841dede8fecead7084,2026-09-23T06:46:58.608684+00:00,owner-verbal-2026-09-23
177,ecc_mac_ib,True,NOT_OBSERVED,"[None, None, None]",B-count,FTDI-00FT46259002B / FI101-r1p0 (109762 v0100) / PMEVCNTR[slot],"EVENTS mode: PMEVTYPER=id, PMCNTENSET, run apU85Conv_TEST, read PMEVCNTR after disable; 3 repeats",boot5,86a10317adccef02e90c447f1650b27944ce37ef8d13ef841dede8fecead7084,2026-09-23T06:46:58.608684+00:00,owner-verbal-2026-09-23
178,ecc_mac_ab,True,NOT_OBSERVED,"[None, None, None]",B-count,FTDI-00FT46259002B / FI101-r1p0 (109762 v0100) / PMEVCNTR[slot],"EVENTS mode: PMEVTYPER=id, PMCNTENSET, run apU85Conv_TEST, read PMEVCNTR after disable; 3 repeats",boot5,86a10317adccef02e90c447f1650b27944ce37ef8d13ef841dede8fecead7084,2026-09-23T06:46:58.608684+00:00,owner-verbal-2026-09-23
179,ecc_ao_cb,True,NOT_OBSERVED,"[None, None, None]",B-count,FTDI-00FT46259002B / FI101-r1p0 (109762 v0100) / PMEVCNTR[slot],"EVENTS mode: PMEVTYPER=id, PMCNTENSET, run apU85Conv_TEST, read PMEVCNTR after disable; 3 repeats",boot5,86a10317adccef02e90c447f1650b27944ce37ef8d13ef841dede8fecead7084,2026-09-23T06:46:58.608684+00:00,owner-verbal-2026-09-23
180,ecc_ao_ob,True,NOT_OBSERVED,"[None, None, None]",B-count,FTDI-00FT46259002B / FI101-r1p0 (109762 v0100) / PMEVCNTR[slot],"EVENTS mode: PMEVTYPER=id, PMCNTENSET, run apU85Conv_TEST, read PMEVCNTR after disable; 3 repeats",boot5,86a10317adccef02e90c447f1650b27944ce37ef8d13ef841dede8fecead7084,2026-09-23T06:46:58.608684+00:00,owner-verbal-2026-09-23
181,ecc_ao_lut,True,NOT_OBSERVED,"[None, None, None]",B-count,FTDI-00FT46259002B / FI101-r1p0 (109762 v0100) / PMEVCNTR[slot],"EVENTS mode: PMEVTYPER=id, PMCNTENSET, run apU85Conv_TEST, read PMEVCNTR after disable; 3 repeats",boot5,86a10317adccef02e90c447f1650b27944ce37ef8d13ef841dede8fecead7084,2026-09-23T06:46:58.608684+00:00,owner-verbal-2026-09-23
384,ext_rd_trans_accepted,True,NOT_OBSERVED,"[None, None, None]",B-count,FTDI-00FT46259002B / FI101-r1p0 (109762 v0100) / PMEVCNTR[slot],"EVENTS mode: PMEVTYPER=id, PMCNTENSET, run apU85Conv_TEST, read PMEVCNTR after disable; 3 repeats",boot5,86a10317adccef02e90c447f1650b27944ce37ef8d13ef841dede8fecead7084,2026-09-23T06:46:58.608684+00:00,owner-verbal-2026-09-23
385,ext_rd_trans_completed,True,NOT_OBSERVED,"[None, None, None]",B-count,FTDI-00FT46259002B / FI101-r1p0 (109762 v0100) / PMEVCNTR[slot],"EVENTS mode: PMEVTYPER=id, PMCNTENSET, run apU85Conv_TEST, read PMEVCNTR after disable; 3 repeats",boot5,86a10317adccef02e90c447f1650b27944ce37ef8d13ef841dede8fecead7084,2026-09-23T06:46:58.608684+00:00,owner-verbal-2026-09-23
386,ext_rd_data_beat_received,True,NOT_OBSERVED,"[None, None, None]",B-count,FTDI-00FT46259002B / FI101-r1p0 (109762 v0100) / PMEVCNTR[slot],"EVENTS mode: PMEVTYPER=id, PMCNTENSET, run apU85Conv_TEST, read PMEVCNTR after disable; 3 repeats",boot5,86a10317adccef02e90c447f1650b27944ce37ef8d13ef841dede8fecead7084,2026-09-23T06:46:58.608684+00:00,owner-verbal-2026-09-23
387,ext_rd_tran_req_stalled,True,NOT_OBSERVED,"[None, None, None]",B-count,FTDI-00FT46259002B / FI101-r1p0 (109762 v0100) / PMEVCNTR[slot],"EVENTS mode: PMEVTYPER=id, PMCNTENSET, run apU85Conv_TEST, read PMEVCNTR after disable; 3 repeats",boot5,86a10317adccef02e90c447f1650b27944ce37ef8d13ef841dede8fecead7084,2026-09-23T06:46:58.608684+00:00,owner-verbal-2026-09-23
388,ext_wr_trans_accepted,True,NOT_OBSERVED,"[None, None, None]",B-count,FTDI-00FT46259002B / FI101-r1p0 (109762 v0100) / PMEVCNTR[slot],"EVENTS mode: PMEVTYPER=id, PMCNTENSET, run apU85Conv_TEST, read PMEVCNTR after disable; 3 repeats",boot5,86a10317adccef02e90c447f1650b27944ce37ef8d13ef841dede8fecead7084,2026-09-23T06:46:58.608684+00:00,owner-verbal-2026-09-23
389,ext_wr_trans_completed_m,False,NOT_OBSERVED,"[None, None, None]",B-count,FTDI-00FT46259002B / FI101-r1p0 (109762 v0100) / PMEVCNTR[slot],"EVENTS mode: PMEVTYPER=id, PMCNTENSET, run apU85Conv_TEST, read PMEVCNTR after disable; 3 repeats",boot5,86a10317adccef02e90c447f1650b27944ce37ef8d13ef841dede8fecead7084,2026-09-23T06:46:58.608684+00:00,owner-verbal-2026-09-23
390,ext_wr_trans_completed_s,False,NOT_OBSERVED,"[None, None, None]",B-count,FTDI-00FT46259002B / FI101-r1p0 (109762 v0100) / PMEVCNTR[slot],"EVENTS mode: PMEVTYPER=id, PMCNTENSET, run apU85Conv_TEST, read PMEVCNTR after disable; 3 repeats",boot5,86a10317adccef02e90c447f1650b27944ce37ef8d13ef841dede8fecead7084,2026-09-23T06:46:58.608684+00:00,owner-verbal-2026-09-23
391,ext_wr_data_beat_written,True,NOT_OBSERVED,"[None, None, None]",B-count,FTDI-00FT46259002B / FI101-r1p0 (109762 v0100) / PMEVCNTR[slot],"EVENTS mode: PMEVTYPER=id, PMCNTENSET, run apU85Conv_TEST, read PMEVCNTR after disable; 3 repeats",boot5,86a10317adccef02e90c447f1650b27944ce37ef8d13ef841dede8fecead7084,2026-09-23T06:46:58.608684+00:00,owner-verbal-2026-09-23
392,ext_wr_tran_req_stalled,True,NOT_OBSERVED,"[None, None, None]",B-count,FTDI-00FT46259002B / FI101-r1p0 (109762 v0100) / PMEVCNTR[slot],"EVENTS mode: PMEVTYPER=id, PMCNTENSET, run apU85Conv_TEST, read PMEVCNTR after disable; 3 repeats",boot5,86a10317adccef02e90c447f1650b27944ce37ef8d13ef841dede8fecead7084,2026-09-23T06:46:58.608684+00:00,owner-verbal-2026-09-23
393,ext_wr_data_beat_stalled,True,NOT_OBSERVED,"[None, None, None]",B-count,FTDI-00FT46259002B / FI101-r1p0 (109762 v0100) / PMEVCNTR[slot],"EVENTS mode: PMEVTYPER=id, PMCNTENSET, run apU85Conv_TEST, read PMEVCNTR after disable; 3 repeats",boot5,86a10317adccef02e90c447f1650b27944ce37ef8d13ef841dede8fecead7084,2026-09-23T06:46:58.608684+00:00,owner-verbal-2026-09-23
396,ext_enabled_cycles,True,NOT_OBSERVED,"[None, None, None]",B-count,FTDI-00FT46259002B / FI101-r1p0 (109762 v0100) / PMEVCNTR[slot],"EVENTS mode: PMEVTYPER=id, PMCNTENSET, run apU85Conv_TEST, read PMEVCNTR after disable; 3 repeats",boot5,86a10317adccef02e90c447f1650b27944ce37ef8d13ef841dede8fecead7084,2026-09-23T06:46:58.608684+00:00,owner-verbal-2026-09-23
398,ext_rd_stall_limit,True,NOT_OBSERVED,"[None, None, None]",B-count,FTDI-00FT46259002B / FI101-r1p0 (109762 v0100) / PMEVCNTR[slot],"EVENTS mode: PMEVTYPER=id, PMCNTENSET, run apU85Conv_TEST, read PMEVCNTR after disable; 3 repeats",boot5,86a10317adccef02e90c447f1650b27944ce37ef8d13ef841dede8fecead7084,2026-09-23T06:46:58.608684+00:00,owner-verbal-2026-09-23
399,ext_wr_stall_limit,True,NOT_OBSERVED,"[None, None, None]",B-count,FTDI-00FT46259002B / FI101-r1p0 (109762 v0100) / PMEVCNTR[slot],"EVENTS mode: PMEVTYPER=id, PMCNTENSET, run apU85Conv_TEST, read PMEVCNTR after disable; 3 repeats",boot5,86a10317adccef02e90c447f1650b27944ce37ef8d13ef841dede8fecead7084,2026-09-23T06:46:58.608684+00:00,owner-verbal-2026-09-23
512,sram0_rd_trans_accepted,True,NOT_OBSERVED,"[None, None, None]",B-count,FTDI-00FT46259002B / FI101-r1p0 (109762 v0100) / PMEVCNTR[slot],"EVENTS mode: PMEVTYPER=id, PMCNTENSET, run apU85Conv_TEST, read PMEVCNTR after disable; 3 repeats",boot5,86a10317adccef02e90c447f1650b27944ce37ef8d13ef841dede8fecead7084,2026-09-23T06:46:58.608684+00:00,owner-verbal-2026-09-23
513,sram0_rd_trans_completed,True,NOT_OBSERVED,"[None, None, None]",B-count,FTDI-00FT46259002B / FI101-r1p0 (109762 v0100) / PMEVCNTR[slot],"EVENTS mode: PMEVTYPER=id, PMCNTENSET, run apU85Conv_TEST, read PMEVCNTR after disable; 3 repeats",boot5,86a10317adccef02e90c447f1650b27944ce37ef8d13ef841dede8fecead7084,2026-09-23T06:46:58.608684+00:00,owner-verbal-2026-09-23
514,sram0_rd_data_beat_received,True,NOT_OBSERVED,"[None, None, None]",B-count,FTDI-00FT46259002B / FI101-r1p0 (109762 v0100) / PMEVCNTR[slot],"EVENTS mode: PMEVTYPER=id, PMCNTENSET, run apU85Conv_TEST, read PMEVCNTR after disable; 3 repeats",boot5,86a10317adccef02e90c447f1650b27944ce37ef8d13ef841dede8fecead7084,2026-09-23T06:46:58.608684+00:00,owner-verbal-2026-09-23
515,sram0_rd_tran_req_stalled,True,NOT_OBSERVED,"[None, None, None]",B-count,FTDI-00FT46259002B / FI101-r1p0 (109762 v0100) / PMEVCNTR[slot],"EVENTS mode: PMEVTYPER=id, PMCNTENSET, run apU85Conv_TEST, read PMEVCNTR after disable; 3 repeats",boot5,86a10317adccef02e90c447f1650b27944ce37ef8d13ef841dede8fecead7084,2026-09-23T06:46:58.608684+00:00,owner-verbal-2026-09-23
516,sram0_wr_trans_accepted,True,NOT_OBSERVED,"[None, None, None]",B-count,FTDI-00FT46259002B / FI101-r1p0 (109762 v0100) / PMEVCNTR[slot],"EVENTS mode: PMEVTYPER=id, PMCNTENSET, run apU85Conv_TEST, read PMEVCNTR after disable; 3 repeats",boot5,86a10317adccef02e90c447f1650b27944ce37ef8d13ef841dede8fecead7084,2026-09-23T06:46:58.608684+00:00,owner-verbal-2026-09-23
517,sram0_wr_trans_completed_m,False,NOT_OBSERVED,"[None, None, None]",B-count,FTDI-00FT46259002B / FI101-r1p0 (109762 v0100) / PMEVCNTR[slot],"EVENTS mode: PMEVTYPER=id, PMCNTENSET, run apU85Conv_TEST, read PMEVCNTR after disable; 3 repeats",boot5,86a10317adccef02e90c447f1650b27944ce37ef8d13ef841dede8fecead7084,2026-09-23T06:46:58.608684+00:00,owner-verbal-2026-09-23
518,sram0_wr_trans_completed_s,False,NOT_OBSERVED,"[None, None, None]",B-count,FTDI-00FT46259002B / FI101-r1p0 (109762 v0100) / PMEVCNTR[slot],"EVENTS mode: PMEVTYPER=id, PMCNTENSET, run apU85Conv_TEST, read PMEVCNTR after disable; 3 repeats",boot5,86a10317adccef02e90c447f1650b27944ce37ef8d13ef841dede8fecead7084,2026-09-23T06:46:58.608684+00:00,owner-verbal-2026-09-23
519,sram0_wr_data_beat_written,True,NOT_OBSERVED,"[None, None, None]",B-count,FTDI-00FT46259002B / FI101-r1p0 (109762 v0100) / PMEVCNTR[slot],"EVENTS mode: PMEVTYPER=id, PMCNTENSET, run apU85Conv_TEST, read PMEVCNTR after disable; 3 repeats",boot5,86a10317adccef02e90c447f1650b27944ce37ef8d13ef841dede8fecead7084,2026-09-23T06:46:58.608684+00:00,owner-verbal-2026-09-23
520,sram0_wr_tran_req_stalled,True,NOT_OBSERVED,"[None, None, None]",B-count,FTDI-00FT46259002B / FI101-r1p0 (109762 v0100) / PMEVCNTR[slot],"EVENTS mode: PMEVTYPER=id, PMCNTENSET, run apU85Conv_TEST, read PMEVCNTR after disable; 3 repeats",boot5,86a10317adccef02e90c447f1650b27944ce37ef8d13ef841dede8fecead7084,2026-09-23T06:46:58.608684+00:00,owner-verbal-2026-09-23
521,sram0_wr_data_beat_stalled,True,NOT_OBSERVED,"[None, None, None]",B-count,FTDI-00FT46259002B / FI101-r1p0 (109762 v0100) / PMEVCNTR[slot],"EVENTS mode: PMEVTYPER=id, PMCNTENSET, run apU85Conv_TEST, read PMEVCNTR after disable; 3 repeats",boot5,86a10317adccef02e90c447f1650b27944ce37ef8d13ef841dede8fecead7084,2026-09-23T06:46:58.608684+00:00,owner-verbal-2026-09-23
524,sram0_enabled_cycles,True,NOT_OBSERVED,"[None, None, None]",B-count,FTDI-00FT46259002B / FI101-r1p0 (109762 v0100) / PMEVCNTR[slot],"EVENTS mode: PMEVTYPER=id, PMCNTENSET, run apU85Conv_TEST, read PMEVCNTR after disable; 3 repeats",boot5,86a10317adccef02e90c447f1650b27944ce37ef8d13ef841dede8fecead7084,2026-09-23T06:46:58.608684+00:00,owner-verbal-2026-09-23
526,sram0_rd_stall_limit,True,NOT_OBSERVED,"[None, None, None]",B-count,FTDI-00FT46259002B / FI101-r1p0 (109762 v0100) / PMEVCNTR[slot],"EVENTS mode: PMEVTYPER=id, PMCNTENSET, run apU85Conv_TEST, read PMEVCNTR after disable; 3 repeats",boot5,86a10317adccef02e90c447f1650b27944ce37ef8d13ef841dede8fecead7084,2026-09-23T06:46:58.608684+00:00,owner-verbal-2026-09-23
527,sram0_wr_stall_limit,True,NOT_OBSERVED,"[None, None, None]",B-count,FTDI-00FT46259002B / FI101-r1p0 (109762 v0100) / PMEVCNTR[slot],"EVENTS mode: PMEVTYPER=id, PMCNTENSET, run apU85Conv_TEST, read PMEVCNTR after disable; 3 repeats",boot5,86a10317adccef02e90c447f1650b27944ce37ef8d13ef841dede8fecead7084,2026-09-23T06:46:58.608684+00:00,owner-verbal-2026-09-23
528,sram1_rd_trans_accepted,True,NOT_OBSERVED,"[None, None, None]",B-count,FTDI-00FT46259002B / FI101-r1p0 (109762 v0100) / PMEVCNTR[slot],"EVENTS mode: PMEVTYPER=id, PMCNTENSET, run apU85Conv_TEST, read PMEVCNTR after disable; 3 repeats",boot5,86a10317adccef02e90c447f1650b27944ce37ef8d13ef841dede8fecead7084,2026-09-23T06:46:58.608684+00:00,owner-verbal-2026-09-23
529,sram1_rd_trans_completed,True,NOT_OBSERVED,"[None, None, None]",B-count,FTDI-00FT46259002B / FI101-r1p0 (109762 v0100) / PMEVCNTR[slot],"EVENTS mode: PMEVTYPER=id, PMCNTENSET, run apU85Conv_TEST, read PMEVCNTR after disable; 3 repeats",boot5,86a10317adccef02e90c447f1650b27944ce37ef8d13ef841dede8fecead7084,2026-09-23T06:46:58.608684+00:00,owner-verbal-2026-09-23
530,sram1_rd_data_beat_received,True,NOT_OBSERVED,"[None, None, None]",B-count,FTDI-00FT46259002B / FI101-r1p0 (109762 v0100) / PMEVCNTR[slot],"EVENTS mode: PMEVTYPER=id, PMCNTENSET, run apU85Conv_TEST, read PMEVCNTR after disable; 3 repeats",boot5,86a10317adccef02e90c447f1650b27944ce37ef8d13ef841dede8fecead7084,2026-09-23T06:46:58.608684+00:00,owner-verbal-2026-09-23
531,sram1_rd_tran_req_stalled,True,NOT_OBSERVED,"[None, None, None]",B-count,FTDI-00FT46259002B / FI101-r1p0 (109762 v0100) / PMEVCNTR[slot],"EVENTS mode: PMEVTYPER=id, PMCNTENSET, run apU85Conv_TEST, read PMEVCNTR after disable; 3 repeats",boot5,86a10317adccef02e90c447f1650b27944ce37ef8d13ef841dede8fecead7084,2026-09-23T06:46:58.608684+00:00,owner-verbal-2026-09-23
532,sram1_wr_trans_accepted,True,NOT_OBSERVED,"[None, None, None]",B-count,FTDI-00FT46259002B / FI101-r1p0 (109762 v0100) / PMEVCNTR[slot],"EVENTS mode: PMEVTYPER=id, PMCNTENSET, run apU85Conv_TEST, read PMEVCNTR after disable; 3 repeats",boot5,86a10317adccef02e90c447f1650b27944ce37ef8d13ef841dede8fecead7084,2026-09-23T06:46:58.608684+00:00,owner-verbal-2026-09-23
533,sram1_wr_trans_completed_m,False,NOT_OBSERVED,"[None, None, None]",B-count,FTDI-00FT46259002B / FI101-r1p0 (109762 v0100) / PMEVCNTR[slot],"EVENTS mode: PMEVTYPER=id, PMCNTENSET, run apU85Conv_TEST, read PMEVCNTR after disable; 3 repeats",boot5,86a10317adccef02e90c447f1650b27944ce37ef8d13ef841dede8fecead7084,2026-09-23T06:46:58.608684+00:00,owner-verbal-2026-09-23
534,sram1_wr_trans_completed_s,False,NOT_OBSERVED,"[None, None, None]",B-count,FTDI-00FT46259002B / FI101-r1p0 (109762 v0100) / PMEVCNTR[slot],"EVENTS mode: PMEVTYPER=id, PMCNTENSET, run apU85Conv_TEST, read PMEVCNTR after disable; 3 repeats",boot5,86a10317adccef02e90c447f1650b27944ce37ef8d13ef841dede8fecead7084,2026-09-23T06:46:58.608684+00:00,owner-verbal-2026-09-23
535,sram1_wr_data_beat_written,True,NOT_OBSERVED,"[None, None, None]",B-count,FTDI-00FT46259002B / FI101-r1p0 (109762 v0100) / PMEVCNTR[slot],"EVENTS mode: PMEVTYPER=id, PMCNTENSET, run apU85Conv_TEST, read PMEVCNTR after disable; 3 repeats",boot5,86a10317adccef02e90c447f1650b27944ce37ef8d13ef841dede8fecead7084,2026-09-23T06:46:58.608684+00:00,owner-verbal-2026-09-23
536,sram1_wr_tran_req_stalled,True,NOT_OBSERVED,"[None, None, None]",B-count,FTDI-00FT46259002B / FI101-r1p0 (109762 v0100) / PMEVCNTR[slot],"EVENTS mode: PMEVTYPER=id, PMCNTENSET, run apU85Conv_TEST, read PMEVCNTR after disable; 3 repeats",boot5,86a10317adccef02e90c447f1650b27944ce37ef8d13ef841dede8fecead7084,2026-09-23T06:46:58.608684+00:00,owner-verbal-2026-09-23
537,sram1_wr_data_beat_stalled,True,NOT_OBSERVED,"[None, None, None]",B-count,FTDI-00FT46259002B / FI101-r1p0 (109762 v0100) / PMEVCNTR[slot],"EVENTS mode: PMEVTYPER=id, PMCNTENSET, run apU85Conv_TEST, read PMEVCNTR after disable; 3 repeats",boot5,86a10317adccef02e90c447f1650b27944ce37ef8d13ef841dede8fecead7084,2026-09-23T06:46:58.608684+00:00,owner-verbal-2026-09-23
540,sram1_enabled_cycles,True,NOT_OBSERVED,"[None, None, None]",B-count,FTDI-00FT46259002B / FI101-r1p0 (109762 v0100) / PMEVCNTR[slot],"EVENTS mode: PMEVTYPER=id, PMCNTENSET, run apU85Conv_TEST, read PMEVCNTR after disable; 3 repeats",boot5,86a10317adccef02e90c447f1650b27944ce37ef8d13ef841dede8fecead7084,2026-09-23T06:46:58.608684+00:00,owner-verbal-2026-09-23
542,sram1_rd_stall_limit,True,NOT_OBSERVED,"[None, None, None]",B-count,FTDI-00FT46259002B / FI101-r1p0 (109762 v0100) / PMEVCNTR[slot],"EVENTS mode: PMEVTYPER=id, PMCNTENSET, run apU85Conv_TEST, read PMEVCNTR after disable; 3 repeats",boot5,86a10317adccef02e90c447f1650b27944ce37ef8d13ef841dede8fecead7084,2026-09-23T06:46:58.608684+00:00,owner-verbal-2026-09-23
543,sram1_wr_stall_limit,True,NOT_OBSERVED,"[None, None, None]",B-count,FTDI-00FT46259002B / FI101-r1p0 (109762 v0100) / PMEVCNTR[slot],"EVENTS mode: PMEVTYPER=id, PMCNTENSET, run apU85Conv_TEST, read PMEVCNTR after disable; 3 repeats",boot5,86a10317adccef02e90c447f1650b27944ce37ef8d13ef841dede8fecead7084,2026-09-23T06:46:58.608684+00:00,owner-verbal-2026-09-23
544,sram2_rd_trans_accepted,True,NOT_OBSERVED,"[None, None, None]",B-count,FTDI-00FT46259002B / FI101-r1p0 (109762 v0100) / PMEVCNTR[slot],"EVENTS mode: PMEVTYPER=id, PMCNTENSET, run apU85Conv_TEST, read PMEVCNTR after disable; 3 repeats",boot5,86a10317adccef02e90c447f1650b27944ce37ef8d13ef841dede8fecead7084,2026-09-23T06:46:58.608684+00:00,owner-verbal-2026-09-23
545,sram2_rd_trans_completed,True,NOT_OBSERVED,"[None, None, None]",B-count,FTDI-00FT46259002B / FI101-r1p0 (109762 v0100) / PMEVCNTR[slot],"EVENTS mode: PMEVTYPER=id, PMCNTENSET, run apU85Conv_TEST, read PMEVCNTR after disable; 3 repeats",boot5,86a10317adccef02e90c447f1650b27944ce37ef8d13ef841dede8fecead7084,2026-09-23T06:46:58.608684+00:00,owner-verbal-2026-09-23
546,sram2_rd_data_beat_received,True,NOT_OBSERVED,"[None, None, None]",B-count,FTDI-00FT46259002B / FI101-r1p0 (109762 v0100) / PMEVCNTR[slot],"EVENTS mode: PMEVTYPER=id, PMCNTENSET, run apU85Conv_TEST, read PMEVCNTR after disable; 3 repeats",boot5,86a10317adccef02e90c447f1650b27944ce37ef8d13ef841dede8fecead7084,2026-09-23T06:46:58.608684+00:00,owner-verbal-2026-09-23
547,sram2_rd_tran_req_stalled,True,NOT_OBSERVED,"[None, None, None]",B-count,FTDI-00FT46259002B / FI101-r1p0 (109762 v0100) / PMEVCNTR[slot],"EVENTS mode: PMEVTYPER=id, PMCNTENSET, run apU85Conv_TEST, read PMEVCNTR after disable; 3 repeats",boot5,86a10317adccef02e90c447f1650b27944ce37ef8d13ef841dede8fecead7084,2026-09-23T06:46:58.608684+00:00,owner-verbal-2026-09-23
548,sram2_wr_trans_accepted,True,NOT_OBSERVED,"[None, None, None]",B-count,FTDI-00FT46259002B / FI101-r1p0 (109762 v0100) / PMEVCNTR[slot],"EVENTS mode: PMEVTYPER=id, PMCNTENSET, run apU85Conv_TEST, read PMEVCNTR after disable; 3 repeats",boot5,86a10317adccef02e90c447f1650b27944ce37ef8d13ef841dede8fecead7084,2026-09-23T06:46:58.608684+00:00,owner-verbal-2026-09-23
549,sram2_wr_trans_completed_m,False,NOT_OBSERVED,"[None, None, None]",B-count,FTDI-00FT46259002B / FI101-r1p0 (109762 v0100) / PMEVCNTR[slot],"EVENTS mode: PMEVTYPER=id, PMCNTENSET, run apU85Conv_TEST, read PMEVCNTR after disable; 3 repeats",boot5,86a10317adccef02e90c447f1650b27944ce37ef8d13ef841dede8fecead7084,2026-09-23T06:46:58.608684+00:00,owner-verbal-2026-09-23
550,sram2_wr_trans_completed_s,False,NOT_OBSERVED,"[None, None, None]",B-count,FTDI-00FT46259002B / FI101-r1p0 (109762 v0100) / PMEVCNTR[slot],"EVENTS mode: PMEVTYPER=id, PMCNTENSET, run apU85Conv_TEST, read PMEVCNTR after disable; 3 repeats",boot5,86a10317adccef02e90c447f1650b27944ce37ef8d13ef841dede8fecead7084,2026-09-23T06:46:58.608684+00:00,owner-verbal-2026-09-23
551,sram2_wr_data_beat_written,True,NOT_OBSERVED,"[None, None, None]",B-count,FTDI-00FT46259002B / FI101-r1p0 (109762 v0100) / PMEVCNTR[slot],"EVENTS mode: PMEVTYPER=id, PMCNTENSET, run apU85Conv_TEST, read PMEVCNTR after disable; 3 repeats",boot5,86a10317adccef02e90c447f1650b27944ce37ef8d13ef841dede8fecead7084,2026-09-23T06:46:58.608684+00:00,owner-verbal-2026-09-23
552,sram2_wr_tran_req_stalled,True,NOT_OBSERVED,"[None, None, None]",B-count,FTDI-00FT46259002B / FI101-r1p0 (109762 v0100) / PMEVCNTR[slot],"EVENTS mode: PMEVTYPER=id, PMCNTENSET, run apU85Conv_TEST, read PMEVCNTR after disable; 3 repeats",boot5,86a10317adccef02e90c447f1650b27944ce37ef8d13ef841dede8fecead7084,2026-09-23T06:46:58.608684+00:00,owner-verbal-2026-09-23
553,sram2_wr_data_beat_stalled,True,NOT_OBSERVED,"[None, None, None]",B-count,FTDI-00FT46259002B / FI101-r1p0 (109762 v0100) / PMEVCNTR[slot],"EVENTS mode: PMEVTYPER=id, PMCNTENSET, run apU85Conv_TEST, read PMEVCNTR after disable; 3 repeats",boot5,86a10317adccef02e90c447f1650b27944ce37ef8d13ef841dede8fecead7084,2026-09-23T06:46:58.608684+00:00,owner-verbal-2026-09-23
556,sram2_enabled_cycles,True,NOT_OBSERVED,"[None, None, None]",B-count,FTDI-00FT46259002B / FI101-r1p0 (109762 v0100) / PMEVCNTR[slot],"EVENTS mode: PMEVTYPER=id, PMCNTENSET, run apU85Conv_TEST, read PMEVCNTR after disable; 3 repeats",boot5,86a10317adccef02e90c447f1650b27944ce37ef8d13ef841dede8fecead7084,2026-09-23T06:46:58.608684+00:00,owner-verbal-2026-09-23
558,sram2_rd_stall_limit,True,NOT_OBSERVED,"[None, None, None]",B-count,FTDI-00FT46259002B / FI101-r1p0 (109762 v0100) / PMEVCNTR[slot],"EVENTS mode: PMEVTYPER=id, PMCNTENSET, run apU85Conv_TEST, read PMEVCNTR after disable; 3 repeats",boot5,86a10317adccef02e90c447f1650b27944ce37ef8d13ef841dede8fecead7084,2026-09-23T06:46:58.608684+00:00,owner-verbal-2026-09-23
559,sram2_wr_stall_limit,True,NOT_OBSERVED,"[None, None, None]",B-count,FTDI-00FT46259002B / FI101-r1p0 (109762 v0100) / PMEVCNTR[slot],"EVENTS mode: PMEVTYPER=id, PMCNTENSET, run apU85Conv_TEST, read PMEVCNTR after disable; 3 repeats",boot5,86a10317adccef02e90c447f1650b27944ce37ef8d13ef841dede8fecead7084,2026-09-23T06:46:58.608684+00:00,owner-verbal-2026-09-23
560,sram3_rd_trans_accepted,True,NOT_OBSERVED,"[None, None, None]",B-count,FTDI-00FT46259002B / FI101-r1p0 (109762 v0100) / PMEVCNTR[slot],"EVENTS mode: PMEVTYPER=id, PMCNTENSET, run apU85Conv_TEST, read PMEVCNTR after disable; 3 repeats",boot5,86a10317adccef02e90c447f1650b27944ce37ef8d13ef841dede8fecead7084,2026-09-23T06:46:58.608684+00:00,owner-verbal-2026-09-23
561,sram3_rd_trans_completed,True,NOT_OBSERVED,"[None, None, None]",B-count,FTDI-00FT46259002B / FI101-r1p0 (109762 v0100) / PMEVCNTR[slot],"EVENTS mode: PMEVTYPER=id, PMCNTENSET, run apU85Conv_TEST, read PMEVCNTR after disable; 3 repeats",boot5,86a10317adccef02e90c447f1650b27944ce37ef8d13ef841dede8fecead7084,2026-09-23T06:46:58.608684+00:00,owner-verbal-2026-09-23
562,sram3_rd_data_beat_received,True,NOT_OBSERVED,"[None, None, None]",B-count,FTDI-00FT46259002B / FI101-r1p0 (109762 v0100) / PMEVCNTR[slot],"EVENTS mode: PMEVTYPER=id, PMCNTENSET, run apU85Conv_TEST, read PMEVCNTR after disable; 3 repeats",boot5,86a10317adccef02e90c447f1650b27944ce37ef8d13ef841dede8fecead7084,2026-09-23T06:46:58.608684+00:00,owner-verbal-2026-09-23
563,sram3_rd_tran_req_stalled,True,NOT_OBSERVED,"[None, None, None]",B-count,FTDI-00FT46259002B / FI101-r1p0 (109762 v0100) / PMEVCNTR[slot],"EVENTS mode: PMEVTYPER=id, PMCNTENSET, run apU85Conv_TEST, read PMEVCNTR after disable; 3 repeats",boot5,86a10317adccef02e90c447f1650b27944ce37ef8d13ef841dede8fecead7084,2026-09-23T06:46:58.608684+00:00,owner-verbal-2026-09-23
564,sram3_wr_trans_accepted,True,NOT_OBSERVED,"[None, None, None]",B-count,FTDI-00FT46259002B / FI101-r1p0 (109762 v0100) / PMEVCNTR[slot],"EVENTS mode: PMEVTYPER=id, PMCNTENSET, run apU85Conv_TEST, read PMEVCNTR after disable; 3 repeats",boot5,86a10317adccef02e90c447f1650b27944ce37ef8d13ef841dede8fecead7084,2026-09-23T06:46:58.608684+00:00,owner-verbal-2026-09-23
565,sram3_wr_trans_completed_m,False,NOT_OBSERVED,"[None, None, None]",B-count,FTDI-00FT46259002B / FI101-r1p0 (109762 v0100) / PMEVCNTR[slot],"EVENTS mode: PMEVTYPER=id, PMCNTENSET, run apU85Conv_TEST, read PMEVCNTR after disable; 3 repeats",boot5,86a10317adccef02e90c447f1650b27944ce37ef8d13ef841dede8fecead7084,2026-09-23T06:46:58.608684+00:00,owner-verbal-2026-09-23
566,sram3_wr_trans_completed_s,False,NOT_OBSERVED,"[None, None, None]",B-count,FTDI-00FT46259002B / FI101-r1p0 (109762 v0100) / PMEVCNTR[slot],"EVENTS mode: PMEVTYPER=id, PMCNTENSET, run apU85Conv_TEST, read PMEVCNTR after disable; 3 repeats",boot5,86a10317adccef02e90c447f1650b27944ce37ef8d13ef841dede8fecead7084,2026-09-23T06:46:58.608684+00:00,owner-verbal-2026-09-23
567,sram3_wr_data_beat_written,True,NOT_OBSERVED,"[None, None, None]",B-count,FTDI-00FT46259002B / FI101-r1p0 (109762 v0100) / PMEVCNTR[slot],"EVENTS mode: PMEVTYPER=id, PMCNTENSET, run apU85Conv_TEST, read PMEVCNTR after disable; 3 repeats",boot5,86a10317adccef02e90c447f1650b27944ce37ef8d13ef841dede8fecead7084,2026-09-23T06:46:58.608684+00:00,owner-verbal-2026-09-23
568,sram3_wr_tran_req_stalled,True,NOT_OBSERVED,"[None, None, None]",B-count,FTDI-00FT46259002B / FI101-r1p0 (109762 v0100) / PMEVCNTR[slot],"EVENTS mode: PMEVTYPER=id, PMCNTENSET, run apU85Conv_TEST, read PMEVCNTR after disable; 3 repeats",boot5,86a10317adccef02e90c447f1650b27944ce37ef8d13ef841dede8fecead7084,2026-09-23T06:46:58.608684+00:00,owner-verbal-2026-09-23
569,sram3_wr_data_beat_stalled,True,NOT_OBSERVED,"[None, None, None]",B-count,FTDI-00FT46259002B / FI101-r1p0 (109762 v0100) / PMEVCNTR[slot],"EVENTS mode: PMEVTYPER=id, PMCNTENSET, run apU85Conv_TEST, read PMEVCNTR after disable; 3 repeats",boot5,86a10317adccef02e90c447f1650b27944ce37ef8d13ef841dede8fecead7084,2026-09-23T06:46:58.608684+00:00,owner-verbal-2026-09-23
572,sram3_enabled_cycles,True,NOT_OBSERVED,"[None, None, None]",B-count,FTDI-00FT46259002B / FI101-r1p0 (109762 v0100) / PMEVCNTR[slot],"EVENTS mode: PMEVTYPER=id, PMCNTENSET, run apU85Conv_TEST, read PMEVCNTR after disable; 3 repeats",boot5,86a10317adccef02e90c447f1650b27944ce37ef8d13ef841dede8fecead7084,2026-09-23T06:46:58.608684+00:00,owner-verbal-2026-09-23
574,sram3_rd_stall_limit,True,NOT_OBSERVED,"[None, None, None]",B-count,FTDI-00FT46259002B / FI101-r1p0 (109762 v0100) / PMEVCNTR[slot],"EVENTS mode: PMEVTYPER=id, PMCNTENSET, run apU85Conv_TEST, read PMEVCNTR after disable; 3 repeats",boot5,86a10317adccef02e90c447f1650b27944ce37ef8d13ef841dede8fecead7084,2026-09-23T06:46:58.608684+00:00,owner-verbal-2026-09-23
575,sram3_wr_stall_limit,True,NOT_OBSERVED,"[None, None, None]",B-count,FTDI-00FT46259002B / FI101-r1p0 (109762 v0100) / PMEVCNTR[slot],"EVENTS mode: PMEVTYPER=id, PMCNTENSET, run apU85Conv_TEST, read PMEVCNTR after disable; 3 repeats",boot5,86a10317adccef02e90c447f1650b27944ce37ef8d13ef841dede8fecead7084,2026-09-23T06:46:58.608684+00:00,owner-verbal-2026-09-23
640,ext0_rd_trans_accepted,True,NOT_OBSERVED,"[None, None, None]",B-count,FTDI-00FT46259002B / FI101-r1p0 (109762 v0100) / PMEVCNTR[slot],"EVENTS mode: PMEVTYPER=id, PMCNTENSET, run apU85Conv_TEST, read PMEVCNTR after disable; 3 repeats",boot5,86a10317adccef02e90c447f1650b27944ce37ef8d13ef841dede8fecead7084,2026-09-23T06:46:58.608684+00:00,owner-verbal-2026-09-23
641,ext0_rd_trans_completed,True,NOT_OBSERVED,"[None, None, None]",B-count,FTDI-00FT46259002B / FI101-r1p0 (109762 v0100) / PMEVCNTR[slot],"EVENTS mode: PMEVTYPER=id, PMCNTENSET, run apU85Conv_TEST, read PMEVCNTR after disable; 3 repeats",boot5,86a10317adccef02e90c447f1650b27944ce37ef8d13ef841dede8fecead7084,2026-09-23T06:46:58.608684+00:00,owner-verbal-2026-09-23
642,ext0_rd_data_beat_received,True,NOT_OBSERVED,"[None, None, None]",B-count,FTDI-00FT46259002B / FI101-r1p0 (109762 v0100) / PMEVCNTR[slot],"EVENTS mode: PMEVTYPER=id, PMCNTENSET, run apU85Conv_TEST, read PMEVCNTR after disable; 3 repeats",boot5,86a10317adccef02e90c447f1650b27944ce37ef8d13ef841dede8fecead7084,2026-09-23T06:46:58.608684+00:00,owner-verbal-2026-09-23
643,ext0_rd_tran_req_stalled,True,NOT_OBSERVED,"[None, None, None]",B-count,FTDI-00FT46259002B / FI101-r1p0 (109762 v0100) / PMEVCNTR[slot],"EVENTS mode: PMEVTYPER=id, PMCNTENSET, run apU85Conv_TEST, read PMEVCNTR after disable; 3 repeats",boot5,86a10317adccef02e90c447f1650b27944ce37ef8d13ef841dede8fecead7084,2026-09-23T06:46:58.608684+00:00,owner-verbal-2026-09-23
644,ext0_wr_trans_accepted,True,NOT_OBSERVED,"[None, None, None]",B-count,FTDI-00FT46259002B / FI101-r1p0 (109762 v0100) / PMEVCNTR[slot],"EVENTS mode: PMEVTYPER=id, PMCNTENSET, run apU85Conv_TEST, read PMEVCNTR after disable; 3 repeats",boot5,86a10317adccef02e90c447f1650b27944ce37ef8d13ef841dede8fecead7084,2026-09-23T06:46:58.608684+00:00,owner-verbal-2026-09-23
645,ext0_wr_trans_completed_m,False,NOT_OBSERVED,"[None, None, None]",B-count,FTDI-00FT46259002B / FI101-r1p0 (109762 v0100) / PMEVCNTR[slot],"EVENTS mode: PMEVTYPER=id, PMCNTENSET, run apU85Conv_TEST, read PMEVCNTR after disable; 3 repeats",boot5,86a10317adccef02e90c447f1650b27944ce37ef8d13ef841dede8fecead7084,2026-09-23T06:46:58.608684+00:00,owner-verbal-2026-09-23
646,ext0_wr_trans_completed_s,False,NOT_OBSERVED,"[None, None, None]",B-count,FTDI-00FT46259002B / FI101-r1p0 (109762 v0100) / PMEVCNTR[slot],"EVENTS mode: PMEVTYPER=id, PMCNTENSET, run apU85Conv_TEST, read PMEVCNTR after disable; 3 repeats",boot5,86a10317adccef02e90c447f1650b27944ce37ef8d13ef841dede8fecead7084,2026-09-23T06:46:58.608684+00:00,owner-verbal-2026-09-23
647,ext0_wr_data_beat_written,True,NOT_OBSERVED,"[None, None, None]",B-count,FTDI-00FT46259002B / FI101-r1p0 (109762 v0100) / PMEVCNTR[slot],"EVENTS mode: PMEVTYPER=id, PMCNTENSET, run apU85Conv_TEST, read PMEVCNTR after disable; 3 repeats",boot5,86a10317adccef02e90c447f1650b27944ce37ef8d13ef841dede8fecead7084,2026-09-23T06:46:58.608684+00:00,owner-verbal-2026-09-23
648,ext0_wr_tran_req_stalled,True,NOT_OBSERVED,"[None, None, None]",B-count,FTDI-00FT46259002B / FI101-r1p0 (109762 v0100) / PMEVCNTR[slot],"EVENTS mode: PMEVTYPER=id, PMCNTENSET, run apU85Conv_TEST, read PMEVCNTR after disable; 3 repeats",boot5,86a10317adccef02e90c447f1650b27944ce37ef8d13ef841dede8fecead7084,2026-09-23T06:46:58.608684+00:00,owner-verbal-2026-09-23
649,ext0_wr_data_beat_stalled,True,NOT_OBSERVED,"[None, None, None]",B-count,FTDI-00FT46259002B / FI101-r1p0 (109762 v0100) / PMEVCNTR[slot],"EVENTS mode: PMEVTYPER=id, PMCNTENSET, run apU85Conv_TEST, read PMEVCNTR after disable; 3 repeats",boot5,86a10317adccef02e90c447f1650b27944ce37ef8d13ef841dede8fecead7084,2026-09-23T06:46:58.608684+00:00,owner-verbal-2026-09-23
652,ext0_enabled_cycles,True,NOT_OBSERVED,"[None, None, None]",B-count,FTDI-00FT46259002B / FI101-r1p0 (109762 v0100) / PMEVCNTR[slot],"EVENTS mode: PMEVTYPER=id, PMCNTENSET, run apU85Conv_TEST, read PMEVCNTR after disable; 3 repeats",boot5,86a10317adccef02e90c447f1650b27944ce37ef8d13ef841dede8fecead7084,2026-09-23T06:46:58.608684+00:00,owner-verbal-2026-09-23
654,ext0_rd_stall_limit,True,NOT_OBSERVED,"[None, None, None]",B-count,FTDI-00FT46259002B / FI101-r1p0 (109762 v0100) / PMEVCNTR[slot],"EVENTS mode: PMEVTYPER=id, PMCNTENSET, run apU85Conv_TEST, read PMEVCNTR after disable; 3 repeats",boot5,86a10317adccef02e90c447f1650b27944ce37ef8d13ef841dede8fecead7084,2026-09-23T06:46:58.608684+00:00,owner-verbal-2026-09-23
655,ext0_wr_stall_limit,True,NOT_OBSERVED,"[None, None, None]",B-count,FTDI-00FT46259002B / FI101-r1p0 (109762 v0100) / PMEVCNTR[slot],"EVENTS mode: PMEVTYPER=id, PMCNTENSET, run apU85Conv_TEST, read PMEVCNTR after disable; 3 repeats",boot5,86a10317adccef02e90c447f1650b27944ce37ef8d13ef841dede8fecead7084,2026-09-23T06:46:58.608684+00:00,owner-verbal-2026-09-23
656,ext1_rd_trans_accepted,True,NOT_OBSERVED,"[None, None, None]",B-count,FTDI-00FT46259002B / FI101-r1p0 (109762 v0100) / PMEVCNTR[slot],"EVENTS mode: PMEVTYPER=id, PMCNTENSET, run apU85Conv_TEST, read PMEVCNTR after disable; 3 repeats",boot5,86a10317adccef02e90c447f1650b27944ce37ef8d13ef841dede8fecead7084,2026-09-23T06:46:58.608684+00:00,owner-verbal-2026-09-23
657,ext1_rd_trans_completed,True,NOT_OBSERVED,"[None, None, None]",B-count,FTDI-00FT46259002B / FI101-r1p0 (109762 v0100) / PMEVCNTR[slot],"EVENTS mode: PMEVTYPER=id, PMCNTENSET, run apU85Conv_TEST, read PMEVCNTR after disable; 3 repeats",boot5,86a10317adccef02e90c447f1650b27944ce37ef8d13ef841dede8fecead7084,2026-09-23T06:46:58.608684+00:00,owner-verbal-2026-09-23
658,ext1_rd_data_beat_received,True,NOT_OBSERVED,"[None, None, None]",B-count,FTDI-00FT46259002B / FI101-r1p0 (109762 v0100) / PMEVCNTR[slot],"EVENTS mode: PMEVTYPER=id, PMCNTENSET, run apU85Conv_TEST, read PMEVCNTR after disable; 3 repeats",boot5,86a10317adccef02e90c447f1650b27944ce37ef8d13ef841dede8fecead7084,2026-09-23T06:46:58.608684+00:00,owner-verbal-2026-09-23
659,ext1_rd_tran_req_stalled,True,NOT_OBSERVED,"[None, None, None]",B-count,FTDI-00FT46259002B / FI101-r1p0 (109762 v0100) / PMEVCNTR[slot],"EVENTS mode: PMEVTYPER=id, PMCNTENSET, run apU85Conv_TEST, read PMEVCNTR after disable; 3 repeats",boot5,86a10317adccef02e90c447f1650b27944ce37ef8d13ef841dede8fecead7084,2026-09-23T06:46:58.608684+00:00,owner-verbal-2026-09-23
660,ext1_wr_trans_accepted,True,NOT_OBSERVED,"[None, None, None]",B-count,FTDI-00FT46259002B / FI101-r1p0 (109762 v0100) / PMEVCNTR[slot],"EVENTS mode: PMEVTYPER=id, PMCNTENSET, run apU85Conv_TEST, read PMEVCNTR after disable; 3 repeats",boot5,86a10317adccef02e90c447f1650b27944ce37ef8d13ef841dede8fecead7084,2026-09-23T06:46:58.608684+00:00,owner-verbal-2026-09-23
661,ext1_wr_trans_completed_m,False,NOT_OBSERVED,"[None, None, None]",B-count,FTDI-00FT46259002B / FI101-r1p0 (109762 v0100) / PMEVCNTR[slot],"EVENTS mode: PMEVTYPER=id, PMCNTENSET, run apU85Conv_TEST, read PMEVCNTR after disable; 3 repeats",boot5,86a10317adccef02e90c447f1650b27944ce37ef8d13ef841dede8fecead7084,2026-09-23T06:46:58.608684+00:00,owner-verbal-2026-09-23
662,ext1_wr_trans_completed_s,False,NOT_OBSERVED,"[None, None, None]",B-count,FTDI-00FT46259002B / FI101-r1p0 (109762 v0100) / PMEVCNTR[slot],"EVENTS mode: PMEVTYPER=id, PMCNTENSET, run apU85Conv_TEST, read PMEVCNTR after disable; 3 repeats",boot5,86a10317adccef02e90c447f1650b27944ce37ef8d13ef841dede8fecead7084,2026-09-23T06:46:58.608684+00:00,owner-verbal-2026-09-23
663,ext1_wr_data_beat_written,True,NOT_OBSERVED,"[None, None, None]",B-count,FTDI-00FT46259002B / FI101-r1p0 (109762 v0100) / PMEVCNTR[slot],"EVENTS mode: PMEVTYPER=id, PMCNTENSET, run apU85Conv_TEST, read PMEVCNTR after disable; 3 repeats",boot5,86a10317adccef02e90c447f1650b27944ce37ef8d13ef841dede8fecead7084,2026-09-23T06:46:58.608684+00:00,owner-verbal-2026-09-23
664,ext1_wr_tran_req_stalled,True,NOT_OBSERVED,"[None, None, None]",B-count,FTDI-00FT46259002B / FI101-r1p0 (109762 v0100) / PMEVCNTR[slot],"EVENTS mode: PMEVTYPER=id, PMCNTENSET, run apU85Conv_TEST, read PMEVCNTR after disable; 3 repeats",boot5,86a10317adccef02e90c447f1650b27944ce37ef8d13ef841dede8fecead7084,2026-09-23T06:46:58.608684+00:00,owner-verbal-2026-09-23
665,ext1_wr_data_beat_stalled,True,NOT_OBSERVED,"[None, None, None]",B-count,FTDI-00FT46259002B / FI101-r1p0 (109762 v0100) / PMEVCNTR[slot],"EVENTS mode: PMEVTYPER=id, PMCNTENSET, run apU85Conv_TEST, read PMEVCNTR after disable; 3 repeats",boot5,86a10317adccef02e90c447f1650b27944ce37ef8d13ef841dede8fecead7084,2026-09-23T06:46:58.608684+00:00,owner-verbal-2026-09-23
668,ext1_enabled_cycles,True,NOT_OBSERVED,"[None, 0, 0]",B-count,FTDI-00FT46259002B / FI101-r1p0 (109762 v0100) / PMEVCNTR[slot],"EVENTS mode: PMEVTYPER=id, PMCNTENSET, run apU85Conv_TEST, read PMEVCNTR after disable; 3 repeats",boot5,86a10317adccef02e90c447f1650b27944ce37ef8d13ef841dede8fecead7084,2026-09-23T06:46:58.608684+00:00,owner-verbal-2026-09-23
670,ext1_rd_stall_limit,True,NOT_OBSERVED,"[None, 0, 0]",B-count,FTDI-00FT46259002B / FI101-r1p0 (109762 v0100) / PMEVCNTR[slot],"EVENTS mode: PMEVTYPER=id, PMCNTENSET, run apU85Conv_TEST, read PMEVCNTR after disable; 3 repeats",boot5,86a10317adccef02e90c447f1650b27944ce37ef8d13ef841dede8fecead7084,2026-09-23T06:46:58.608684+00:00,owner-verbal-2026-09-23
671,ext1_wr_stall_limit,True,NOT_OBSERVED,"[None, 0, 0]",B-count,FTDI-00FT46259002B / FI101-r1p0 (109762 v0100) / PMEVCNTR[slot],"EVENTS mode: PMEVTYPER=id, PMCNTENSET, run apU85Conv_TEST, read PMEVCNTR after disable; 3 repeats",boot5,86a10317adccef02e90c447f1650b27944ce37ef8d13ef841dede8fecead7084,2026-09-23T06:46:58.608684+00:00,owner-verbal-2026-09-23
