accelerator_config,cpu_operator_pct,cpu_operators,mac_config,memory_mode,model,model_sha256,npu,npu_operators,output_artifact,output_sha256,platform,success,system_config,vela_args,vela_core_clock,vela_cycles_dram_access,vela_cycles_npu,vela_cycles_sram_access,vela_cycles_total,vela_dram_memory_used,vela_dram_total_bytes,vela_inference_time,vela_sram_memory_used,vela_sram_total_bytes,vela_total_npu_encoded_weights,vela_version
ethos-u55-32,0.0,0,32,Shared_Sram,rnnoise_INT8,9c582545b7c13af44616c44b654f4fe721aa2585630b0ca173ca3589f6f11c2c,ethos-u55,48,rnnoise_INT8_vela.tflite,7728c11b4b5b33029d10648d85d754895bffe713b93048fd7d2ed4a67f8e7611,SSE-300,True,Ethos_U55_High_End_Embedded,--accelerator-config ethos-u55-32 --config /opt/arm/ml-embedded-evaluation-kit/scripts/vela/default_vela.ini --system-config Ethos_U55_High_End_Embedded --memory-mode Shared_Sram --optimise Performance --output-dir /tmp/vela_matrix/rnnoise_INT8__SSE-300__ethos-u55-32 /opt/arm/ml-embedded-evaluation-kit/resources_downloaded/noise_reduction/rnnoise_INT8.tflite,500000000.0,0,23094,1623,114315,0.0,0,0.00022863,0.9375,13008,95120,5.0.0
ethos-u55-64,0.0,0,64,Shared_Sram,rnnoise_INT8,9c582545b7c13af44616c44b654f4fe721aa2585630b0ca173ca3589f6f11c2c,ethos-u55,48,rnnoise_INT8_vela.tflite,f860de6f270569d437147e4842c5068cc4819bd88b347100eda514a8c29edcb3,SSE-300,True,Ethos_U55_High_End_Embedded,--accelerator-config ethos-u55-64 --config /opt/arm/ml-embedded-evaluation-kit/scripts/vela/default_vela.ini --system-config Ethos_U55_High_End_Embedded --memory-mode Shared_Sram --optimise Performance --output-dir /tmp/vela_matrix/rnnoise_INT8__SSE-300__ethos-u55-64 /opt/arm/ml-embedded-evaluation-kit/resources_downloaded/noise_reduction/rnnoise_INT8.tflite,500000000.0,0,19877,1568,111011,0.0,0,0.000222022,0.9375,12576,95136,5.0.0
ethos-u55-128,0.0,0,128,Shared_Sram,rnnoise_INT8,9c582545b7c13af44616c44b654f4fe721aa2585630b0ca173ca3589f6f11c2c,ethos-u55,48,rnnoise_INT8_vela.tflite,dc90c7834d575c66e759e294c1e22380d2b3c387cc41ead31b6810c0e714e0f3,SSE-300,True,Ethos_U55_High_End_Embedded,--accelerator-config ethos-u55-128 --config /opt/arm/ml-embedded-evaluation-kit/scripts/vela/default_vela.ini --system-config Ethos_U55_High_End_Embedded --memory-mode Shared_Sram --optimise Performance --output-dir /tmp/vela_matrix/rnnoise_INT8__SSE-300__ethos-u55-128 /opt/arm/ml-embedded-evaluation-kit/resources_downloaded/noise_reduction/rnnoise_INT8.tflite,500000000.0,0,18268,1099,109405,0.0,0,0.00021881,0.9375,8820,95136,5.0.0
ethos-u55-256,0.0,0,256,Shared_Sram,rnnoise_INT8,9c582545b7c13af44616c44b654f4fe721aa2585630b0ca173ca3589f6f11c2c,ethos-u55,48,rnnoise_INT8_vela.tflite,2fdebe4cbda30f7d2b94668673cf70bdf11b6a745f5970285524c6a0593b4221,SSE-300,True,Ethos_U55_High_End_Embedded,--accelerator-config ethos-u55-256 --config /opt/arm/ml-embedded-evaluation-kit/scripts/vela/default_vela.ini --system-config Ethos_U55_High_End_Embedded --memory-mode Shared_Sram --optimise Performance --output-dir /tmp/vela_matrix/rnnoise_INT8__SSE-300__ethos-u55-256 /opt/arm/ml-embedded-evaluation-kit/resources_downloaded/noise_reduction/rnnoise_INT8.tflite,500000000.0,0,17816,1099,108953,0.0,0,0.000217906,0.9375,8820,95136,5.0.0
ethos-u65-256,0.0,0,256,Dedicated_Sram,rnnoise_INT8,9c582545b7c13af44616c44b654f4fe721aa2585630b0ca173ca3589f6f11c2c,ethos-u65,48,rnnoise_INT8_vela.tflite,adbda150d7ef0c99ce65f699bb0dbc818fa50b6ea073c0386c472187a3af1b33,SSE-300,True,Ethos_U65_High_End,--accelerator-config ethos-u65-256 --config /opt/arm/ml-embedded-evaluation-kit/scripts/vela/default_vela.ini --system-config Ethos_U65_High_End --memory-mode Dedicated_Sram --optimise Performance --output-dir /tmp/vela_matrix/rnnoise_INT8__SSE-300__ethos-u65-256 /opt/arm/ml-embedded-evaluation-kit/resources_downloaded/noise_reduction/rnnoise_INT8.tflite,1000000000.0,29798,32738,444,37132,106.265625,111781,3.7132e-05,0.6875,7122,95136,5.0.0
ethos-u65-512,0.0,0,512,Dedicated_Sram,rnnoise_INT8,9c582545b7c13af44616c44b654f4fe721aa2585630b0ca173ca3589f6f11c2c,ethos-u65,48,rnnoise_INT8_vela.tflite,13c2f7daab192e34784b571eb97cea752005b3969cda1135dd637fd73306cbb7,SSE-300,True,Ethos_U65_High_End,--accelerator-config ethos-u65-512 --config /opt/arm/ml-embedded-evaluation-kit/scripts/vela/default_vela.ini --system-config Ethos_U65_High_End --memory-mode Dedicated_Sram --optimise Performance --output-dir /tmp/vela_matrix/rnnoise_INT8__SSE-300__ethos-u65-512 /opt/arm/ml-embedded-evaluation-kit/resources_downloaded/noise_reduction/rnnoise_INT8.tflite,1000000000.0,29617,28849,368,35624,106.625,111098,3.5624e-05,0.6875,5934,95456,5.0.0
ethos-u55-32,0.0,0,32,Shared_Sram,rnnoise_INT8,9c582545b7c13af44616c44b654f4fe721aa2585630b0ca173ca3589f6f11c2c,ethos-u55,48,rnnoise_INT8_vela.tflite,7728c11b4b5b33029d10648d85d754895bffe713b93048fd7d2ed4a67f8e7611,SSE-310,True,Ethos_U55_High_End_Embedded,--accelerator-config ethos-u55-32 --config /opt/arm/ml-embedded-evaluation-kit/scripts/vela/default_vela.ini --system-config Ethos_U55_High_End_Embedded --memory-mode Shared_Sram --optimise Performance --output-dir /tmp/vela_matrix/rnnoise_INT8__SSE-310__ethos-u55-32 /opt/arm/ml-embedded-evaluation-kit/resources_downloaded/noise_reduction/rnnoise_INT8.tflite,500000000.0,0,23094,1623,114315,0.0,0,0.00022863,0.9375,13008,95120,5.0.0
ethos-u55-64,0.0,0,64,Shared_Sram,rnnoise_INT8,9c582545b7c13af44616c44b654f4fe721aa2585630b0ca173ca3589f6f11c2c,ethos-u55,48,rnnoise_INT8_vela.tflite,f860de6f270569d437147e4842c5068cc4819bd88b347100eda514a8c29edcb3,SSE-310,True,Ethos_U55_High_End_Embedded,--accelerator-config ethos-u55-64 --config /opt/arm/ml-embedded-evaluation-kit/scripts/vela/default_vela.ini --system-config Ethos_U55_High_End_Embedded --memory-mode Shared_Sram --optimise Performance --output-dir /tmp/vela_matrix/rnnoise_INT8__SSE-310__ethos-u55-64 /opt/arm/ml-embedded-evaluation-kit/resources_downloaded/noise_reduction/rnnoise_INT8.tflite,500000000.0,0,19877,1568,111011,0.0,0,0.000222022,0.9375,12576,95136,5.0.0
ethos-u55-128,0.0,0,128,Shared_Sram,rnnoise_INT8,9c582545b7c13af44616c44b654f4fe721aa2585630b0ca173ca3589f6f11c2c,ethos-u55,48,rnnoise_INT8_vela.tflite,dc90c7834d575c66e759e294c1e22380d2b3c387cc41ead31b6810c0e714e0f3,SSE-310,True,Ethos_U55_High_End_Embedded,--accelerator-config ethos-u55-128 --config /opt/arm/ml-embedded-evaluation-kit/scripts/vela/default_vela.ini --system-config Ethos_U55_High_End_Embedded --memory-mode Shared_Sram --optimise Performance --output-dir /tmp/vela_matrix/rnnoise_INT8__SSE-310__ethos-u55-128 /opt/arm/ml-embedded-evaluation-kit/resources_downloaded/noise_reduction/rnnoise_INT8.tflite,500000000.0,0,18268,1099,109405,0.0,0,0.00021881,0.9375,8820,95136,5.0.0
ethos-u55-256,0.0,0,256,Shared_Sram,rnnoise_INT8,9c582545b7c13af44616c44b654f4fe721aa2585630b0ca173ca3589f6f11c2c,ethos-u55,48,rnnoise_INT8_vela.tflite,2fdebe4cbda30f7d2b94668673cf70bdf11b6a745f5970285524c6a0593b4221,SSE-310,True,Ethos_U55_High_End_Embedded,--accelerator-config ethos-u55-256 --config /opt/arm/ml-embedded-evaluation-kit/scripts/vela/default_vela.ini --system-config Ethos_U55_High_End_Embedded --memory-mode Shared_Sram --optimise Performance --output-dir /tmp/vela_matrix/rnnoise_INT8__SSE-310__ethos-u55-256 /opt/arm/ml-embedded-evaluation-kit/resources_downloaded/noise_reduction/rnnoise_INT8.tflite,500000000.0,0,17816,1099,108953,0.0,0,0.000217906,0.9375,8820,95136,5.0.0
ethos-u65-256,0.0,0,256,Dedicated_Sram,rnnoise_INT8,9c582545b7c13af44616c44b654f4fe721aa2585630b0ca173ca3589f6f11c2c,ethos-u65,48,rnnoise_INT8_vela.tflite,adbda150d7ef0c99ce65f699bb0dbc818fa50b6ea073c0386c472187a3af1b33,SSE-310,True,Ethos_U65_High_End,--accelerator-config ethos-u65-256 --config /opt/arm/ml-embedded-evaluation-kit/scripts/vela/default_vela.ini --system-config Ethos_U65_High_End --memory-mode Dedicated_Sram --optimise Performance --output-dir /tmp/vela_matrix/rnnoise_INT8__SSE-310__ethos-u65-256 /opt/arm/ml-embedded-evaluation-kit/resources_downloaded/noise_reduction/rnnoise_INT8.tflite,1000000000.0,29798,32738,444,37132,106.265625,111781,3.7132e-05,0.6875,7122,95136,5.0.0
ethos-u65-512,0.0,0,512,Dedicated_Sram,rnnoise_INT8,9c582545b7c13af44616c44b654f4fe721aa2585630b0ca173ca3589f6f11c2c,ethos-u65,48,rnnoise_INT8_vela.tflite,13c2f7daab192e34784b571eb97cea752005b3969cda1135dd637fd73306cbb7,SSE-310,True,Ethos_U65_High_End,--accelerator-config ethos-u65-512 --config /opt/arm/ml-embedded-evaluation-kit/scripts/vela/default_vela.ini --system-config Ethos_U65_High_End --memory-mode Dedicated_Sram --optimise Performance --output-dir /tmp/vela_matrix/rnnoise_INT8__SSE-310__ethos-u65-512 /opt/arm/ml-embedded-evaluation-kit/resources_downloaded/noise_reduction/rnnoise_INT8.tflite,1000000000.0,29617,28849,368,35624,106.625,111098,3.5624e-05,0.6875,5934,95456,5.0.0
ethos-u65-256,0.0,0,256,Dedicated_Sram,rnnoise_INT8,9c582545b7c13af44616c44b654f4fe721aa2585630b0ca173ca3589f6f11c2c,ethos-u65,48,rnnoise_INT8_vela.tflite,adbda150d7ef0c99ce65f699bb0dbc818fa50b6ea073c0386c472187a3af1b33,SSE-315,True,Ethos_U65_High_End,--accelerator-config ethos-u65-256 --config /opt/arm/ml-embedded-evaluation-kit/scripts/vela/default_vela.ini --system-config Ethos_U65_High_End --memory-mode Dedicated_Sram --optimise Performance --output-dir /tmp/vela_matrix/rnnoise_INT8__SSE-315__ethos-u65-256 /opt/arm/ml-embedded-evaluation-kit/resources_downloaded/noise_reduction/rnnoise_INT8.tflite,1000000000.0,29798,32738,444,37132,106.265625,111781,3.7132e-05,0.6875,7122,95136,5.0.0
ethos-u65-512,0.0,0,512,Dedicated_Sram,rnnoise_INT8,9c582545b7c13af44616c44b654f4fe721aa2585630b0ca173ca3589f6f11c2c,ethos-u65,48,rnnoise_INT8_vela.tflite,13c2f7daab192e34784b571eb97cea752005b3969cda1135dd637fd73306cbb7,SSE-315,True,Ethos_U65_High_End,--accelerator-config ethos-u65-512 --config /opt/arm/ml-embedded-evaluation-kit/scripts/vela/default_vela.ini --system-config Ethos_U65_High_End --memory-mode Dedicated_Sram --optimise Performance --output-dir /tmp/vela_matrix/rnnoise_INT8__SSE-315__ethos-u65-512 /opt/arm/ml-embedded-evaluation-kit/resources_downloaded/noise_reduction/rnnoise_INT8.tflite,1000000000.0,29617,28849,368,35624,106.625,111098,3.5624e-05,0.6875,5934,95456,5.0.0
ethos-u85-128,0.0,0,128,Dedicated_Sram,rnnoise_INT8,9c582545b7c13af44616c44b654f4fe721aa2585630b0ca173ca3589f6f11c2c,ethos-u85,39,rnnoise_INT8_vela.tflite,a41290173171ac803fa6d21fc48c36d335bae3bf9d966a10bab98d689105f321,SSE-320,True,Ethos_U85_SYS_DRAM_Low,--accelerator-config ethos-u85-128 --config /opt/arm/ml-embedded-evaluation-kit/scripts/vela/default_vela.ini --system-config Ethos_U85_SYS_DRAM_Low --memory-mode Dedicated_Sram --optimise Performance --output-dir /tmp/vela_matrix/rnnoise_INT8__SSE-320__ethos-u85-128 /opt/arm/ml-embedded-evaluation-kit/resources_downloaded/noise_reduction/rnnoise_INT8.tflite,500000000.0,36033,31743,307,38312,112.125,114928,7.6624e-05,0.6875,9956,100560,5.0.0
ethos-u85-256,0.0,0,256,Dedicated_Sram,rnnoise_INT8,9c582545b7c13af44616c44b654f4fe721aa2585630b0ca173ca3589f6f11c2c,ethos-u85,39,rnnoise_INT8_vela.tflite,8f342f545a9a9e1da4493fa2f73ff5779785fa5a0c7f6bfac2096153f1b2116e,SSE-320,True,Ethos_U85_SYS_DRAM_Low,--accelerator-config ethos-u85-256 --config /opt/arm/ml-embedded-evaluation-kit/scripts/vela/default_vela.ini --system-config Ethos_U85_SYS_DRAM_Low --memory-mode Dedicated_Sram --optimise Performance --output-dir /tmp/vela_matrix/rnnoise_INT8__SSE-320__ethos-u85-256 /opt/arm/ml-embedded-evaluation-kit/resources_downloaded/noise_reduction/rnnoise_INT8.tflite,500000000.0,35828,31324,256,37836,112.125,114928,7.5672e-05,0.6875,8340,100560,5.0.0
ethos-u85-512,0.0,0,512,Dedicated_Sram,rnnoise_INT8,9c582545b7c13af44616c44b654f4fe721aa2585630b0ca173ca3589f6f11c2c,ethos-u85,39,rnnoise_INT8_vela.tflite,12087f72b6dce2e03b1146f11dcd5e1c254f1ed6f737bc5df22c8ab0dbdf335c,SSE-320,True,Ethos_U85_SYS_DRAM_Mid_512,--accelerator-config ethos-u85-512 --config /opt/arm/ml-embedded-evaluation-kit/scripts/vela/default_vela.ini --system-config Ethos_U85_SYS_DRAM_Mid_512 --memory-mode Dedicated_Sram --optimise Performance --output-dir /tmp/vela_matrix/rnnoise_INT8__SSE-320__ethos-u85-512 /opt/arm/ml-embedded-evaluation-kit/resources_downloaded/noise_reduction/rnnoise_INT8.tflite,1000000000.0,27359,31244,228,31846,112.59375,114648,3.1846e-05,0.6875,5804,101040,5.0.0
ethos-u85-1024,0.0,0,1024,Dedicated_Sram,rnnoise_INT8,9c582545b7c13af44616c44b654f4fe721aa2585630b0ca173ca3589f6f11c2c,ethos-u85,39,rnnoise_INT8_vela.tflite,5bc1ee088fd731dbb9fed4a0d8ddcea92c11600e82b5041371149465510bee79,SSE-320,True,Ethos_U85_SYS_DRAM_Mid_1024,--accelerator-config ethos-u85-1024 --config /opt/arm/ml-embedded-evaluation-kit/scripts/vela/default_vela.ini --system-config Ethos_U85_SYS_DRAM_Mid_1024 --memory-mode Dedicated_Sram --optimise Performance --output-dir /tmp/vela_matrix/rnnoise_INT8__SSE-320__ethos-u85-1024 /opt/arm/ml-embedded-evaluation-kit/resources_downloaded/noise_reduction/rnnoise_INT8.tflite,1000000000.0,29091,31334,157,33040,114.65625,116500,3.304e-05,0.6875,4196,102352,5.0.0
ethos-u85-2048,0.0,0,2048,Dedicated_Sram,rnnoise_INT8,9c582545b7c13af44616c44b654f4fe721aa2585630b0ca173ca3589f6f11c2c,ethos-u85,39,rnnoise_INT8_vela.tflite,0cb89bfa18ffcd82d67b096c2ce3f1eefe2046b4c26175983c9d5837b790a979,SSE-320,True,Ethos_U85_SYS_DRAM_High_2048,--accelerator-config ethos-u85-2048 --config /opt/arm/ml-embedded-evaluation-kit/scripts/vela/default_vela.ini --system-config Ethos_U85_SYS_DRAM_High_2048 --memory-mode Dedicated_Sram --optimise Performance --output-dir /tmp/vela_matrix/rnnoise_INT8__SSE-320__ethos-u85-2048 /opt/arm/ml-embedded-evaluation-kit/resources_downloaded/noise_reduction/rnnoise_INT8.tflite,1000000000.0,36120,32566,71,38779,120.453125,122390,3.8779e-05,0.6875,4196,105408,5.0.0
ethos-u55-32,0.0,0,32,Shared_Sram,kws_micronet_m,c1feed3af5dac44de7477fb4161670ba18a3fc06039e4a14da41b1c4dd454cb4,ethos-u55,13,kws_micronet_m_vela.tflite,09bf0e8f3fc493b2938887584ffb6fd47936c04b6ce44b674f7cff93d58e783f,SSE-300,True,Ethos_U55_High_End_Embedded,--accelerator-config ethos-u55-32 --config /opt/arm/ml-embedded-evaluation-kit/scripts/vela/default_vela.ini --system-config Ethos_U55_High_End_Embedded --memory-mode Shared_Sram --optimise Performance --output-dir /tmp/vela_matrix/kws_micronet_m__SSE-300__ethos-u55-32 /opt/arm/ml-embedded-evaluation-kit/resources_downloaded/kws/kws_micronet_m.tflite,500000000.0,0,1401405,186852,1401405,0.0,0,0.00280281,110.625,1695296,122112,5.0.0
ethos-u55-64,0.0,0,64,Shared_Sram,kws_micronet_m,c1feed3af5dac44de7477fb4161670ba18a3fc06039e4a14da41b1c4dd454cb4,ethos-u55,13,kws_micronet_m_vela.tflite,80e6eab37ccb675ae7028d2844e6207a7d500d4f43536e4ea9749362c6be57ee,SSE-300,True,Ethos_U55_High_End_Embedded,--accelerator-config ethos-u55-64 --config /opt/arm/ml-embedded-evaluation-kit/scripts/vela/default_vela.ini --system-config Ethos_U55_High_End_Embedded --memory-mode Shared_Sram --optimise Performance --output-dir /tmp/vela_matrix/kws_micronet_m__SSE-300__ethos-u55-64 /opt/arm/ml-embedded-evaluation-kit/resources_downloaded/kws/kws_micronet_m.tflite,500000000.0,0,730268,187506,730268,0.0,0,0.001460536,110.71875,1696392,122352,5.0.0
ethos-u55-128,0.0,0,128,Shared_Sram,kws_micronet_m,c1feed3af5dac44de7477fb4161670ba18a3fc06039e4a14da41b1c4dd454cb4,ethos-u55,13,kws_micronet_m_vela.tflite,d98a6f40c47fb2ebc88f9ece65db40452220c19e23d014eb8706348215943406,SSE-300,True,Ethos_U55_High_End_Embedded,--accelerator-config ethos-u55-128 --config /opt/arm/ml-embedded-evaluation-kit/scripts/vela/default_vela.ini --system-config Ethos_U55_High_End_Embedded --memory-mode Shared_Sram --optimise Performance --output-dir /tmp/vela_matrix/kws_micronet_m__SSE-300__ethos-u55-128 /opt/arm/ml-embedded-evaluation-kit/resources_downloaded/kws/kws_micronet_m.tflite,500000000.0,0,410920,169777,410920,0.0,0,0.00082184,110.75,1506088,122432,5.0.0
ethos-u55-256,0.0,0,256,Shared_Sram,kws_micronet_m,c1feed3af5dac44de7477fb4161670ba18a3fc06039e4a14da41b1c4dd454cb4,ethos-u55,13,kws_micronet_m_vela.tflite,bfbeaedf0e11e287334519e9347ac74044a7f4b462372c167f5240e755ed02bc,SSE-300,True,Ethos_U55_High_End_Embedded,--accelerator-config ethos-u55-256 --config /opt/arm/ml-embedded-evaluation-kit/scripts/vela/default_vela.ini --system-config Ethos_U55_High_End_Embedded --memory-mode Shared_Sram --optimise Performance --output-dir /tmp/vela_matrix/kws_micronet_m__SSE-300__ethos-u55-256 /opt/arm/ml-embedded-evaluation-kit/resources_downloaded/kws/kws_micronet_m.tflite,500000000.0,0,244463,149051,255615,0.0,0,0.00051123,103.984375,1281448,122544,5.0.0
ethos-u65-256,0.0,0,256,Dedicated_Sram,kws_micronet_m,c1feed3af5dac44de7477fb4161670ba18a3fc06039e4a14da41b1c4dd454cb4,ethos-u65,13,kws_micronet_m_vela.tflite,8b7930df8bb7ff522beb03199b725cf3a920fe6cf465df13a880d0f87a202d74,SSE-300,True,Ethos_U65_High_End,--accelerator-config ethos-u65-256 --config /opt/arm/ml-embedded-evaluation-kit/scripts/vela/default_vela.ini --system-config Ethos_U65_High_End --memory-mode Dedicated_Sram --optimise Performance --output-dir /tmp/vela_matrix/kws_micronet_m__SSE-300__ethos-u65-256 /opt/arm/ml-embedded-evaluation-kit/resources_downloaded/kws/kws_micronet_m.tflite,1000000000.0,85880,224931,65302,225007,135.203125,414528,0.000225007,110.71875,1182848,122352,5.0.0
ethos-u65-512,0.0,0,512,Dedicated_Sram,kws_micronet_m,c1feed3af5dac44de7477fb4161670ba18a3fc06039e4a14da41b1c4dd454cb4,ethos-u65,13,kws_micronet_m_vela.tflite,7b67b867a8206bdaaf05869c11ff67f1462210055c126dcd13de422633d17216,SSE-300,True,Ethos_U65_High_End,--accelerator-config ethos-u65-512 --config /opt/arm/ml-embedded-evaluation-kit/scripts/vela/default_vela.ini --system-config Ethos_U65_High_End --memory-mode Dedicated_Sram --optimise Performance --output-dir /tmp/vela_matrix/kws_micronet_m__SSE-300__ethos-u65-512 /opt/arm/ml-embedded-evaluation-kit/resources_downloaded/kws/kws_micronet_m.tflite,1000000000.0,89135,116075,66084,152017,135.75,415088,0.000152017,110.765625,1183808,122896,5.0.0
ethos-u55-32,0.0,0,32,Shared_Sram,kws_micronet_m,c1feed3af5dac44de7477fb4161670ba18a3fc06039e4a14da41b1c4dd454cb4,ethos-u55,13,kws_micronet_m_vela.tflite,09bf0e8f3fc493b2938887584ffb6fd47936c04b6ce44b674f7cff93d58e783f,SSE-310,True,Ethos_U55_High_End_Embedded,--accelerator-config ethos-u55-32 --config /opt/arm/ml-embedded-evaluation-kit/scripts/vela/default_vela.ini --system-config Ethos_U55_High_End_Embedded --memory-mode Shared_Sram --optimise Performance --output-dir /tmp/vela_matrix/kws_micronet_m__SSE-310__ethos-u55-32 /opt/arm/ml-embedded-evaluation-kit/resources_downloaded/kws/kws_micronet_m.tflite,500000000.0,0,1401405,186852,1401405,0.0,0,0.00280281,110.625,1695296,122112,5.0.0
ethos-u55-64,0.0,0,64,Shared_Sram,kws_micronet_m,c1feed3af5dac44de7477fb4161670ba18a3fc06039e4a14da41b1c4dd454cb4,ethos-u55,13,kws_micronet_m_vela.tflite,80e6eab37ccb675ae7028d2844e6207a7d500d4f43536e4ea9749362c6be57ee,SSE-310,True,Ethos_U55_High_End_Embedded,--accelerator-config ethos-u55-64 --config /opt/arm/ml-embedded-evaluation-kit/scripts/vela/default_vela.ini --system-config Ethos_U55_High_End_Embedded --memory-mode Shared_Sram --optimise Performance --output-dir /tmp/vela_matrix/kws_micronet_m__SSE-310__ethos-u55-64 /opt/arm/ml-embedded-evaluation-kit/resources_downloaded/kws/kws_micronet_m.tflite,500000000.0,0,730268,187506,730268,0.0,0,0.001460536,110.71875,1696392,122352,5.0.0
ethos-u55-128,0.0,0,128,Shared_Sram,kws_micronet_m,c1feed3af5dac44de7477fb4161670ba18a3fc06039e4a14da41b1c4dd454cb4,ethos-u55,13,kws_micronet_m_vela.tflite,d98a6f40c47fb2ebc88f9ece65db40452220c19e23d014eb8706348215943406,SSE-310,True,Ethos_U55_High_End_Embedded,--accelerator-config ethos-u55-128 --config /opt/arm/ml-embedded-evaluation-kit/scripts/vela/default_vela.ini --system-config Ethos_U55_High_End_Embedded --memory-mode Shared_Sram --optimise Performance --output-dir /tmp/vela_matrix/kws_micronet_m__SSE-310__ethos-u55-128 /opt/arm/ml-embedded-evaluation-kit/resources_downloaded/kws/kws_micronet_m.tflite,500000000.0,0,410920,169777,410920,0.0,0,0.00082184,110.75,1506088,122432,5.0.0
ethos-u55-256,0.0,0,256,Shared_Sram,kws_micronet_m,c1feed3af5dac44de7477fb4161670ba18a3fc06039e4a14da41b1c4dd454cb4,ethos-u55,13,kws_micronet_m_vela.tflite,bfbeaedf0e11e287334519e9347ac74044a7f4b462372c167f5240e755ed02bc,SSE-310,True,Ethos_U55_High_End_Embedded,--accelerator-config ethos-u55-256 --config /opt/arm/ml-embedded-evaluation-kit/scripts/vela/default_vela.ini --system-config Ethos_U55_High_End_Embedded --memory-mode Shared_Sram --optimise Performance --output-dir /tmp/vela_matrix/kws_micronet_m__SSE-310__ethos-u55-256 /opt/arm/ml-embedded-evaluation-kit/resources_downloaded/kws/kws_micronet_m.tflite,500000000.0,0,244463,149051,255615,0.0,0,0.00051123,103.984375,1281448,122544,5.0.0
ethos-u65-256,0.0,0,256,Dedicated_Sram,kws_micronet_m,c1feed3af5dac44de7477fb4161670ba18a3fc06039e4a14da41b1c4dd454cb4,ethos-u65,13,kws_micronet_m_vela.tflite,8b7930df8bb7ff522beb03199b725cf3a920fe6cf465df13a880d0f87a202d74,SSE-310,True,Ethos_U65_High_End,--accelerator-config ethos-u65-256 --config /opt/arm/ml-embedded-evaluation-kit/scripts/vela/default_vela.ini --system-config Ethos_U65_High_End --memory-mode Dedicated_Sram --optimise Performance --output-dir /tmp/vela_matrix/kws_micronet_m__SSE-310__ethos-u65-256 /opt/arm/ml-embedded-evaluation-kit/resources_downloaded/kws/kws_micronet_m.tflite,1000000000.0,85880,224931,65302,225007,135.203125,414528,0.000225007,110.71875,1182848,122352,5.0.0
ethos-u65-512,0.0,0,512,Dedicated_Sram,kws_micronet_m,c1feed3af5dac44de7477fb4161670ba18a3fc06039e4a14da41b1c4dd454cb4,ethos-u65,13,kws_micronet_m_vela.tflite,7b67b867a8206bdaaf05869c11ff67f1462210055c126dcd13de422633d17216,SSE-310,True,Ethos_U65_High_End,--accelerator-config ethos-u65-512 --config /opt/arm/ml-embedded-evaluation-kit/scripts/vela/default_vela.ini --system-config Ethos_U65_High_End --memory-mode Dedicated_Sram --optimise Performance --output-dir /tmp/vela_matrix/kws_micronet_m__SSE-310__ethos-u65-512 /opt/arm/ml-embedded-evaluation-kit/resources_downloaded/kws/kws_micronet_m.tflite,1000000000.0,89135,116075,66084,152017,135.75,415088,0.000152017,110.765625,1183808,122896,5.0.0
ethos-u65-256,0.0,0,256,Dedicated_Sram,kws_micronet_m,c1feed3af5dac44de7477fb4161670ba18a3fc06039e4a14da41b1c4dd454cb4,ethos-u65,13,kws_micronet_m_vela.tflite,8b7930df8bb7ff522beb03199b725cf3a920fe6cf465df13a880d0f87a202d74,SSE-315,True,Ethos_U65_High_End,--accelerator-config ethos-u65-256 --config /opt/arm/ml-embedded-evaluation-kit/scripts/vela/default_vela.ini --system-config Ethos_U65_High_End --memory-mode Dedicated_Sram --optimise Performance --output-dir /tmp/vela_matrix/kws_micronet_m__SSE-315__ethos-u65-256 /opt/arm/ml-embedded-evaluation-kit/resources_downloaded/kws/kws_micronet_m.tflite,1000000000.0,85880,224931,65302,225007,135.203125,414528,0.000225007,110.71875,1182848,122352,5.0.0
ethos-u65-512,0.0,0,512,Dedicated_Sram,kws_micronet_m,c1feed3af5dac44de7477fb4161670ba18a3fc06039e4a14da41b1c4dd454cb4,ethos-u65,13,kws_micronet_m_vela.tflite,7b67b867a8206bdaaf05869c11ff67f1462210055c126dcd13de422633d17216,SSE-315,True,Ethos_U65_High_End,--accelerator-config ethos-u65-512 --config /opt/arm/ml-embedded-evaluation-kit/scripts/vela/default_vela.ini --system-config Ethos_U65_High_End --memory-mode Dedicated_Sram --optimise Performance --output-dir /tmp/vela_matrix/kws_micronet_m__SSE-315__ethos-u65-512 /opt/arm/ml-embedded-evaluation-kit/resources_downloaded/kws/kws_micronet_m.tflite,1000000000.0,89135,116075,66084,152017,135.75,415088,0.000152017,110.765625,1183808,122896,5.0.0
ethos-u85-128,0.0,0,128,Dedicated_Sram,kws_micronet_m,c1feed3af5dac44de7477fb4161670ba18a3fc06039e4a14da41b1c4dd454cb4,ethos-u85,13,kws_micronet_m_vela.tflite,0cbdc135d3bb3cc66312b3fb94621c0b4f79c7f36f51bfa1d74ade5131a79df9,SSE-320,True,Ethos_U85_SYS_DRAM_Low,--accelerator-config ethos-u85-128 --config /opt/arm/ml-embedded-evaluation-kit/scripts/vela/default_vela.ini --system-config Ethos_U85_SYS_DRAM_Low --memory-mode Dedicated_Sram --optimise Performance --output-dir /tmp/vela_matrix/kws_micronet_m__SSE-320__ethos-u85-128 /opt/arm/ml-embedded-evaluation-kit/resources_downloaded/kws/kws_micronet_m.tflite,500000000.0,176196,397330,48329,397650,137.984375,312272,0.0007953,108.484375,1699952,124800,5.0.0
ethos-u85-256,0.0,0,256,Dedicated_Sram,kws_micronet_m,c1feed3af5dac44de7477fb4161670ba18a3fc06039e4a14da41b1c4dd454cb4,ethos-u85,13,kws_micronet_m_vela.tflite,7d1431a8bc9cd5ec3735e9c1f8c91cd8d1e4496286147ee5a1adec1acd72ce92,SSE-320,True,Ethos_U85_SYS_DRAM_Low,--accelerator-config ethos-u85-256 --config /opt/arm/ml-embedded-evaluation-kit/scripts/vela/default_vela.ini --system-config Ethos_U85_SYS_DRAM_Low --memory-mode Dedicated_Sram --optimise Performance --output-dir /tmp/vela_matrix/kws_micronet_m__SSE-320__ethos-u85-256 /opt/arm/ml-embedded-evaluation-kit/resources_downloaded/kws/kws_micronet_m.tflite,500000000.0,111546,217245,46451,217565,137.984375,284896,0.00043513,108.484375,1616992,124800,5.0.0
ethos-u85-512,0.0,0,512,Dedicated_Sram,kws_micronet_m,c1feed3af5dac44de7477fb4161670ba18a3fc06039e4a14da41b1c4dd454cb4,ethos-u85,13,kws_micronet_m_vela.tflite,af461b1ee988ee39f778a962366042bb0f63e1c1f2a5dd47b231800847bcd3a0,SSE-320,True,Ethos_U85_SYS_DRAM_Mid_512,--accelerator-config ethos-u85-512 --config /opt/arm/ml-embedded-evaluation-kit/scripts/vela/default_vela.ini --system-config Ethos_U85_SYS_DRAM_Mid_512 --memory-mode Dedicated_Sram --optimise Performance --output-dir /tmp/vela_matrix/kws_micronet_m__SSE-320__ethos-u85-512 /opt/arm/ml-embedded-evaluation-kit/resources_downloaded/kws/kws_micronet_m.tflite,1000000000.0,98843,121753,33454,123525,139.171875,375392,0.000123525,86.484375,925872,126016,5.0.0
ethos-u85-1024,0.0,0,1024,Dedicated_Sram,kws_micronet_m,c1feed3af5dac44de7477fb4161670ba18a3fc06039e4a14da41b1c4dd454cb4,ethos-u85,13,kws_micronet_m_vela.tflite,f9575c36651efe0dc3798135f4bc8f9e3fd3614a75f7ad16377994616d18a069,SSE-320,True,Ethos_U85_SYS_DRAM_Mid_1024,--accelerator-config ethos-u85-1024 --config /opt/arm/ml-embedded-evaluation-kit/scripts/vela/default_vela.ini --system-config Ethos_U85_SYS_DRAM_Mid_1024 --memory-mode Dedicated_Sram --optimise Performance --output-dir /tmp/vela_matrix/kws_micronet_m__SSE-320__ethos-u85-1024 /opt/arm/ml-embedded-evaluation-kit/resources_downloaded/kws/kws_micronet_m.tflite,1000000000.0,83588,86324,36854,102248,142.796875,319792,0.000102248,89.453125,1007632,128608,5.0.0
ethos-u85-2048,0.0,0,2048,Dedicated_Sram,kws_micronet_m,c1feed3af5dac44de7477fb4161670ba18a3fc06039e4a14da41b1c4dd454cb4,ethos-u85,13,kws_micronet_m_vela.tflite,ad756be0f88116bdbcacf23eaf95d3e9d6ad0b4b71205b3c0f58ba514252003d,SSE-320,True,Ethos_U85_SYS_DRAM_High_2048,--accelerator-config ethos-u85-2048 --config /opt/arm/ml-embedded-evaluation-kit/scripts/vela/default_vela.ini --system-config Ethos_U85_SYS_DRAM_High_2048 --memory-mode Dedicated_Sram --optimise Performance --output-dir /tmp/vela_matrix/kws_micronet_m__SSE-320__ethos-u85-2048 /opt/arm/ml-embedded-evaluation-kit/resources_downloaded/kws/kws_micronet_m.tflite,1000000000.0,55071,59216,12733,64848,147.328125,222952,6.4848e-05,86.484375,682464,131808,5.0.0
ethos-u55-32,0.0,0,32,Shared_Sram,ad_medium_int8,a8b1c9037c2a80e6ff770f0a550777cf744a52850bed6545b2bfc9bacf604c98,ethos-u55,13,ad_medium_int8_vela.tflite,feb375c21683114ff27cb6572e7749679110cc7558dbb0ed0cac7a44931aa19f,SSE-300,True,Ethos_U55_High_End_Embedded,--accelerator-config ethos-u55-32 --config /opt/arm/ml-embedded-evaluation-kit/scripts/vela/default_vela.ini --system-config Ethos_U55_High_End_Embedded --memory-mode Shared_Sram --optimise Performance --output-dir /tmp/vela_matrix/ad_medium_int8__SSE-300__ethos-u55-32 /opt/arm/ml-embedded-evaluation-kit/resources_downloaded/ad/ad_medium_int8.tflite,500000000.0,0,3195962,618569,3195962,0.0,0,0.006391924,298.328125,5424928,414592,5.0.0
ethos-u55-64,0.0,0,64,Shared_Sram,ad_medium_int8,a8b1c9037c2a80e6ff770f0a550777cf744a52850bed6545b2bfc9bacf604c98,ethos-u55,13,ad_medium_int8_vela.tflite,b6c5e8d4b57cb6ab2da50515827b457491c902755cf8208e6b80fb09b6273480,SSE-300,True,Ethos_U55_High_End_Embedded,--accelerator-config ethos-u55-64 --config /opt/arm/ml-embedded-evaluation-kit/scripts/vela/default_vela.ini --system-config Ethos_U55_High_End_Embedded --memory-mode Shared_Sram --optimise Performance --output-dir /tmp/vela_matrix/ad_medium_int8__SSE-300__ethos-u55-64 /opt/arm/ml-embedded-evaluation-kit/resources_downloaded/ad/ad_medium_int8.tflite,500000000.0,0,1666492,623592,1666492,0.0,0,0.003332984,298.984375,5434864,416064,5.0.0
ethos-u55-128,0.0,0,128,Shared_Sram,ad_medium_int8,a8b1c9037c2a80e6ff770f0a550777cf744a52850bed6545b2bfc9bacf604c98,ethos-u55,13,ad_medium_int8_vela.tflite,1e7e4a459f8558ab58f27b37518d93c9a04c3661567357377d96458d6dc5942e,SSE-300,True,Ethos_U55_High_End_Embedded,--accelerator-config ethos-u55-128 --config /opt/arm/ml-embedded-evaluation-kit/scripts/vela/default_vela.ini --system-config Ethos_U55_High_End_Embedded --memory-mode Shared_Sram --optimise Performance --output-dir /tmp/vela_matrix/ad_medium_int8__SSE-300__ethos-u55-128 /opt/arm/ml-embedded-evaluation-kit/resources_downloaded/ad/ad_medium_int8.tflite,500000000.0,0,917411,583573,917411,0.0,0,0.001834822,300.65625,4952272,417984,5.0.0
ethos-u55-256,0.0,0,256,Shared_Sram,ad_medium_int8,a8b1c9037c2a80e6ff770f0a550777cf744a52850bed6545b2bfc9bacf604c98,ethos-u55,13,ad_medium_int8_vela.tflite,55604afab6a7778a3186bc4b2ecd0726fec4239bbaeb812d7d9ed52b4a89eded,SSE-300,True,Ethos_U55_High_End_Embedded,--accelerator-config ethos-u55-256 --config /opt/arm/ml-embedded-evaluation-kit/scripts/vela/default_vela.ini --system-config Ethos_U55_High_End_Embedded --memory-mode Shared_Sram --optimise Performance --output-dir /tmp/vela_matrix/ad_medium_int8__SSE-300__ethos-u55-256 /opt/arm/ml-embedded-evaluation-kit/resources_downloaded/ad/ad_medium_int8.tflite,500000000.0,0,558039,478633,641355,0.0,0,0.00128271,284.921875,4013872,417136,5.0.0
ethos-u65-256,0.0,0,256,Dedicated_Sram,ad_medium_int8,a8b1c9037c2a80e6ff770f0a550777cf744a52850bed6545b2bfc9bacf604c98,ethos-u65,13,ad_medium_int8_vela.tflite,a18115c749b13ab554dc75239523f7a3ea56650fd4f3990ffde2573702cdfe57,SSE-300,True,Ethos_U65_High_End,--accelerator-config ethos-u65-256 --config /opt/arm/ml-embedded-evaluation-kit/scripts/vela/default_vela.ini --system-config Ethos_U65_High_End --memory-mode Dedicated_Sram --optimise Performance --output-dir /tmp/vela_matrix/ad_medium_int8__SSE-300__ethos-u65-256 /opt/arm/ml-embedded-evaluation-kit/resources_downloaded/ad/ad_medium_int8.tflite,1000000000.0,132902,420441,203572,433543,435.25,693568,0.000433543,298.984375,3563936,415840,5.0.0
ethos-u65-512,0.0,0,512,Dedicated_Sram,ad_medium_int8,a8b1c9037c2a80e6ff770f0a550777cf744a52850bed6545b2bfc9bacf604c98,ethos-u65,13,ad_medium_int8_vela.tflite,6af7fcec9a9518d706acf4c4705a4ed2aedcfb4ccfcd192da8e449e3244a4659,SSE-300,True,Ethos_U65_High_End,--accelerator-config ethos-u65-512 --config /opt/arm/ml-embedded-evaluation-kit/scripts/vela/default_vela.ini --system-config Ethos_U65_High_End --memory-mode Dedicated_Sram --optimise Performance --output-dir /tmp/vela_matrix/ad_medium_int8__SSE-300__ethos-u65-512 /opt/arm/ml-embedded-evaluation-kit/resources_downloaded/ad/ad_medium_int8.tflite,1000000000.0,139312,236276,206650,312887,443.125,701632,0.000312887,304.859375,3597744,423744,5.0.0
ethos-u55-32,0.0,0,32,Shared_Sram,ad_medium_int8,a8b1c9037c2a80e6ff770f0a550777cf744a52850bed6545b2bfc9bacf604c98,ethos-u55,13,ad_medium_int8_vela.tflite,feb375c21683114ff27cb6572e7749679110cc7558dbb0ed0cac7a44931aa19f,SSE-310,True,Ethos_U55_High_End_Embedded,--accelerator-config ethos-u55-32 --config /opt/arm/ml-embedded-evaluation-kit/scripts/vela/default_vela.ini --system-config Ethos_U55_High_End_Embedded --memory-mode Shared_Sram --optimise Performance --output-dir /tmp/vela_matrix/ad_medium_int8__SSE-310__ethos-u55-32 /opt/arm/ml-embedded-evaluation-kit/resources_downloaded/ad/ad_medium_int8.tflite,500000000.0,0,3195962,618569,3195962,0.0,0,0.006391924,298.328125,5424928,414592,5.0.0
ethos-u55-64,0.0,0,64,Shared_Sram,ad_medium_int8,a8b1c9037c2a80e6ff770f0a550777cf744a52850bed6545b2bfc9bacf604c98,ethos-u55,13,ad_medium_int8_vela.tflite,b6c5e8d4b57cb6ab2da50515827b457491c902755cf8208e6b80fb09b6273480,SSE-310,True,Ethos_U55_High_End_Embedded,--accelerator-config ethos-u55-64 --config /opt/arm/ml-embedded-evaluation-kit/scripts/vela/default_vela.ini --system-config Ethos_U55_High_End_Embedded --memory-mode Shared_Sram --optimise Performance --output-dir /tmp/vela_matrix/ad_medium_int8__SSE-310__ethos-u55-64 /opt/arm/ml-embedded-evaluation-kit/resources_downloaded/ad/ad_medium_int8.tflite,500000000.0,0,1666492,623592,1666492,0.0,0,0.003332984,298.984375,5434864,416064,5.0.0
ethos-u55-128,0.0,0,128,Shared_Sram,ad_medium_int8,a8b1c9037c2a80e6ff770f0a550777cf744a52850bed6545b2bfc9bacf604c98,ethos-u55,13,ad_medium_int8_vela.tflite,1e7e4a459f8558ab58f27b37518d93c9a04c3661567357377d96458d6dc5942e,SSE-310,True,Ethos_U55_High_End_Embedded,--accelerator-config ethos-u55-128 --config /opt/arm/ml-embedded-evaluation-kit/scripts/vela/default_vela.ini --system-config Ethos_U55_High_End_Embedded --memory-mode Shared_Sram --optimise Performance --output-dir /tmp/vela_matrix/ad_medium_int8__SSE-310__ethos-u55-128 /opt/arm/ml-embedded-evaluation-kit/resources_downloaded/ad/ad_medium_int8.tflite,500000000.0,0,917411,583573,917411,0.0,0,0.001834822,300.65625,4952272,417984,5.0.0
ethos-u55-256,0.0,0,256,Shared_Sram,ad_medium_int8,a8b1c9037c2a80e6ff770f0a550777cf744a52850bed6545b2bfc9bacf604c98,ethos-u55,13,ad_medium_int8_vela.tflite,55604afab6a7778a3186bc4b2ecd0726fec4239bbaeb812d7d9ed52b4a89eded,SSE-310,True,Ethos_U55_High_End_Embedded,--accelerator-config ethos-u55-256 --config /opt/arm/ml-embedded-evaluation-kit/scripts/vela/default_vela.ini --system-config Ethos_U55_High_End_Embedded --memory-mode Shared_Sram --optimise Performance --output-dir /tmp/vela_matrix/ad_medium_int8__SSE-310__ethos-u55-256 /opt/arm/ml-embedded-evaluation-kit/resources_downloaded/ad/ad_medium_int8.tflite,500000000.0,0,558039,478633,641355,0.0,0,0.00128271,284.921875,4013872,417136,5.0.0
ethos-u65-256,0.0,0,256,Dedicated_Sram,ad_medium_int8,a8b1c9037c2a80e6ff770f0a550777cf744a52850bed6545b2bfc9bacf604c98,ethos-u65,13,ad_medium_int8_vela.tflite,a18115c749b13ab554dc75239523f7a3ea56650fd4f3990ffde2573702cdfe57,SSE-310,True,Ethos_U65_High_End,--accelerator-config ethos-u65-256 --config /opt/arm/ml-embedded-evaluation-kit/scripts/vela/default_vela.ini --system-config Ethos_U65_High_End --memory-mode Dedicated_Sram --optimise Performance --output-dir /tmp/vela_matrix/ad_medium_int8__SSE-310__ethos-u65-256 /opt/arm/ml-embedded-evaluation-kit/resources_downloaded/ad/ad_medium_int8.tflite,1000000000.0,132902,420441,203572,433543,435.25,693568,0.000433543,298.984375,3563936,415840,5.0.0
ethos-u65-512,0.0,0,512,Dedicated_Sram,ad_medium_int8,a8b1c9037c2a80e6ff770f0a550777cf744a52850bed6545b2bfc9bacf604c98,ethos-u65,13,ad_medium_int8_vela.tflite,6af7fcec9a9518d706acf4c4705a4ed2aedcfb4ccfcd192da8e449e3244a4659,SSE-310,True,Ethos_U65_High_End,--accelerator-config ethos-u65-512 --config /opt/arm/ml-embedded-evaluation-kit/scripts/vela/default_vela.ini --system-config Ethos_U65_High_End --memory-mode Dedicated_Sram --optimise Performance --output-dir /tmp/vela_matrix/ad_medium_int8__SSE-310__ethos-u65-512 /opt/arm/ml-embedded-evaluation-kit/resources_downloaded/ad/ad_medium_int8.tflite,1000000000.0,139312,236276,206650,312887,443.125,701632,0.000312887,304.859375,3597744,423744,5.0.0
ethos-u65-256,0.0,0,256,Dedicated_Sram,ad_medium_int8,a8b1c9037c2a80e6ff770f0a550777cf744a52850bed6545b2bfc9bacf604c98,ethos-u65,13,ad_medium_int8_vela.tflite,a18115c749b13ab554dc75239523f7a3ea56650fd4f3990ffde2573702cdfe57,SSE-315,True,Ethos_U65_High_End,--accelerator-config ethos-u65-256 --config /opt/arm/ml-embedded-evaluation-kit/scripts/vela/default_vela.ini --system-config Ethos_U65_High_End --memory-mode Dedicated_Sram --optimise Performance --output-dir /tmp/vela_matrix/ad_medium_int8__SSE-315__ethos-u65-256 /opt/arm/ml-embedded-evaluation-kit/resources_downloaded/ad/ad_medium_int8.tflite,1000000000.0,132902,420441,203572,433543,435.25,693568,0.000433543,298.984375,3563936,415840,5.0.0
ethos-u65-512,0.0,0,512,Dedicated_Sram,ad_medium_int8,a8b1c9037c2a80e6ff770f0a550777cf744a52850bed6545b2bfc9bacf604c98,ethos-u65,13,ad_medium_int8_vela.tflite,6af7fcec9a9518d706acf4c4705a4ed2aedcfb4ccfcd192da8e449e3244a4659,SSE-315,True,Ethos_U65_High_End,--accelerator-config ethos-u65-512 --config /opt/arm/ml-embedded-evaluation-kit/scripts/vela/default_vela.ini --system-config Ethos_U65_High_End --memory-mode Dedicated_Sram --optimise Performance --output-dir /tmp/vela_matrix/ad_medium_int8__SSE-315__ethos-u65-512 /opt/arm/ml-embedded-evaluation-kit/resources_downloaded/ad/ad_medium_int8.tflite,1000000000.0,139312,236276,206650,312887,443.125,701632,0.000312887,304.859375,3597744,423744,5.0.0
ethos-u85-128,0.0,0,128,Dedicated_Sram,ad_medium_int8,a8b1c9037c2a80e6ff770f0a550777cf744a52850bed6545b2bfc9bacf604c98,ethos-u85,13,ad_medium_int8_vela.tflite,ab971c1f460ada733129085b61b08292352ba1946f87b7e8507a4052c2df6c20,SSE-320,True,Ethos_U85_SYS_DRAM_Low,--accelerator-config ethos-u85-128 --config /opt/arm/ml-embedded-evaluation-kit/scripts/vela/default_vela.ini --system-config Ethos_U85_SYS_DRAM_Low --memory-mode Dedicated_Sram --optimise Performance --output-dir /tmp/vela_matrix/ad_medium_int8__SSE-320__ethos-u85-128 /opt/arm/ml-embedded-evaluation-kit/resources_downloaded/ad/ad_medium_int8.tflite,500000000.0,420246,838070,166974,860712,441.203125,700112,0.001721424,299.0625,5727552,420848,5.0.0
ethos-u85-256,0.0,0,256,Dedicated_Sram,ad_medium_int8,a8b1c9037c2a80e6ff770f0a550777cf744a52850bed6545b2bfc9bacf604c98,ethos-u85,13,ad_medium_int8_vela.tflite,ceb93f0095600c90b42763683fabc07397f7a2d1386493caa625cecd7c86abaa,SSE-320,True,Ethos_U85_SYS_DRAM_Low,--accelerator-config ethos-u85-256 --config /opt/arm/ml-embedded-evaluation-kit/scripts/vela/default_vela.ini --system-config Ethos_U85_SYS_DRAM_Low --memory-mode Dedicated_Sram --optimise Performance --output-dir /tmp/vela_matrix/ad_medium_int8__SSE-320__ethos-u85-256 /opt/arm/ml-embedded-evaluation-kit/resources_downloaded/ad/ad_medium_int8.tflite,500000000.0,222605,429930,126548,452112,441.203125,604432,0.000904224,299.0625,4312704,420848,5.0.0
ethos-u85-512,0.0,0,512,Dedicated_Sram,ad_medium_int8,a8b1c9037c2a80e6ff770f0a550777cf744a52850bed6545b2bfc9bacf604c98,ethos-u85,13,ad_medium_int8_vela.tflite,9fa6d6e7239b70d027301eea62d6123e88e67f800d93038a67af5cf789834a99,SSE-320,True,Ethos_U85_SYS_DRAM_Mid_512,--accelerator-config ethos-u85-512 --config /opt/arm/ml-embedded-evaluation-kit/scripts/vela/default_vela.ini --system-config Ethos_U85_SYS_DRAM_Mid_512 --memory-mode Dedicated_Sram --optimise Performance --output-dir /tmp/vela_matrix/ad_medium_int8__SSE-320__ethos-u85-512 /opt/arm/ml-embedded-evaluation-kit/resources_downloaded/ad/ad_medium_int8.tflite,1000000000.0,186920,237874,108788,244851,444.578125,582672,0.000244851,296.875,3429088,424304,5.0.0
ethos-u85-1024,0.0,0,1024,Dedicated_Sram,ad_medium_int8,a8b1c9037c2a80e6ff770f0a550777cf744a52850bed6545b2bfc9bacf604c98,ethos-u85,13,ad_medium_int8_vela.tflite,b83f28f2e5adc7fad13a41441578c95020c9c178e43d52dbf6b2bac2d789bb54,SSE-320,True,Ethos_U85_SYS_DRAM_Mid_1024,--accelerator-config ethos-u85-1024 --config /opt/arm/ml-embedded-evaluation-kit/scripts/vela/default_vela.ini --system-config Ethos_U85_SYS_DRAM_Mid_1024 --memory-mode Dedicated_Sram --optimise Performance --output-dir /tmp/vela_matrix/ad_medium_int8__SSE-320__ethos-u85-1024 /opt/arm/ml-embedded-evaluation-kit/resources_downloaded/ad/ad_medium_int8.tflite,1000000000.0,123432,140277,86708,148328,449.296875,761904,0.000148328,244.0,2233280,428656,5.0.0
ethos-u85-2048,0.0,0,2048,Dedicated_Sram,ad_medium_int8,a8b1c9037c2a80e6ff770f0a550777cf744a52850bed6545b2bfc9bacf604c98,ethos-u85,13,ad_medium_int8_vela.tflite,5d6b0526e6d7c5e26f97f789d68e34f20ffdec7749b9e2ec923efbf2053b5dc4,SSE-320,True,Ethos_U85_SYS_DRAM_High_2048,--accelerator-config ethos-u85-2048 --config /opt/arm/ml-embedded-evaluation-kit/scripts/vela/default_vela.ini --system-config Ethos_U85_SYS_DRAM_High_2048 --memory-mode Dedicated_Sram --optimise Performance --output-dir /tmp/vela_matrix/ad_medium_int8__SSE-320__ethos-u85-2048 /opt/arm/ml-embedded-evaluation-kit/resources_downloaded/ad/ad_medium_int8.tflite,1000000000.0,115620,109552,32106,123158,451.046875,740640,0.000123158,240.0,1762272,429808,5.0.0
ethos-u55-32,0.0,0,32,Shared_Sram,vww4_128_128_INT8,5e76364e80c45776b735563679d45f611cab7ce7fef2ec4e2db088afe009ccae,ethos-u55,81,vww4_128_128_INT8_vela.tflite,588df75259c199fa13333725662efba934704598c3f4e25d43a74016843cc8a6,SSE-300,True,Ethos_U55_High_End_Embedded,--accelerator-config ethos-u55-32 --config /opt/arm/ml-embedded-evaluation-kit/scripts/vela/default_vela.ini --system-config Ethos_U55_High_End_Embedded --memory-mode Shared_Sram --optimise Performance --output-dir /tmp/vela_matrix/vww4_128_128_INT8__SSE-300__ethos-u55-32 /opt/arm/ml-embedded-evaluation-kit/resources_downloaded/vww/vww4_128_128_INT8.tflite,500000000.0,0,2183160,404503,2225713,0.0,0,0.004451426,128.359375,3658292,253584,5.0.0
ethos-u55-64,0.0,0,64,Shared_Sram,vww4_128_128_INT8,5e76364e80c45776b735563679d45f611cab7ce7fef2ec4e2db088afe009ccae,ethos-u55,81,vww4_128_128_INT8_vela.tflite,3f5f6f65e297e98862a3979cecb214d9cc576e9a0d13c14bacf4d874410675e6,SSE-300,True,Ethos_U55_High_End_Embedded,--accelerator-config ethos-u55-64 --config /opt/arm/ml-embedded-evaluation-kit/scripts/vela/default_vela.ini --system-config Ethos_U55_High_End_Embedded --memory-mode Shared_Sram --optimise Performance --output-dir /tmp/vela_matrix/vww4_128_128_INT8__SSE-300__ethos-u55-64 /opt/arm/ml-embedded-evaluation-kit/resources_downloaded/vww/vww4_128_128_INT8.tflite,500000000.0,0,1230870,405783,1341742,0.0,0,0.002683484,128.359375,3611672,254672,5.0.0
ethos-u55-128,0.0,0,128,Shared_Sram,vww4_128_128_INT8,5e76364e80c45776b735563679d45f611cab7ce7fef2ec4e2db088afe009ccae,ethos-u55,81,vww4_128_128_INT8_vela.tflite,dcbd0bd07fe6b391e4ccab5575b09a0dcbf927d40e4962b4f311451ba5eb7614,SSE-300,True,Ethos_U55_High_End_Embedded,--accelerator-config ethos-u55-128 --config /opt/arm/ml-embedded-evaluation-kit/scripts/vela/default_vela.ini --system-config Ethos_U55_High_End_Embedded --memory-mode Shared_Sram --optimise Performance --output-dir /tmp/vela_matrix/vww4_128_128_INT8__SSE-300__ethos-u55-128 /opt/arm/ml-embedded-evaluation-kit/resources_downloaded/vww/vww4_128_128_INT8.tflite,500000000.0,0,761036,386435,894564,0.0,0,0.001789128,128.359375,3343848,255072,5.0.0
ethos-u55-256,0.0,0,256,Shared_Sram,vww4_128_128_INT8,5e76364e80c45776b735563679d45f611cab7ce7fef2ec4e2db088afe009ccae,ethos-u55,81,vww4_128_128_INT8_vela.tflite,cdbbf0c42353b604a8ad08c0f7d6b3430addc9121a7a6a144aaac82b7dc7978f,SSE-300,True,Ethos_U55_High_End_Embedded,--accelerator-config ethos-u55-256 --config /opt/arm/ml-embedded-evaluation-kit/scripts/vela/default_vela.ini --system-config Ethos_U55_High_End_Embedded --memory-mode Shared_Sram --optimise Performance --output-dir /tmp/vela_matrix/vww4_128_128_INT8__SSE-300__ethos-u55-256 /opt/arm/ml-embedded-evaluation-kit/resources_downloaded/vww/vww4_128_128_INT8.tflite,500000000.0,0,614340,353904,830328,0.0,0,0.001660656,128.359375,3043672,255376,5.0.0
ethos-u65-256,0.0,0,256,Dedicated_Sram,vww4_128_128_INT8,5e76364e80c45776b735563679d45f611cab7ce7fef2ec4e2db088afe009ccae,ethos-u65,81,vww4_128_128_INT8_vela.tflite,bde9a9b568d0f1cb5a2bae1e4cc4ca80776244067200d8d00fdc42d1c0d9c05c,SSE-300,True,Ethos_U65_High_End,--accelerator-config ethos-u65-256 --config /opt/arm/ml-embedded-evaluation-kit/scripts/vela/default_vela.ini --system-config Ethos_U65_High_End --memory-mode Dedicated_Sram --optimise Performance --output-dir /tmp/vela_matrix/vww4_128_128_INT8__SSE-300__ethos-u65-256 /opt/arm/ml-embedded-evaluation-kit/resources_downloaded/vww/vww4_128_128_INT8.tflite,1000000000.0,218671,487414,147109,578167,325.921875,821968,0.000578167,128.359375,2412496,255760,5.0.0
ethos-u65-512,0.0,0,512,Dedicated_Sram,vww4_128_128_INT8,5e76364e80c45776b735563679d45f611cab7ce7fef2ec4e2db088afe009ccae,ethos-u65,81,vww4_128_128_INT8_vela.tflite,7f44e427cb3900bcfbacb0c8202c196cffdce83a2b5511373851bcf402526b7b,SSE-300,True,Ethos_U65_High_End,--accelerator-config ethos-u65-512 --config /opt/arm/ml-embedded-evaluation-kit/scripts/vela/default_vela.ini --system-config Ethos_U65_High_End --memory-mode Dedicated_Sram --optimise Performance --output-dir /tmp/vela_matrix/vww4_128_128_INT8__SSE-300__ethos-u65-512 /opt/arm/ml-embedded-evaluation-kit/resources_downloaded/vww/vww4_128_128_INT8.tflite,1000000000.0,219461,319295,146896,431102,328.796875,824912,0.000431102,128.46875,2411296,258480,5.0.0
ethos-u55-32,0.0,0,32,Shared_Sram,vww4_128_128_INT8,5e76364e80c45776b735563679d45f611cab7ce7fef2ec4e2db088afe009ccae,ethos-u55,81,vww4_128_128_INT8_vela.tflite,588df75259c199fa13333725662efba934704598c3f4e25d43a74016843cc8a6,SSE-310,True,Ethos_U55_High_End_Embedded,--accelerator-config ethos-u55-32 --config /opt/arm/ml-embedded-evaluation-kit/scripts/vela/default_vela.ini --system-config Ethos_U55_High_End_Embedded --memory-mode Shared_Sram --optimise Performance --output-dir /tmp/vela_matrix/vww4_128_128_INT8__SSE-310__ethos-u55-32 /opt/arm/ml-embedded-evaluation-kit/resources_downloaded/vww/vww4_128_128_INT8.tflite,500000000.0,0,2183160,404503,2225713,0.0,0,0.004451426,128.359375,3658292,253584,5.0.0
ethos-u55-64,0.0,0,64,Shared_Sram,vww4_128_128_INT8,5e76364e80c45776b735563679d45f611cab7ce7fef2ec4e2db088afe009ccae,ethos-u55,81,vww4_128_128_INT8_vela.tflite,3f5f6f65e297e98862a3979cecb214d9cc576e9a0d13c14bacf4d874410675e6,SSE-310,True,Ethos_U55_High_End_Embedded,--accelerator-config ethos-u55-64 --config /opt/arm/ml-embedded-evaluation-kit/scripts/vela/default_vela.ini --system-config Ethos_U55_High_End_Embedded --memory-mode Shared_Sram --optimise Performance --output-dir /tmp/vela_matrix/vww4_128_128_INT8__SSE-310__ethos-u55-64 /opt/arm/ml-embedded-evaluation-kit/resources_downloaded/vww/vww4_128_128_INT8.tflite,500000000.0,0,1230870,405783,1341742,0.0,0,0.002683484,128.359375,3611672,254672,5.0.0
ethos-u55-128,0.0,0,128,Shared_Sram,vww4_128_128_INT8,5e76364e80c45776b735563679d45f611cab7ce7fef2ec4e2db088afe009ccae,ethos-u55,81,vww4_128_128_INT8_vela.tflite,dcbd0bd07fe6b391e4ccab5575b09a0dcbf927d40e4962b4f311451ba5eb7614,SSE-310,True,Ethos_U55_High_End_Embedded,--accelerator-config ethos-u55-128 --config /opt/arm/ml-embedded-evaluation-kit/scripts/vela/default_vela.ini --system-config Ethos_U55_High_End_Embedded --memory-mode Shared_Sram --optimise Performance --output-dir /tmp/vela_matrix/vww4_128_128_INT8__SSE-310__ethos-u55-128 /opt/arm/ml-embedded-evaluation-kit/resources_downloaded/vww/vww4_128_128_INT8.tflite,500000000.0,0,761036,386435,894564,0.0,0,0.001789128,128.359375,3343848,255072,5.0.0
ethos-u55-256,0.0,0,256,Shared_Sram,vww4_128_128_INT8,5e76364e80c45776b735563679d45f611cab7ce7fef2ec4e2db088afe009ccae,ethos-u55,81,vww4_128_128_INT8_vela.tflite,cdbbf0c42353b604a8ad08c0f7d6b3430addc9121a7a6a144aaac82b7dc7978f,SSE-310,True,Ethos_U55_High_End_Embedded,--accelerator-config ethos-u55-256 --config /opt/arm/ml-embedded-evaluation-kit/scripts/vela/default_vela.ini --system-config Ethos_U55_High_End_Embedded --memory-mode Shared_Sram --optimise Performance --output-dir /tmp/vela_matrix/vww4_128_128_INT8__SSE-310__ethos-u55-256 /opt/arm/ml-embedded-evaluation-kit/resources_downloaded/vww/vww4_128_128_INT8.tflite,500000000.0,0,614340,353904,830328,0.0,0,0.001660656,128.359375,3043672,255376,5.0.0
ethos-u65-256,0.0,0,256,Dedicated_Sram,vww4_128_128_INT8,5e76364e80c45776b735563679d45f611cab7ce7fef2ec4e2db088afe009ccae,ethos-u65,81,vww4_128_128_INT8_vela.tflite,bde9a9b568d0f1cb5a2bae1e4cc4ca80776244067200d8d00fdc42d1c0d9c05c,SSE-310,True,Ethos_U65_High_End,--accelerator-config ethos-u65-256 --config /opt/arm/ml-embedded-evaluation-kit/scripts/vela/default_vela.ini --system-config Ethos_U65_High_End --memory-mode Dedicated_Sram --optimise Performance --output-dir /tmp/vela_matrix/vww4_128_128_INT8__SSE-310__ethos-u65-256 /opt/arm/ml-embedded-evaluation-kit/resources_downloaded/vww/vww4_128_128_INT8.tflite,1000000000.0,218671,487414,147109,578167,325.921875,821968,0.000578167,128.359375,2412496,255760,5.0.0
ethos-u65-512,0.0,0,512,Dedicated_Sram,vww4_128_128_INT8,5e76364e80c45776b735563679d45f611cab7ce7fef2ec4e2db088afe009ccae,ethos-u65,81,vww4_128_128_INT8_vela.tflite,7f44e427cb3900bcfbacb0c8202c196cffdce83a2b5511373851bcf402526b7b,SSE-310,True,Ethos_U65_High_End,--accelerator-config ethos-u65-512 --config /opt/arm/ml-embedded-evaluation-kit/scripts/vela/default_vela.ini --system-config Ethos_U65_High_End --memory-mode Dedicated_Sram --optimise Performance --output-dir /tmp/vela_matrix/vww4_128_128_INT8__SSE-310__ethos-u65-512 /opt/arm/ml-embedded-evaluation-kit/resources_downloaded/vww/vww4_128_128_INT8.tflite,1000000000.0,219461,319295,146896,431102,328.796875,824912,0.000431102,128.46875,2411296,258480,5.0.0
ethos-u65-256,0.0,0,256,Dedicated_Sram,vww4_128_128_INT8,5e76364e80c45776b735563679d45f611cab7ce7fef2ec4e2db088afe009ccae,ethos-u65,81,vww4_128_128_INT8_vela.tflite,bde9a9b568d0f1cb5a2bae1e4cc4ca80776244067200d8d00fdc42d1c0d9c05c,SSE-315,True,Ethos_U65_High_End,--accelerator-config ethos-u65-256 --config /opt/arm/ml-embedded-evaluation-kit/scripts/vela/default_vela.ini --system-config Ethos_U65_High_End --memory-mode Dedicated_Sram --optimise Performance --output-dir /tmp/vela_matrix/vww4_128_128_INT8__SSE-315__ethos-u65-256 /opt/arm/ml-embedded-evaluation-kit/resources_downloaded/vww/vww4_128_128_INT8.tflite,1000000000.0,218671,487414,147109,578167,325.921875,821968,0.000578167,128.359375,2412496,255760,5.0.0
ethos-u65-512,0.0,0,512,Dedicated_Sram,vww4_128_128_INT8,5e76364e80c45776b735563679d45f611cab7ce7fef2ec4e2db088afe009ccae,ethos-u65,81,vww4_128_128_INT8_vela.tflite,7f44e427cb3900bcfbacb0c8202c196cffdce83a2b5511373851bcf402526b7b,SSE-315,True,Ethos_U65_High_End,--accelerator-config ethos-u65-512 --config /opt/arm/ml-embedded-evaluation-kit/scripts/vela/default_vela.ini --system-config Ethos_U65_High_End --memory-mode Dedicated_Sram --optimise Performance --output-dir /tmp/vela_matrix/vww4_128_128_INT8__SSE-315__ethos-u65-512 /opt/arm/ml-embedded-evaluation-kit/resources_downloaded/vww/vww4_128_128_INT8.tflite,1000000000.0,219461,319295,146896,431102,328.796875,824912,0.000431102,128.46875,2411296,258480,5.0.0
ethos-u85-128,0.0,0,128,Dedicated_Sram,vww4_128_128_INT8,5e76364e80c45776b735563679d45f611cab7ce7fef2ec4e2db088afe009ccae,ethos-u85,81,vww4_128_128_INT8_vela.tflite,d18367b2706f51b23e37d71e16ed30a7d1b248ae017766d505736ee1ceac87be,SSE-320,True,Ethos_U85_SYS_DRAM_Low,--accelerator-config ethos-u85-128 --config /opt/arm/ml-embedded-evaluation-kit/scripts/vela/default_vela.ini --system-config Ethos_U85_SYS_DRAM_Low --memory-mode Dedicated_Sram --optimise Performance --output-dir /tmp/vela_matrix/vww4_128_128_INT8__SSE-320__ethos-u85-128 /opt/arm/ml-embedded-evaluation-kit/resources_downloaded/vww/vww4_128_128_INT8.tflite,500000000.0,532232,731318,97245,826501,342.03125,737872,0.001653002,128.578125,3263328,270400,5.0.0
ethos-u85-256,0.0,0,256,Dedicated_Sram,vww4_128_128_INT8,5e76364e80c45776b735563679d45f611cab7ce7fef2ec4e2db088afe009ccae,ethos-u85,81,vww4_128_128_INT8_vela.tflite,869a0c6b8e7dd5339829bfd9430abfb9afe20401a17d31c437e2a193fd6afc8e,SSE-320,True,Ethos_U85_SYS_DRAM_Low,--accelerator-config ethos-u85-256 --config /opt/arm/ml-embedded-evaluation-kit/scripts/vela/default_vela.ini --system-config Ethos_U85_SYS_DRAM_Low --memory-mode Dedicated_Sram --optimise Performance --output-dir /tmp/vela_matrix/vww4_128_128_INT8__SSE-320__ethos-u85-256 /opt/arm/ml-embedded-evaluation-kit/resources_downloaded/vww/vww4_128_128_INT8.tflite,500000000.0,328009,405460,86614,477109,342.046875,592064,0.000954218,128.578125,2917712,270416,5.0.0
ethos-u85-512,0.0,0,512,Dedicated_Sram,vww4_128_128_INT8,5e76364e80c45776b735563679d45f611cab7ce7fef2ec4e2db088afe009ccae,ethos-u85,81,vww4_128_128_INT8_vela.tflite,e3c387fd064ce4f22d3f4a2ca4002fe15cb72ce892ca77c884d7913c29b00350,SSE-320,True,Ethos_U85_SYS_DRAM_Mid_512,--accelerator-config ethos-u85-512 --config /opt/arm/ml-embedded-evaluation-kit/scripts/vela/default_vela.ini --system-config Ethos_U85_SYS_DRAM_Mid_512 --memory-mode Dedicated_Sram --optimise Performance --output-dir /tmp/vela_matrix/vww4_128_128_INT8__SSE-320__ethos-u85-512 /opt/arm/ml-embedded-evaluation-kit/resources_downloaded/vww/vww4_128_128_INT8.tflite,1000000000.0,289003,277323,85935,357200,345.90625,628032,0.0003572,128.6875,2586112,274368,5.0.0
ethos-u85-1024,0.0,0,1024,Dedicated_Sram,vww4_128_128_INT8,5e76364e80c45776b735563679d45f611cab7ce7fef2ec4e2db088afe009ccae,ethos-u85,81,vww4_128_128_INT8_vela.tflite,637711c9bb5046bbf7f9010d1e1f1c25e9ea6cf643d74e8eb225c66b4ba6fed7,SSE-320,True,Ethos_U85_SYS_DRAM_Mid_1024,--accelerator-config ethos-u85-1024 --config /opt/arm/ml-embedded-evaluation-kit/scripts/vela/default_vela.ini --system-config Ethos_U85_SYS_DRAM_Mid_1024 --memory-mode Dedicated_Sram --optimise Performance --output-dir /tmp/vela_matrix/vww4_128_128_INT8__SSE-320__ethos-u85-1024 /opt/arm/ml-embedded-evaluation-kit/resources_downloaded/vww/vww4_128_128_INT8.tflite,1000000000.0,217130,222478,82498,263411,348.390625,615832,0.000263411,128.75,2496880,276752,5.0.0
ethos-u85-2048,0.0,0,2048,Dedicated_Sram,vww4_128_128_INT8,5e76364e80c45776b735563679d45f611cab7ce7fef2ec4e2db088afe009ccae,ethos-u85,81,vww4_128_128_INT8_vela.tflite,c0b82d4d6939c2369fce19b71cfcc41cddb4cb5fc84ae615bce8967cb92ff979,SSE-320,True,Ethos_U85_SYS_DRAM_High_2048,--accelerator-config ethos-u85-2048 --config /opt/arm/ml-embedded-evaluation-kit/scripts/vela/default_vela.ini --system-config Ethos_U85_SYS_DRAM_High_2048 --memory-mode Dedicated_Sram --optimise Performance --output-dir /tmp/vela_matrix/vww4_128_128_INT8__SSE-320__ethos-u85-2048 /opt/arm/ml-embedded-evaluation-kit/resources_downloaded/vww/vww4_128_128_INT8.tflite,1000000000.0,193481,197303,39325,231824,349.09375,622180,0.000231824,128.75,2321312,277152,5.0.0
ethos-u55-32,0.0,0,32,Shared_Sram,yolo-fastest_192_face_v4,e94bcdb011784bead70ab0c0e9d2dae1a9ea5f103b43e1e6fac3019302cf71ab,ethos-u55,112,yolo-fastest_192_face_v4_vela.tflite,9c30cdd344f06d91ed706bdc313a5c565a6dd0e349c3f6ee3d0051184af0290d,SSE-300,True,Ethos_U55_High_End_Embedded,--accelerator-config ethos-u55-32 --config /opt/arm/ml-embedded-evaluation-kit/scripts/vela/default_vela.ini --system-config Ethos_U55_High_End_Embedded --memory-mode Shared_Sram --optimise Performance --output-dir /tmp/vela_matrix/yolo-fastest_192_face_v4__SSE-300__ethos-u55-32 /opt/arm/ml-embedded-evaluation-kit/resources_downloaded/object_detection/yolo-fastest_192_face_v4.tflite,500000000.0,0,7313326,1146994,7313326,0.0,0,0.014626652,360.875,9934160,289232,5.0.0
ethos-u55-64,0.0,0,64,Shared_Sram,yolo-fastest_192_face_v4,e94bcdb011784bead70ab0c0e9d2dae1a9ea5f103b43e1e6fac3019302cf71ab,ethos-u55,112,yolo-fastest_192_face_v4_vela.tflite,65e39a8602ff8930e26856f3e9c570ed6d6ef66763aef96be32a89a0579688e7,SSE-300,True,Ethos_U55_High_End_Embedded,--accelerator-config ethos-u55-64 --config /opt/arm/ml-embedded-evaluation-kit/scripts/vela/default_vela.ini --system-config Ethos_U55_High_End_Embedded --memory-mode Shared_Sram --optimise Performance --output-dir /tmp/vela_matrix/yolo-fastest_192_face_v4__SSE-300__ethos-u55-64 /opt/arm/ml-embedded-evaluation-kit/resources_downloaded/object_detection/yolo-fastest_192_face_v4.tflite,500000000.0,0,3834150,1154500,3835211,0.0,0,0.007670422,360.84375,9946640,288256,5.0.0
ethos-u55-128,0.0,0,128,Shared_Sram,yolo-fastest_192_face_v4,e94bcdb011784bead70ab0c0e9d2dae1a9ea5f103b43e1e6fac3019302cf71ab,ethos-u55,112,yolo-fastest_192_face_v4_vela.tflite,57ac3cb07347c3b409dc7d031c483325590dd5276444fd51c1cad90112cabf1e,SSE-300,True,Ethos_U55_High_End_Embedded,--accelerator-config ethos-u55-128 --config /opt/arm/ml-embedded-evaluation-kit/scripts/vela/default_vela.ini --system-config Ethos_U55_High_End_Embedded --memory-mode Shared_Sram --optimise Performance --output-dir /tmp/vela_matrix/yolo-fastest_192_face_v4__SSE-300__ethos-u55-128 /opt/arm/ml-embedded-evaluation-kit/resources_downloaded/object_detection/yolo-fastest_192_face_v4.tflite,500000000.0,0,2114933,1117253,2128482,0.0,0,0.004256964,360.84375,9481888,288816,5.0.0
ethos-u55-256,0.0,0,256,Shared_Sram,yolo-fastest_192_face_v4,e94bcdb011784bead70ab0c0e9d2dae1a9ea5f103b43e1e6fac3019302cf71ab,ethos-u55,112,yolo-fastest_192_face_v4_vela.tflite,9309bab1b6b60e88192f584d60755620381209166eacbc8e64109abe5b12552b,SSE-300,True,Ethos_U55_High_End_Embedded,--accelerator-config ethos-u55-256 --config /opt/arm/ml-embedded-evaluation-kit/scripts/vela/default_vela.ini --system-config Ethos_U55_High_End_Embedded --memory-mode Shared_Sram --optimise Performance --output-dir /tmp/vela_matrix/yolo-fastest_192_face_v4__SSE-300__ethos-u55-256 /opt/arm/ml-embedded-evaluation-kit/resources_downloaded/object_detection/yolo-fastest_192_face_v4.tflite,500000000.0,0,1376103,1063504,1523790,0.0,0,0.00304758,360.84375,8927664,289184,5.0.0
ethos-u65-256,0.0,0,256,Dedicated_Sram,yolo-fastest_192_face_v4,e94bcdb011784bead70ab0c0e9d2dae1a9ea5f103b43e1e6fac3019302cf71ab,ethos-u65,112,yolo-fastest_192_face_v4_vela.tflite,b8c58e0f7d5c416a117cdd288f2e5191a96a23ee4f7f6947ed0367c4902302d7,SSE-300,True,Ethos_U65_High_End,--accelerator-config ethos-u65-256 --config /opt/arm/ml-embedded-evaluation-kit/scripts/vela/default_vela.ini --system-config Ethos_U65_High_End --memory-mode Dedicated_Sram --optimise Performance --output-dir /tmp/vela_matrix/yolo-fastest_192_face_v4__SSE-300__ethos-u65-256 /opt/arm/ml-embedded-evaluation-kit/resources_downloaded/object_detection/yolo-fastest_192_face_v4.tflite,1000000000.0,291843,1306183,499684,1426184,382.53125,1046624,0.001426184,360.84375,8301392,288128,5.0.0
ethos-u65-512,0.0,0,512,Dedicated_Sram,yolo-fastest_192_face_v4,e94bcdb011784bead70ab0c0e9d2dae1a9ea5f103b43e1e6fac3019302cf71ab,ethos-u65,112,yolo-fastest_192_face_v4_vela.tflite,70f1056de8372871484cd503c536472396595e678b76b5ce45d2b11c46ddbe0a,SSE-300,True,Ethos_U65_High_End,--accelerator-config ethos-u65-512 --config /opt/arm/ml-embedded-evaluation-kit/scripts/vela/default_vela.ini --system-config Ethos_U65_High_End --memory-mode Dedicated_Sram --optimise Performance --output-dir /tmp/vela_matrix/yolo-fastest_192_face_v4__SSE-300__ethos-u65-512 /opt/arm/ml-embedded-evaluation-kit/resources_downloaded/object_detection/yolo-fastest_192_face_v4.tflite,1000000000.0,291045,844724,501329,1027816,387.09375,1042656,0.001027816,360.984375,8336544,292256,5.0.0
ethos-u55-32,0.0,0,32,Shared_Sram,yolo-fastest_192_face_v4,e94bcdb011784bead70ab0c0e9d2dae1a9ea5f103b43e1e6fac3019302cf71ab,ethos-u55,112,yolo-fastest_192_face_v4_vela.tflite,9c30cdd344f06d91ed706bdc313a5c565a6dd0e349c3f6ee3d0051184af0290d,SSE-310,True,Ethos_U55_High_End_Embedded,--accelerator-config ethos-u55-32 --config /opt/arm/ml-embedded-evaluation-kit/scripts/vela/default_vela.ini --system-config Ethos_U55_High_End_Embedded --memory-mode Shared_Sram --optimise Performance --output-dir /tmp/vela_matrix/yolo-fastest_192_face_v4__SSE-310__ethos-u55-32 /opt/arm/ml-embedded-evaluation-kit/resources_downloaded/object_detection/yolo-fastest_192_face_v4.tflite,500000000.0,0,7313326,1146994,7313326,0.0,0,0.014626652,360.875,9934160,289232,5.0.0
ethos-u55-64,0.0,0,64,Shared_Sram,yolo-fastest_192_face_v4,e94bcdb011784bead70ab0c0e9d2dae1a9ea5f103b43e1e6fac3019302cf71ab,ethos-u55,112,yolo-fastest_192_face_v4_vela.tflite,65e39a8602ff8930e26856f3e9c570ed6d6ef66763aef96be32a89a0579688e7,SSE-310,True,Ethos_U55_High_End_Embedded,--accelerator-config ethos-u55-64 --config /opt/arm/ml-embedded-evaluation-kit/scripts/vela/default_vela.ini --system-config Ethos_U55_High_End_Embedded --memory-mode Shared_Sram --optimise Performance --output-dir /tmp/vela_matrix/yolo-fastest_192_face_v4__SSE-310__ethos-u55-64 /opt/arm/ml-embedded-evaluation-kit/resources_downloaded/object_detection/yolo-fastest_192_face_v4.tflite,500000000.0,0,3834150,1154500,3835211,0.0,0,0.007670422,360.84375,9946640,288256,5.0.0
ethos-u55-128,0.0,0,128,Shared_Sram,yolo-fastest_192_face_v4,e94bcdb011784bead70ab0c0e9d2dae1a9ea5f103b43e1e6fac3019302cf71ab,ethos-u55,112,yolo-fastest_192_face_v4_vela.tflite,57ac3cb07347c3b409dc7d031c483325590dd5276444fd51c1cad90112cabf1e,SSE-310,True,Ethos_U55_High_End_Embedded,--accelerator-config ethos-u55-128 --config /opt/arm/ml-embedded-evaluation-kit/scripts/vela/default_vela.ini --system-config Ethos_U55_High_End_Embedded --memory-mode Shared_Sram --optimise Performance --output-dir /tmp/vela_matrix/yolo-fastest_192_face_v4__SSE-310__ethos-u55-128 /opt/arm/ml-embedded-evaluation-kit/resources_downloaded/object_detection/yolo-fastest_192_face_v4.tflite,500000000.0,0,2114933,1117253,2128482,0.0,0,0.004256964,360.84375,9481888,288816,5.0.0
ethos-u55-256,0.0,0,256,Shared_Sram,yolo-fastest_192_face_v4,e94bcdb011784bead70ab0c0e9d2dae1a9ea5f103b43e1e6fac3019302cf71ab,ethos-u55,112,yolo-fastest_192_face_v4_vela.tflite,9309bab1b6b60e88192f584d60755620381209166eacbc8e64109abe5b12552b,SSE-310,True,Ethos_U55_High_End_Embedded,--accelerator-config ethos-u55-256 --config /opt/arm/ml-embedded-evaluation-kit/scripts/vela/default_vela.ini --system-config Ethos_U55_High_End_Embedded --memory-mode Shared_Sram --optimise Performance --output-dir /tmp/vela_matrix/yolo-fastest_192_face_v4__SSE-310__ethos-u55-256 /opt/arm/ml-embedded-evaluation-kit/resources_downloaded/object_detection/yolo-fastest_192_face_v4.tflite,500000000.0,0,1376103,1063504,1523790,0.0,0,0.00304758,360.84375,8927664,289184,5.0.0
ethos-u65-256,0.0,0,256,Dedicated_Sram,yolo-fastest_192_face_v4,e94bcdb011784bead70ab0c0e9d2dae1a9ea5f103b43e1e6fac3019302cf71ab,ethos-u65,112,yolo-fastest_192_face_v4_vela.tflite,b8c58e0f7d5c416a117cdd288f2e5191a96a23ee4f7f6947ed0367c4902302d7,SSE-310,True,Ethos_U65_High_End,--accelerator-config ethos-u65-256 --config /opt/arm/ml-embedded-evaluation-kit/scripts/vela/default_vela.ini --system-config Ethos_U65_High_End --memory-mode Dedicated_Sram --optimise Performance --output-dir /tmp/vela_matrix/yolo-fastest_192_face_v4__SSE-310__ethos-u65-256 /opt/arm/ml-embedded-evaluation-kit/resources_downloaded/object_detection/yolo-fastest_192_face_v4.tflite,1000000000.0,291843,1306183,499684,1426184,382.53125,1046624,0.001426184,360.84375,8301392,288128,5.0.0
ethos-u65-512,0.0,0,512,Dedicated_Sram,yolo-fastest_192_face_v4,e94bcdb011784bead70ab0c0e9d2dae1a9ea5f103b43e1e6fac3019302cf71ab,ethos-u65,112,yolo-fastest_192_face_v4_vela.tflite,70f1056de8372871484cd503c536472396595e678b76b5ce45d2b11c46ddbe0a,SSE-310,True,Ethos_U65_High_End,--accelerator-config ethos-u65-512 --config /opt/arm/ml-embedded-evaluation-kit/scripts/vela/default_vela.ini --system-config Ethos_U65_High_End --memory-mode Dedicated_Sram --optimise Performance --output-dir /tmp/vela_matrix/yolo-fastest_192_face_v4__SSE-310__ethos-u65-512 /opt/arm/ml-embedded-evaluation-kit/resources_downloaded/object_detection/yolo-fastest_192_face_v4.tflite,1000000000.0,291045,844724,501329,1027816,387.09375,1042656,0.001027816,360.984375,8336544,292256,5.0.0
ethos-u65-256,0.0,0,256,Dedicated_Sram,yolo-fastest_192_face_v4,e94bcdb011784bead70ab0c0e9d2dae1a9ea5f103b43e1e6fac3019302cf71ab,ethos-u65,112,yolo-fastest_192_face_v4_vela.tflite,b8c58e0f7d5c416a117cdd288f2e5191a96a23ee4f7f6947ed0367c4902302d7,SSE-315,True,Ethos_U65_High_End,--accelerator-config ethos-u65-256 --config /opt/arm/ml-embedded-evaluation-kit/scripts/vela/default_vela.ini --system-config Ethos_U65_High_End --memory-mode Dedicated_Sram --optimise Performance --output-dir /tmp/vela_matrix/yolo-fastest_192_face_v4__SSE-315__ethos-u65-256 /opt/arm/ml-embedded-evaluation-kit/resources_downloaded/object_detection/yolo-fastest_192_face_v4.tflite,1000000000.0,291843,1306183,499684,1426184,382.53125,1046624,0.001426184,360.84375,8301392,288128,5.0.0
ethos-u65-512,0.0,0,512,Dedicated_Sram,yolo-fastest_192_face_v4,e94bcdb011784bead70ab0c0e9d2dae1a9ea5f103b43e1e6fac3019302cf71ab,ethos-u65,112,yolo-fastest_192_face_v4_vela.tflite,70f1056de8372871484cd503c536472396595e678b76b5ce45d2b11c46ddbe0a,SSE-315,True,Ethos_U65_High_End,--accelerator-config ethos-u65-512 --config /opt/arm/ml-embedded-evaluation-kit/scripts/vela/default_vela.ini --system-config Ethos_U65_High_End --memory-mode Dedicated_Sram --optimise Performance --output-dir /tmp/vela_matrix/yolo-fastest_192_face_v4__SSE-315__ethos-u65-512 /opt/arm/ml-embedded-evaluation-kit/resources_downloaded/object_detection/yolo-fastest_192_face_v4.tflite,1000000000.0,291045,844724,501329,1027816,387.09375,1042656,0.001027816,360.984375,8336544,292256,5.0.0
ethos-u85-128,0.0,0,128,Dedicated_Sram,yolo-fastest_192_face_v4,e94bcdb011784bead70ab0c0e9d2dae1a9ea5f103b43e1e6fac3019302cf71ab,ethos-u85,95,yolo-fastest_192_face_v4_vela.tflite,647d7e53d4eeaa7fd776830e838b0f66f4ab80f6601ae91b536175dc0a056ad1,SSE-320,True,Ethos_U85_SYS_DRAM_Low,--accelerator-config ethos-u85-128 --config /opt/arm/ml-embedded-evaluation-kit/scripts/vela/default_vela.ini --system-config Ethos_U85_SYS_DRAM_Low --memory-mode Dedicated_Sram --optimise Performance --output-dir /tmp/vela_matrix/yolo-fastest_192_face_v4__SSE-320__ethos-u85-128 /opt/arm/ml-embedded-evaluation-kit/resources_downloaded/object_detection/yolo-fastest_192_face_v4.tflite,500000000.0,1704930,1997874,267026,2413414,404.6875,970304,0.004826828,361.046875,9272736,307776,5.0.0
ethos-u85-256,0.0,0,256,Dedicated_Sram,yolo-fastest_192_face_v4,e94bcdb011784bead70ab0c0e9d2dae1a9ea5f103b43e1e6fac3019302cf71ab,ethos-u85,95,yolo-fastest_192_face_v4_vela.tflite,aec60a683ca0dfd54e791bf0fec34f999cf472bbf7a16c4f2e6adb09fddab53e,SSE-320,True,Ethos_U85_SYS_DRAM_Low,--accelerator-config ethos-u85-256 --config /opt/arm/ml-embedded-evaluation-kit/scripts/vela/default_vela.ini --system-config Ethos_U85_SYS_DRAM_Low --memory-mode Dedicated_Sram --optimise Performance --output-dir /tmp/vela_matrix/yolo-fastest_192_face_v4__SSE-320__ethos-u85-256 /opt/arm/ml-embedded-evaluation-kit/resources_downloaded/object_detection/yolo-fastest_192_face_v4.tflite,500000000.0,923277,1060486,253580,1300857,404.71875,790688,0.002601714,361.046875,8546720,307808,5.0.0
ethos-u85-512,0.0,0,512,Dedicated_Sram,yolo-fastest_192_face_v4,e94bcdb011784bead70ab0c0e9d2dae1a9ea5f103b43e1e6fac3019302cf71ab,ethos-u85,95,yolo-fastest_192_face_v4_vela.tflite,8b2f4e1e0fca98e2adcf3ab9db295127c87746cfd134f37eb5cbb1d8b47b847a,SSE-320,True,Ethos_U85_SYS_DRAM_Mid_512,--accelerator-config ethos-u85-512 --config /opt/arm/ml-embedded-evaluation-kit/scripts/vela/default_vela.ini --system-config Ethos_U85_SYS_DRAM_Mid_512 --memory-mode Dedicated_Sram --optimise Performance --output-dir /tmp/vela_matrix/yolo-fastest_192_face_v4__SSE-320__ethos-u85-512 /opt/arm/ml-embedded-evaluation-kit/resources_downloaded/object_detection/yolo-fastest_192_face_v4.tflite,1000000000.0,644791,656759,243433,821717,410.734375,843232,0.000821717,361.171875,7652864,313968,5.0.0
ethos-u85-1024,0.0,0,1024,Dedicated_Sram,yolo-fastest_192_face_v4,e94bcdb011784bead70ab0c0e9d2dae1a9ea5f103b43e1e6fac3019302cf71ab,ethos-u85,95,yolo-fastest_192_face_v4_vela.tflite,aa143485cf3e64da4d46b58fe7cb2dbeab95193740ee0e13815ce3c0bdd1238b,SSE-320,True,Ethos_U85_SYS_DRAM_Mid_1024,--accelerator-config ethos-u85-1024 --config /opt/arm/ml-embedded-evaluation-kit/scripts/vela/default_vela.ini --system-config Ethos_U85_SYS_DRAM_Mid_1024 --memory-mode Dedicated_Sram --optimise Performance --output-dir /tmp/vela_matrix/yolo-fastest_192_face_v4__SSE-320__ethos-u85-1024 /opt/arm/ml-embedded-evaluation-kit/resources_downloaded/object_detection/yolo-fastest_192_face_v4.tflite,1000000000.0,472686,478546,240121,584760,419.0,792224,0.00058476,361.4375,7525472,321472,5.0.0
ethos-u85-2048,0.0,0,2048,Dedicated_Sram,yolo-fastest_192_face_v4,e94bcdb011784bead70ab0c0e9d2dae1a9ea5f103b43e1e6fac3019302cf71ab,ethos-u85,95,yolo-fastest_192_face_v4_vela.tflite,b612256ae8dd9b702d81f8ddf334936d887fda08869fa03221b3bc51e0547b73,SSE-320,True,Ethos_U85_SYS_DRAM_High_2048,--accelerator-config ethos-u85-2048 --config /opt/arm/ml-embedded-evaluation-kit/scripts/vela/default_vela.ini --system-config Ethos_U85_SYS_DRAM_High_2048 --memory-mode Dedicated_Sram --optimise Performance --output-dir /tmp/vela_matrix/yolo-fastest_192_face_v4__SSE-320__ethos-u85-2048 /opt/arm/ml-embedded-evaluation-kit/resources_downloaded/object_detection/yolo-fastest_192_face_v4.tflite,1000000000.0,330493,304596,121772,397172,425.9375,799328,0.000397172,361.4375,7348016,326016,5.0.0
ethos-u55-32,0.0,0,32,Shared_Sram,mobilenet_v2_1.0_224_INT8,bd8d56b80557a5fca7acf14f61e5339285c02810f7d7afa714b9763fc4b86e95,ethos-u55,91,mobilenet_v2_1.0_224_INT8_vela.tflite,11507413d86c7afda68de517b52eff92d62fe996816ff5114092e848563a3048,SSE-300,True,Ethos_U55_High_End_Embedded,--accelerator-config ethos-u55-32 --config /opt/arm/ml-embedded-evaluation-kit/scripts/vela/default_vela.ini --system-config Ethos_U55_High_End_Embedded --memory-mode Shared_Sram --optimise Performance --output-dir /tmp/vela_matrix/mobilenet_v2_1.0_224_INT8__SSE-300__ethos-u55-32 /opt/arm/ml-embedded-evaluation-kit/resources_downloaded/img_class/mobilenet_v2_1.0_224_INT8.tflite,500000000.0,0,22975590,4394739,22975590,0.0,0,0.04595118,1474.21875,38601023,3263952,5.0.0
ethos-u55-64,0.0,0,64,Shared_Sram,mobilenet_v2_1.0_224_INT8,bd8d56b80557a5fca7acf14f61e5339285c02810f7d7afa714b9763fc4b86e95,ethos-u55,91,mobilenet_v2_1.0_224_INT8_vela.tflite,0caf0bb0c54911071d4fc1e39024d79e1e4d094efc7054d19bede41bf363f782,SSE-300,True,Ethos_U55_High_End_Embedded,--accelerator-config ethos-u55-64 --config /opt/arm/ml-embedded-evaluation-kit/scripts/vela/default_vela.ini --system-config Ethos_U55_High_End_Embedded --memory-mode Shared_Sram --optimise Performance --output-dir /tmp/vela_matrix/mobilenet_v2_1.0_224_INT8__SSE-300__ethos-u55-64 /opt/arm/ml-embedded-evaluation-kit/resources_downloaded/img_class/mobilenet_v2_1.0_224_INT8.tflite,500000000.0,0,12378030,4405143,12381496,0.0,0,0.024762992,1474.21875,38020303,3268736,5.0.0
ethos-u55-128,0.0,0,128,Shared_Sram,mobilenet_v2_1.0_224_INT8,bd8d56b80557a5fca7acf14f61e5339285c02810f7d7afa714b9763fc4b86e95,ethos-u55,91,mobilenet_v2_1.0_224_INT8_vela.tflite,621da9778b5d1410af463cecc251fcf49c12eaab24b115a7aa00f54093d808bf,SSE-300,True,Ethos_U55_High_End_Embedded,--accelerator-config ethos-u55-128 --config /opt/arm/ml-embedded-evaluation-kit/scripts/vela/default_vela.ini --system-config Ethos_U55_High_End_Embedded --memory-mode Shared_Sram --optimise Performance --output-dir /tmp/vela_matrix/mobilenet_v2_1.0_224_INT8__SSE-300__ethos-u55-128 /opt/arm/ml-embedded-evaluation-kit/resources_downloaded/img_class/mobilenet_v2_1.0_224_INT8.tflite,500000000.0,0,7697911,3961291,7714570,0.0,0,0.01542914,1474.21875,33837759,3270016,5.0.0
ethos-u55-256,0.0,0,256,Shared_Sram,mobilenet_v2_1.0_224_INT8,bd8d56b80557a5fca7acf14f61e5339285c02810f7d7afa714b9763fc4b86e95,ethos-u55,91,mobilenet_v2_1.0_224_INT8_vela.tflite,43a89ba81b5c0380c826fa90e0260387877e6adb466a1d2da867445ee2b23475,SSE-300,True,Ethos_U55_High_End_Embedded,--accelerator-config ethos-u55-256 --config /opt/arm/ml-embedded-evaluation-kit/scripts/vela/default_vela.ini --system-config Ethos_U55_High_End_Embedded --memory-mode Shared_Sram --optimise Performance --output-dir /tmp/vela_matrix/mobilenet_v2_1.0_224_INT8__SSE-300__ethos-u55-256 /opt/arm/ml-embedded-evaluation-kit/resources_downloaded/img_class/mobilenet_v2_1.0_224_INT8.tflite,500000000.0,0,5580960,3512650,5980017,0.0,0,0.011960034,1474.21875,29421359,3270816,5.0.0
ethos-u65-256,0.0,0,256,Dedicated_Sram,mobilenet_v2_1.0_224_INT8,bd8d56b80557a5fca7acf14f61e5339285c02810f7d7afa714b9763fc4b86e95,ethos-u65,91,mobilenet_v2_1.0_224_INT8_vela.tflite,fc3e393dd52c29f90521f764329fbf582c303b1c6ea29fd11d14ad1d96f1406e,SSE-300,True,Ethos_U65_High_End,--accelerator-config ethos-u65-256 --config /opt/arm/ml-embedded-evaluation-kit/scripts/vela/default_vela.ini --system-config Ethos_U65_High_End --memory-mode Dedicated_Sram --optimise Performance --output-dir /tmp/vela_matrix/mobilenet_v2_1.0_224_INT8__SSE-300__ethos-u65-256 /opt/arm/ml-embedded-evaluation-kit/resources_downloaded/img_class/mobilenet_v2_1.0_224_INT8.tflite,1000000000.0,2923946,3859582,1325507,5254157,3674.65625,10840984,0.005254157,375.21875,22457373,3267536,5.0.0
ethos-u65-512,0.0,0,512,Dedicated_Sram,mobilenet_v2_1.0_224_INT8,bd8d56b80557a5fca7acf14f61e5339285c02810f7d7afa714b9763fc4b86e95,ethos-u65,91,mobilenet_v2_1.0_224_INT8_vela.tflite,7c5599aa2c880e849b60f3fbda9574280c0d81f51ce6e8534857c6d7ce9fc560,SSE-300,True,Ethos_U65_High_End,--accelerator-config ethos-u65-512 --config /opt/arm/ml-embedded-evaluation-kit/scripts/vela/default_vela.ini --system-config Ethos_U65_High_End --memory-mode Dedicated_Sram --optimise Performance --output-dir /tmp/vela_matrix/mobilenet_v2_1.0_224_INT8__SSE-300__ethos-u65-512 /opt/arm/ml-embedded-evaluation-kit/resources_downloaded/img_class/mobilenet_v2_1.0_224_INT8.tflite,1000000000.0,2938753,2623131,1331763,4419261,3671.21875,10833460,0.004419261,375.265625,22496244,3263968,5.0.0
ethos-u55-32,0.0,0,32,Shared_Sram,mobilenet_v2_1.0_224_INT8,bd8d56b80557a5fca7acf14f61e5339285c02810f7d7afa714b9763fc4b86e95,ethos-u55,91,mobilenet_v2_1.0_224_INT8_vela.tflite,11507413d86c7afda68de517b52eff92d62fe996816ff5114092e848563a3048,SSE-310,True,Ethos_U55_High_End_Embedded,--accelerator-config ethos-u55-32 --config /opt/arm/ml-embedded-evaluation-kit/scripts/vela/default_vela.ini --system-config Ethos_U55_High_End_Embedded --memory-mode Shared_Sram --optimise Performance --output-dir /tmp/vela_matrix/mobilenet_v2_1.0_224_INT8__SSE-310__ethos-u55-32 /opt/arm/ml-embedded-evaluation-kit/resources_downloaded/img_class/mobilenet_v2_1.0_224_INT8.tflite,500000000.0,0,22975590,4394739,22975590,0.0,0,0.04595118,1474.21875,38601023,3263952,5.0.0
ethos-u55-64,0.0,0,64,Shared_Sram,mobilenet_v2_1.0_224_INT8,bd8d56b80557a5fca7acf14f61e5339285c02810f7d7afa714b9763fc4b86e95,ethos-u55,91,mobilenet_v2_1.0_224_INT8_vela.tflite,0caf0bb0c54911071d4fc1e39024d79e1e4d094efc7054d19bede41bf363f782,SSE-310,True,Ethos_U55_High_End_Embedded,--accelerator-config ethos-u55-64 --config /opt/arm/ml-embedded-evaluation-kit/scripts/vela/default_vela.ini --system-config Ethos_U55_High_End_Embedded --memory-mode Shared_Sram --optimise Performance --output-dir /tmp/vela_matrix/mobilenet_v2_1.0_224_INT8__SSE-310__ethos-u55-64 /opt/arm/ml-embedded-evaluation-kit/resources_downloaded/img_class/mobilenet_v2_1.0_224_INT8.tflite,500000000.0,0,12378030,4405143,12381496,0.0,0,0.024762992,1474.21875,38020303,3268736,5.0.0
ethos-u55-128,0.0,0,128,Shared_Sram,mobilenet_v2_1.0_224_INT8,bd8d56b80557a5fca7acf14f61e5339285c02810f7d7afa714b9763fc4b86e95,ethos-u55,91,mobilenet_v2_1.0_224_INT8_vela.tflite,621da9778b5d1410af463cecc251fcf49c12eaab24b115a7aa00f54093d808bf,SSE-310,True,Ethos_U55_High_End_Embedded,--accelerator-config ethos-u55-128 --config /opt/arm/ml-embedded-evaluation-kit/scripts/vela/default_vela.ini --system-config Ethos_U55_High_End_Embedded --memory-mode Shared_Sram --optimise Performance --output-dir /tmp/vela_matrix/mobilenet_v2_1.0_224_INT8__SSE-310__ethos-u55-128 /opt/arm/ml-embedded-evaluation-kit/resources_downloaded/img_class/mobilenet_v2_1.0_224_INT8.tflite,500000000.0,0,7697911,3961291,7714570,0.0,0,0.01542914,1474.21875,33837759,3270016,5.0.0
ethos-u55-256,0.0,0,256,Shared_Sram,mobilenet_v2_1.0_224_INT8,bd8d56b80557a5fca7acf14f61e5339285c02810f7d7afa714b9763fc4b86e95,ethos-u55,91,mobilenet_v2_1.0_224_INT8_vela.tflite,43a89ba81b5c0380c826fa90e0260387877e6adb466a1d2da867445ee2b23475,SSE-310,True,Ethos_U55_High_End_Embedded,--accelerator-config ethos-u55-256 --config /opt/arm/ml-embedded-evaluation-kit/scripts/vela/default_vela.ini --system-config Ethos_U55_High_End_Embedded --memory-mode Shared_Sram --optimise Performance --output-dir /tmp/vela_matrix/mobilenet_v2_1.0_224_INT8__SSE-310__ethos-u55-256 /opt/arm/ml-embedded-evaluation-kit/resources_downloaded/img_class/mobilenet_v2_1.0_224_INT8.tflite,500000000.0,0,5580960,3512650,5980017,0.0,0,0.011960034,1474.21875,29421359,3270816,5.0.0
ethos-u65-256,0.0,0,256,Dedicated_Sram,mobilenet_v2_1.0_224_INT8,bd8d56b80557a5fca7acf14f61e5339285c02810f7d7afa714b9763fc4b86e95,ethos-u65,91,mobilenet_v2_1.0_224_INT8_vela.tflite,fc3e393dd52c29f90521f764329fbf582c303b1c6ea29fd11d14ad1d96f1406e,SSE-310,True,Ethos_U65_High_End,--accelerator-config ethos-u65-256 --config /opt/arm/ml-embedded-evaluation-kit/scripts/vela/default_vela.ini --system-config Ethos_U65_High_End --memory-mode Dedicated_Sram --optimise Performance --output-dir /tmp/vela_matrix/mobilenet_v2_1.0_224_INT8__SSE-310__ethos-u65-256 /opt/arm/ml-embedded-evaluation-kit/resources_downloaded/img_class/mobilenet_v2_1.0_224_INT8.tflite,1000000000.0,2923946,3859582,1325507,5254157,3674.65625,10840984,0.005254157,375.21875,22457373,3267536,5.0.0
ethos-u65-512,0.0,0,512,Dedicated_Sram,mobilenet_v2_1.0_224_INT8,bd8d56b80557a5fca7acf14f61e5339285c02810f7d7afa714b9763fc4b86e95,ethos-u65,91,mobilenet_v2_1.0_224_INT8_vela.tflite,7c5599aa2c880e849b60f3fbda9574280c0d81f51ce6e8534857c6d7ce9fc560,SSE-310,True,Ethos_U65_High_End,--accelerator-config ethos-u65-512 --config /opt/arm/ml-embedded-evaluation-kit/scripts/vela/default_vela.ini --system-config Ethos_U65_High_End --memory-mode Dedicated_Sram --optimise Performance --output-dir /tmp/vela_matrix/mobilenet_v2_1.0_224_INT8__SSE-310__ethos-u65-512 /opt/arm/ml-embedded-evaluation-kit/resources_downloaded/img_class/mobilenet_v2_1.0_224_INT8.tflite,1000000000.0,2938753,2623131,1331763,4419261,3671.21875,10833460,0.004419261,375.265625,22496244,3263968,5.0.0
ethos-u65-256,0.0,0,256,Dedicated_Sram,mobilenet_v2_1.0_224_INT8,bd8d56b80557a5fca7acf14f61e5339285c02810f7d7afa714b9763fc4b86e95,ethos-u65,91,mobilenet_v2_1.0_224_INT8_vela.tflite,fc3e393dd52c29f90521f764329fbf582c303b1c6ea29fd11d14ad1d96f1406e,SSE-315,True,Ethos_U65_High_End,--accelerator-config ethos-u65-256 --config /opt/arm/ml-embedded-evaluation-kit/scripts/vela/default_vela.ini --system-config Ethos_U65_High_End --memory-mode Dedicated_Sram --optimise Performance --output-dir /tmp/vela_matrix/mobilenet_v2_1.0_224_INT8__SSE-315__ethos-u65-256 /opt/arm/ml-embedded-evaluation-kit/resources_downloaded/img_class/mobilenet_v2_1.0_224_INT8.tflite,1000000000.0,2923946,3859582,1325507,5254157,3674.65625,10840984,0.005254157,375.21875,22457373,3267536,5.0.0
ethos-u65-512,0.0,0,512,Dedicated_Sram,mobilenet_v2_1.0_224_INT8,bd8d56b80557a5fca7acf14f61e5339285c02810f7d7afa714b9763fc4b86e95,ethos-u65,91,mobilenet_v2_1.0_224_INT8_vela.tflite,7c5599aa2c880e849b60f3fbda9574280c0d81f51ce6e8534857c6d7ce9fc560,SSE-315,True,Ethos_U65_High_End,--accelerator-config ethos-u65-512 --config /opt/arm/ml-embedded-evaluation-kit/scripts/vela/default_vela.ini --system-config Ethos_U65_High_End --memory-mode Dedicated_Sram --optimise Performance --output-dir /tmp/vela_matrix/mobilenet_v2_1.0_224_INT8__SSE-315__ethos-u65-512 /opt/arm/ml-embedded-evaluation-kit/resources_downloaded/img_class/mobilenet_v2_1.0_224_INT8.tflite,1000000000.0,2938753,2623131,1331763,4419261,3671.21875,10833460,0.004419261,375.265625,22496244,3263968,5.0.0
ethos-u85-128,0.0,0,128,Dedicated_Sram,mobilenet_v2_1.0_224_INT8,bd8d56b80557a5fca7acf14f61e5339285c02810f7d7afa714b9763fc4b86e95,ethos-u85,69,mobilenet_v2_1.0_224_INT8_vela.tflite,a414a3eae6969abd57a279690d1c6d5c6f782eef1f8172084df6edb067a5df2e,SSE-320,True,Ethos_U85_SYS_DRAM_Low,--accelerator-config ethos-u85-128 --config /opt/arm/ml-embedded-evaluation-kit/scripts/vela/default_vela.ini --system-config Ethos_U85_SYS_DRAM_Low --memory-mode Dedicated_Sram --optimise Performance --output-dir /tmp/vela_matrix/mobilenet_v2_1.0_224_INT8__SSE-320__ethos-u85-128 /opt/arm/ml-embedded-evaluation-kit/resources_downloaded/img_class/mobilenet_v2_1.0_224_INT8.tflite,500000000.0,5768893,6423428,868812,7496379,4087.65625,9109056,0.014992758,376.578125,29964105,3351536,5.0.0
ethos-u85-256,0.0,0,256,Dedicated_Sram,mobilenet_v2_1.0_224_INT8,bd8d56b80557a5fca7acf14f61e5339285c02810f7d7afa714b9763fc4b86e95,ethos-u85,69,mobilenet_v2_1.0_224_INT8_vela.tflite,0c7038277d83a302238d4926e42b5c281a83dd4891a27d804d58b57873bbced5,SSE-320,True,Ethos_U85_SYS_DRAM_Low,--accelerator-config ethos-u85-256 --config /opt/arm/ml-embedded-evaluation-kit/scripts/vela/default_vela.ini --system-config Ethos_U85_SYS_DRAM_Low --memory-mode Dedicated_Sram --optimise Performance --output-dir /tmp/vela_matrix/mobilenet_v2_1.0_224_INT8__SSE-320__ethos-u85-256 /opt/arm/ml-embedded-evaluation-kit/resources_downloaded/img_class/mobilenet_v2_1.0_224_INT8.tflite,500000000.0,4284204,3597507,788700,4896641,4087.671875,7192768,0.009793282,376.578125,26986857,3351552,5.0.0
ethos-u85-512,0.0,0,512,Dedicated_Sram,mobilenet_v2_1.0_224_INT8,bd8d56b80557a5fca7acf14f61e5339285c02810f7d7afa714b9763fc4b86e95,ethos-u85,69,mobilenet_v2_1.0_224_INT8_vela.tflite,38823b6d0f0d9cfb1895c24afa8103cdfd0ebacafe52b8b8af24af82f71f1b36,SSE-320,True,Ethos_U85_SYS_DRAM_Mid_512,--accelerator-config ethos-u85-512 --config /opt/arm/ml-embedded-evaluation-kit/scripts/vela/default_vela.ini --system-config Ethos_U85_SYS_DRAM_Mid_512 --memory-mode Dedicated_Sram --optimise Performance --output-dir /tmp/vela_matrix/mobilenet_v2_1.0_224_INT8__SSE-320__ethos-u85-512 /opt/arm/ml-embedded-evaluation-kit/resources_downloaded/img_class/mobilenet_v2_1.0_224_INT8.tflite,1000000000.0,2575877,2012044,685110,2898616,4098.875,7155664,0.002898616,376.8125,20477815,3363024,5.0.0
ethos-u85-1024,0.0,0,1024,Dedicated_Sram,mobilenet_v2_1.0_224_INT8,bd8d56b80557a5fca7acf14f61e5339285c02810f7d7afa714b9763fc4b86e95,ethos-u85,69,mobilenet_v2_1.0_224_INT8_vela.tflite,031fade0e9b7136e2ed55a23422efbcc7aba28a32c8ebd3e043afbcc2f44bb75,SSE-320,True,Ethos_U85_SYS_DRAM_Mid_1024,--accelerator-config ethos-u85-1024 --config /opt/arm/ml-embedded-evaluation-kit/scripts/vela/default_vela.ini --system-config Ethos_U85_SYS_DRAM_Mid_1024 --memory-mode Dedicated_Sram --optimise Performance --output-dir /tmp/vela_matrix/mobilenet_v2_1.0_224_INT8__SSE-320__ethos-u85-1024 /opt/arm/ml-embedded-evaluation-kit/resources_downloaded/img_class/mobilenet_v2_1.0_224_INT8.tflite,1000000000.0,2243517,1737984,650380,2358886,4107.640625,6869120,0.002358886,376.921875,19443134,3371520,5.0.0
ethos-u85-2048,0.0,0,2048,Dedicated_Sram,mobilenet_v2_1.0_224_INT8,bd8d56b80557a5fca7acf14f61e5339285c02810f7d7afa714b9763fc4b86e95,ethos-u85,69,mobilenet_v2_1.0_224_INT8_vela.tflite,5666f10f9faf582d8322cf85a127ccd74f18e50a3c7ec42868ce123eb1883533,SSE-320,True,Ethos_U85_SYS_DRAM_High_2048,--accelerator-config ethos-u85-2048 --config /opt/arm/ml-embedded-evaluation-kit/scripts/vela/default_vela.ini --system-config Ethos_U85_SYS_DRAM_High_2048 --memory-mode Dedicated_Sram --optimise Performance --output-dir /tmp/vela_matrix/mobilenet_v2_1.0_224_INT8__SSE-320__ethos-u85-2048 /opt/arm/ml-embedded-evaluation-kit/resources_downloaded/img_class/mobilenet_v2_1.0_224_INT8.tflite,1000000000.0,1528086,1130755,303297,1615393,4109.875,7121104,0.001615393,376.921875,16832254,3373808,5.0.0
ethos-u55-32,0.0,0,32,Shared_Sram,wav2letter_pruned_int8,e0814a0e586f2f2881f7fe96e6bc0b8e4cfecc8d64ced56d8f7ca85b9b7ab257,ethos-u55,38,wav2letter_pruned_int8_vela.tflite,b195f1da544527e7318d783d915e1a9b42071a35e981c36d8ab65c7896d08ee4,SSE-300,True,Ethos_U55_High_End_Embedded,--accelerator-config ethos-u55-32 --config /opt/arm/ml-embedded-evaluation-kit/scripts/vela/default_vela.ini --system-config Ethos_U55_High_End_Embedded --memory-mode Shared_Sram --optimise Performance --output-dir /tmp/vela_matrix/wav2letter_pruned_int8__SSE-300__ethos-u55-32 /opt/arm/ml-embedded-evaluation-kit/resources_downloaded/asr/wav2letter_pruned_int8.tflite,500000000.0,0,112339024,13661064,112339561,0.0,0,0.224679122,11718.859375,115852664,13712688,5.0.0
ethos-u55-64,0.0,0,64,Shared_Sram,wav2letter_pruned_int8,e0814a0e586f2f2881f7fe96e6bc0b8e4cfecc8d64ced56d8f7ca85b9b7ab257,ethos-u55,38,wav2letter_pruned_int8_vela.tflite,56aa35e2eee16fe6f345ed333fa96fa509e199c903defa1a1b4c3cf078d9bdbf,SSE-300,True,Ethos_U55_High_End_Embedded,--accelerator-config ethos-u55-64 --config /opt/arm/ml-embedded-evaluation-kit/scripts/vela/default_vela.ini --system-config Ethos_U55_High_End_Embedded --memory-mode Shared_Sram --optimise Performance --output-dir /tmp/vela_matrix/wav2letter_pruned_int8__SSE-300__ethos-u55-64 /opt/arm/ml-embedded-evaluation-kit/resources_downloaded/asr/wav2letter_pruned_int8.tflite,500000000.0,0,56331746,13790742,56331746,0.0,0,0.112663492,10709.53125,115862920,13720128,5.0.0
ethos-u55-128,0.0,0,128,Shared_Sram,wav2letter_pruned_int8,e0814a0e586f2f2881f7fe96e6bc0b8e4cfecc8d64ced56d8f7ca85b9b7ab257,ethos-u55,38,wav2letter_pruned_int8_vela.tflite,10d02ef7a701a4312496fd0391bb1bb5ca1f594a861145662948443c666a39d1,SSE-300,True,Ethos_U55_High_End_Embedded,--accelerator-config ethos-u55-128 --config /opt/arm/ml-embedded-evaluation-kit/scripts/vela/default_vela.ini --system-config Ethos_U55_High_End_Embedded --memory-mode Shared_Sram --optimise Performance --output-dir /tmp/vela_matrix/wav2letter_pruned_int8__SSE-300__ethos-u55-128 /opt/arm/ml-embedded-evaluation-kit/resources_downloaded/asr/wav2letter_pruned_int8.tflite,500000000.0,0,28246674,10802515,28246674,0.0,0,0.056493348,5012.5625,89821096,13748320,5.0.0
ethos-u55-256,0.0,0,256,Shared_Sram,wav2letter_pruned_int8,e0814a0e586f2f2881f7fe96e6bc0b8e4cfecc8d64ced56d8f7ca85b9b7ab257,ethos-u55,38,wav2letter_pruned_int8_vela.tflite,ac0debf0ceaa7d045528fe3dd619e8a26445aa0ef02eb04431294acdc761bda2,SSE-300,True,Ethos_U55_High_End_Embedded,--accelerator-config ethos-u55-256 --config /opt/arm/ml-embedded-evaluation-kit/scripts/vela/default_vela.ini --system-config Ethos_U55_High_End_Embedded --memory-mode Shared_Sram --optimise Performance --output-dir /tmp/vela_matrix/wav2letter_pruned_int8__SSE-300__ethos-u55-256 /opt/arm/ml-embedded-evaluation-kit/resources_downloaded/asr/wav2letter_pruned_int8.tflite,500000000.0,0,14262700,8699493,14272806,0.0,0,0.028545612,1825.34375,70730664,13788240,5.0.0
ethos-u65-256,0.0,0,256,Dedicated_Sram,wav2letter_pruned_int8,e0814a0e586f2f2881f7fe96e6bc0b8e4cfecc8d64ced56d8f7ca85b9b7ab257,ethos-u65,38,wav2letter_pruned_int8_vela.tflite,9ed66fe10f15b4fcb65b957f526d40cf86e3d9dc14c6be838b7f6c0ac8f246d8,SSE-300,True,Ethos_U65_High_End,--accelerator-config ethos-u65-256 --config /opt/arm/ml-embedded-evaluation-kit/scripts/vela/default_vela.ini --system-config Ethos_U65_High_End --memory-mode Dedicated_Sram --optimise Performance --output-dir /tmp/vela_matrix/wav2letter_pruned_int8__SSE-300__ethos-u65-256 /opt/arm/ml-embedded-evaluation-kit/resources_downloaded/asr/wav2letter_pruned_int8.tflite,1000000000.0,6706216,14189906,3823105,15098431,14062.46875,25061204,0.015098431,333.078125,61444992,13743872,5.0.0
ethos-u65-512,0.0,0,512,Dedicated_Sram,wav2letter_pruned_int8,e0814a0e586f2f2881f7fe96e6bc0b8e4cfecc8d64ced56d8f7ca85b9b7ab257,ethos-u65,38,wav2letter_pruned_int8_vela.tflite,f77a6903da014b751929ee1fd1b2d87c79c8e8808fb39ff702ed798db0643398,SSE-300,True,Ethos_U65_High_End,--accelerator-config ethos-u65-512 --config /opt/arm/ml-embedded-evaluation-kit/scripts/vela/default_vela.ini --system-config Ethos_U65_High_End --memory-mode Dedicated_Sram --optimise Performance --output-dir /tmp/vela_matrix/wav2letter_pruned_int8__SSE-300__ethos-u65-512 /opt/arm/ml-embedded-evaluation-kit/resources_downloaded/asr/wav2letter_pruned_int8.tflite,1000000000.0,6731948,7099940,3791393,9391571,14020.203125,25252420,0.009391571,383.84375,61033084,13700464,5.0.0
ethos-u55-32,0.0,0,32,Shared_Sram,wav2letter_pruned_int8,e0814a0e586f2f2881f7fe96e6bc0b8e4cfecc8d64ced56d8f7ca85b9b7ab257,ethos-u55,38,wav2letter_pruned_int8_vela.tflite,b195f1da544527e7318d783d915e1a9b42071a35e981c36d8ab65c7896d08ee4,SSE-310,True,Ethos_U55_High_End_Embedded,--accelerator-config ethos-u55-32 --config /opt/arm/ml-embedded-evaluation-kit/scripts/vela/default_vela.ini --system-config Ethos_U55_High_End_Embedded --memory-mode Shared_Sram --optimise Performance --output-dir /tmp/vela_matrix/wav2letter_pruned_int8__SSE-310__ethos-u55-32 /opt/arm/ml-embedded-evaluation-kit/resources_downloaded/asr/wav2letter_pruned_int8.tflite,500000000.0,0,112339024,13661064,112339561,0.0,0,0.224679122,11718.859375,115852664,13712688,5.0.0
ethos-u55-64,0.0,0,64,Shared_Sram,wav2letter_pruned_int8,e0814a0e586f2f2881f7fe96e6bc0b8e4cfecc8d64ced56d8f7ca85b9b7ab257,ethos-u55,38,wav2letter_pruned_int8_vela.tflite,56aa35e2eee16fe6f345ed333fa96fa509e199c903defa1a1b4c3cf078d9bdbf,SSE-310,True,Ethos_U55_High_End_Embedded,--accelerator-config ethos-u55-64 --config /opt/arm/ml-embedded-evaluation-kit/scripts/vela/default_vela.ini --system-config Ethos_U55_High_End_Embedded --memory-mode Shared_Sram --optimise Performance --output-dir /tmp/vela_matrix/wav2letter_pruned_int8__SSE-310__ethos-u55-64 /opt/arm/ml-embedded-evaluation-kit/resources_downloaded/asr/wav2letter_pruned_int8.tflite,500000000.0,0,56331746,13790742,56331746,0.0,0,0.112663492,10709.53125,115862920,13720128,5.0.0
ethos-u55-128,0.0,0,128,Shared_Sram,wav2letter_pruned_int8,e0814a0e586f2f2881f7fe96e6bc0b8e4cfecc8d64ced56d8f7ca85b9b7ab257,ethos-u55,38,wav2letter_pruned_int8_vela.tflite,10d02ef7a701a4312496fd0391bb1bb5ca1f594a861145662948443c666a39d1,SSE-310,True,Ethos_U55_High_End_Embedded,--accelerator-config ethos-u55-128 --config /opt/arm/ml-embedded-evaluation-kit/scripts/vela/default_vela.ini --system-config Ethos_U55_High_End_Embedded --memory-mode Shared_Sram --optimise Performance --output-dir /tmp/vela_matrix/wav2letter_pruned_int8__SSE-310__ethos-u55-128 /opt/arm/ml-embedded-evaluation-kit/resources_downloaded/asr/wav2letter_pruned_int8.tflite,500000000.0,0,28246674,10802515,28246674,0.0,0,0.056493348,5012.5625,89821096,13748320,5.0.0
ethos-u55-256,0.0,0,256,Shared_Sram,wav2letter_pruned_int8,e0814a0e586f2f2881f7fe96e6bc0b8e4cfecc8d64ced56d8f7ca85b9b7ab257,ethos-u55,38,wav2letter_pruned_int8_vela.tflite,ac0debf0ceaa7d045528fe3dd619e8a26445aa0ef02eb04431294acdc761bda2,SSE-310,True,Ethos_U55_High_End_Embedded,--accelerator-config ethos-u55-256 --config /opt/arm/ml-embedded-evaluation-kit/scripts/vela/default_vela.ini --system-config Ethos_U55_High_End_Embedded --memory-mode Shared_Sram --optimise Performance --output-dir /tmp/vela_matrix/wav2letter_pruned_int8__SSE-310__ethos-u55-256 /opt/arm/ml-embedded-evaluation-kit/resources_downloaded/asr/wav2letter_pruned_int8.tflite,500000000.0,0,14262700,8699493,14272806,0.0,0,0.028545612,1825.34375,70730664,13788240,5.0.0
ethos-u65-256,0.0,0,256,Dedicated_Sram,wav2letter_pruned_int8,e0814a0e586f2f2881f7fe96e6bc0b8e4cfecc8d64ced56d8f7ca85b9b7ab257,ethos-u65,38,wav2letter_pruned_int8_vela.tflite,9ed66fe10f15b4fcb65b957f526d40cf86e3d9dc14c6be838b7f6c0ac8f246d8,SSE-310,True,Ethos_U65_High_End,--accelerator-config ethos-u65-256 --config /opt/arm/ml-embedded-evaluation-kit/scripts/vela/default_vela.ini --system-config Ethos_U65_High_End --memory-mode Dedicated_Sram --optimise Performance --output-dir /tmp/vela_matrix/wav2letter_pruned_int8__SSE-310__ethos-u65-256 /opt/arm/ml-embedded-evaluation-kit/resources_downloaded/asr/wav2letter_pruned_int8.tflite,1000000000.0,6706216,14189906,3823105,15098431,14062.46875,25061204,0.015098431,333.078125,61444992,13743872,5.0.0
ethos-u65-512,0.0,0,512,Dedicated_Sram,wav2letter_pruned_int8,e0814a0e586f2f2881f7fe96e6bc0b8e4cfecc8d64ced56d8f7ca85b9b7ab257,ethos-u65,38,wav2letter_pruned_int8_vela.tflite,f77a6903da014b751929ee1fd1b2d87c79c8e8808fb39ff702ed798db0643398,SSE-310,True,Ethos_U65_High_End,--accelerator-config ethos-u65-512 --config /opt/arm/ml-embedded-evaluation-kit/scripts/vela/default_vela.ini --system-config Ethos_U65_High_End --memory-mode Dedicated_Sram --optimise Performance --output-dir /tmp/vela_matrix/wav2letter_pruned_int8__SSE-310__ethos-u65-512 /opt/arm/ml-embedded-evaluation-kit/resources_downloaded/asr/wav2letter_pruned_int8.tflite,1000000000.0,6731948,7099940,3791393,9391571,14020.203125,25252420,0.009391571,383.84375,61033084,13700464,5.0.0
ethos-u65-256,0.0,0,256,Dedicated_Sram,wav2letter_pruned_int8,e0814a0e586f2f2881f7fe96e6bc0b8e4cfecc8d64ced56d8f7ca85b9b7ab257,ethos-u65,38,wav2letter_pruned_int8_vela.tflite,9ed66fe10f15b4fcb65b957f526d40cf86e3d9dc14c6be838b7f6c0ac8f246d8,SSE-315,True,Ethos_U65_High_End,--accelerator-config ethos-u65-256 --config /opt/arm/ml-embedded-evaluation-kit/scripts/vela/default_vela.ini --system-config Ethos_U65_High_End --memory-mode Dedicated_Sram --optimise Performance --output-dir /tmp/vela_matrix/wav2letter_pruned_int8__SSE-315__ethos-u65-256 /opt/arm/ml-embedded-evaluation-kit/resources_downloaded/asr/wav2letter_pruned_int8.tflite,1000000000.0,6706216,14189906,3823105,15098431,14062.46875,25061204,0.015098431,333.078125,61444992,13743872,5.0.0
ethos-u65-512,0.0,0,512,Dedicated_Sram,wav2letter_pruned_int8,e0814a0e586f2f2881f7fe96e6bc0b8e4cfecc8d64ced56d8f7ca85b9b7ab257,ethos-u65,38,wav2letter_pruned_int8_vela.tflite,f77a6903da014b751929ee1fd1b2d87c79c8e8808fb39ff702ed798db0643398,SSE-315,True,Ethos_U65_High_End,--accelerator-config ethos-u65-512 --config /opt/arm/ml-embedded-evaluation-kit/scripts/vela/default_vela.ini --system-config Ethos_U65_High_End --memory-mode Dedicated_Sram --optimise Performance --output-dir /tmp/vela_matrix/wav2letter_pruned_int8__SSE-315__ethos-u65-512 /opt/arm/ml-embedded-evaluation-kit/resources_downloaded/asr/wav2letter_pruned_int8.tflite,1000000000.0,6731948,7099940,3791393,9391571,14020.203125,25252420,0.009391571,383.84375,61033084,13700464,5.0.0
ethos-u85-128,0.0,0,128,Dedicated_Sram,wav2letter_pruned_int8,e0814a0e586f2f2881f7fe96e6bc0b8e4cfecc8d64ced56d8f7ca85b9b7ab257,ethos-u85,27,wav2letter_pruned_int8_vela.tflite,c9b0a55854a53ebdf70cf2266f57a90140e428deb3c36ecf7d4887629c4ca34f,SSE-320,True,Ethos_U85_SYS_DRAM_Low,--accelerator-config ethos-u85-128 --config /opt/arm/ml-embedded-evaluation-kit/scripts/vela/default_vela.ini --system-config Ethos_U85_SYS_DRAM_Low --memory-mode Dedicated_Sram --optimise Performance --output-dir /tmp/vela_matrix/wav2letter_pruned_int8__SSE-320__ethos-u85-128 /opt/arm/ml-embedded-evaluation-kit/resources_downloaded/asr/wav2letter_pruned_int8.tflite,500000000.0,18860831,28779873,3018410,34994742,14699.921875,46289728,0.069989484,374.875,96906864,14396224,5.0.0
ethos-u85-256,0.0,0,256,Dedicated_Sram,wav2letter_pruned_int8,e0814a0e586f2f2881f7fe96e6bc0b8e4cfecc8d64ced56d8f7ca85b9b7ab257,ethos-u85,27,wav2letter_pruned_int8_vela.tflite,47da44440a8886649f8bdd2cd34adb1f9deca6d11f7bdfde602cd097055e06a2,SSE-320,True,Ethos_U85_SYS_DRAM_Low,--accelerator-config ethos-u85-256 --config /opt/arm/ml-embedded-evaluation-kit/scripts/vela/default_vela.ini --system-config Ethos_U85_SYS_DRAM_Low --memory-mode Dedicated_Sram --optimise Performance --output-dir /tmp/vela_matrix/wav2letter_pruned_int8__SSE-320__ethos-u85-256 /opt/arm/ml-embedded-evaluation-kit/resources_downloaded/asr/wav2letter_pruned_int8.tflite,500000000.0,10447119,14424997,2857583,17718837,14706.265625,34917728,0.035437674,347.984375,91701888,14402720,5.0.0
ethos-u85-512,0.0,0,512,Dedicated_Sram,wav2letter_pruned_int8,e0814a0e586f2f2881f7fe96e6bc0b8e4cfecc8d64ced56d8f7ca85b9b7ab257,ethos-u85,27,wav2letter_pruned_int8_vela.tflite,9ec8352bd7624498de819db29114964aee319dad249e8276baa01845c7de337b,SSE-320,True,Ethos_U85_SYS_DRAM_Mid_512,--accelerator-config ethos-u85-512 --config /opt/arm/ml-embedded-evaluation-kit/scripts/vela/default_vela.ini --system-config Ethos_U85_SYS_DRAM_Mid_512 --memory-mode Dedicated_Sram --optimise Performance --output-dir /tmp/vela_matrix/wav2letter_pruned_int8__SSE-320__ethos-u85-512 /opt/arm/ml-embedded-evaluation-kit/resources_downloaded/asr/wav2letter_pruned_int8.tflite,1000000000.0,5594424,7244925,1120973,8347400,14418.28125,33482912,0.0083474,326.0625,23549640,14403824,5.0.0
ethos-u85-1024,0.0,0,1024,Dedicated_Sram,wav2letter_pruned_int8,e0814a0e586f2f2881f7fe96e6bc0b8e4cfecc8d64ced56d8f7ca85b9b7ab257,ethos-u85,27,wav2letter_pruned_int8_vela.tflite,4c5b640211f0aaa60eaf65ee5c9c4096a43022fd2c34127042e1304bf45def7b,SSE-320,True,Ethos_U85_SYS_DRAM_Mid_1024,--accelerator-config ethos-u85-1024 --config /opt/arm/ml-embedded-evaluation-kit/scripts/vela/default_vela.ini --system-config Ethos_U85_SYS_DRAM_Mid_1024 --memory-mode Dedicated_Sram --optimise Performance --output-dir /tmp/vela_matrix/wav2letter_pruned_int8__SSE-320__ethos-u85-1024 /opt/arm/ml-embedded-evaluation-kit/resources_downloaded/asr/wav2letter_pruned_int8.tflite,1000000000.0,3278433,5233545,564054,5761355,14438.125,33403744,0.005761355,326.0625,12143796,14423824,5.0.0
ethos-u85-2048,0.0,0,2048,Dedicated_Sram,wav2letter_pruned_int8,e0814a0e586f2f2881f7fe96e6bc0b8e4cfecc8d64ced56d8f7ca85b9b7ab257,ethos-u85,27,wav2letter_pruned_int8_vela.tflite,b9aa7575d5a353d4551eeead152dc62d23496da4c1b6509ba6b048b977add895,SSE-320,True,Ethos_U85_SYS_DRAM_High_2048,--accelerator-config ethos-u85-2048 --config /opt/arm/ml-embedded-evaluation-kit/scripts/vela/default_vela.ini --system-config Ethos_U85_SYS_DRAM_High_2048 --memory-mode Dedicated_Sram --optimise Performance --output-dir /tmp/vela_matrix/wav2letter_pruned_int8__SSE-320__ethos-u85-2048 /opt/arm/ml-embedded-evaluation-kit/resources_downloaded/asr/wav2letter_pruned_int8.tflite,1000000000.0,2495974,4978585,160692,5201137,14483.984375,31580736,0.005201137,326.0625,7174068,14469824,5.0.0
