set_id,rep,slot,ev_type,name,in_trm110,event_value,event_valid,event_overflow,run_rc,run_valid,invalid_reasons,window_cycles,cycle_valid,valid_flags,golden_crc,vendor_rc,ofm_mismatch_count,ofm_max_abs_diff,board_serial,fpga_image,build_id,authorization,app_sha256,vectors_sha256,ddr_sha256,host_boot_index,captured_at_utc
1,1,0,17,cycle,True,394795,True,False,0,True,,394562,1,15,,0,0,0,FTDI-00FT46259002B,FI101-r1p0 (109762 v0100),0x504d574c,owner-verbal-2026-09-23,0f215ef53ddd602ced432ecefe2733a5ac3f025fe03bd192a05bd311b2d00dc8,13c906de50f28f449b55287e6af916c14d4c52c5924ab5a0580d3147c2070462,81d37a219a6b4141d0b433796711ab8af2ee2c3c668a28143a3ffe6a574ade98,22,2026-10-07T07:09:31.862677+00:00
1,1,1,32,npu_idle,True,379742,True,False,0,True,,394562,1,15,,0,0,0,FTDI-00FT46259002B,FI101-r1p0 (109762 v0100),0x504d574c,owner-verbal-2026-09-23,0f215ef53ddd602ced432ecefe2733a5ac3f025fe03bd192a05bd311b2d00dc8,13c906de50f28f449b55287e6af916c14d4c52c5924ab5a0580d3147c2070462,81d37a219a6b4141d0b433796711ab8af2ee2c3c668a28143a3ffe6a574ade98,22,2026-10-07T07:09:31.862677+00:00
1,1,2,35,npu_active,True,15066,True,False,0,True,,394562,1,15,,0,0,0,FTDI-00FT46259002B,FI101-r1p0 (109762 v0100),0x504d574c,owner-verbal-2026-09-23,0f215ef53ddd602ced432ecefe2733a5ac3f025fe03bd192a05bd311b2d00dc8,13c906de50f28f449b55287e6af916c14d4c52c5924ab5a0580d3147c2070462,81d37a219a6b4141d0b433796711ab8af2ee2c3c668a28143a3ffe6a574ade98,22,2026-10-07T07:09:31.862677+00:00
1,1,3,80,wd_active,True,1034,True,False,0,True,,394562,1,15,,0,0,0,FTDI-00FT46259002B,FI101-r1p0 (109762 v0100),0x504d574c,owner-verbal-2026-09-23,0f215ef53ddd602ced432ecefe2733a5ac3f025fe03bd192a05bd311b2d00dc8,13c906de50f28f449b55287e6af916c14d4c52c5924ab5a0580d3147c2070462,81d37a219a6b4141d0b433796711ab8af2ee2c3c668a28143a3ffe6a574ade98,22,2026-10-07T07:09:31.862677+00:00
1,1,4,81,wd_stalled,True,10485,True,False,0,True,,394562,1,15,,0,0,0,FTDI-00FT46259002B,FI101-r1p0 (109762 v0100),0x504d574c,owner-verbal-2026-09-23,0f215ef53ddd602ced432ecefe2733a5ac3f025fe03bd192a05bd311b2d00dc8,13c906de50f28f449b55287e6af916c14d4c52c5924ab5a0580d3147c2070462,81d37a219a6b4141d0b433796711ab8af2ee2c3c668a28143a3ffe6a574ade98,22,2026-10-07T07:09:31.862677+00:00
1,1,5,83,wd_stalled_by_wd_buf,False,1653,True,False,0,True,,394562,1,15,,0,0,0,FTDI-00FT46259002B,FI101-r1p0 (109762 v0100),0x504d574c,owner-verbal-2026-09-23,0f215ef53ddd602ced432ecefe2733a5ac3f025fe03bd192a05bd311b2d00dc8,13c906de50f28f449b55287e6af916c14d4c52c5924ab5a0580d3147c2070462,81d37a219a6b4141d0b433796711ab8af2ee2c3c668a28143a3ffe6a574ade98,22,2026-10-07T07:09:31.862677+00:00
1,1,6,84,wd_stalled_by_ws_fc,False,0,True,False,0,True,,394562,1,15,,0,0,0,FTDI-00FT46259002B,FI101-r1p0 (109762 v0100),0x504d574c,owner-verbal-2026-09-23,0f215ef53ddd602ced432ecefe2733a5ac3f025fe03bd192a05bd311b2d00dc8,13c906de50f28f449b55287e6af916c14d4c52c5924ab5a0580d3147c2070462,81d37a219a6b4141d0b433796711ab8af2ee2c3c668a28143a3ffe6a574ade98,22,2026-10-07T07:09:31.862677+00:00
1,1,7,85,wd_stalled_by_ws_tc,False,8937,True,False,0,True,,394562,1,15,,0,0,0,FTDI-00FT46259002B,FI101-r1p0 (109762 v0100),0x504d574c,owner-verbal-2026-09-23,0f215ef53ddd602ced432ecefe2733a5ac3f025fe03bd192a05bd311b2d00dc8,13c906de50f28f449b55287e6af916c14d4c52c5924ab5a0580d3147c2070462,81d37a219a6b4141d0b433796711ab8af2ee2c3c668a28143a3ffe6a574ade98,22,2026-10-07T07:09:31.862677+00:00
1,2,0,17,cycle,True,398663,True,False,0,True,,398430,1,15,,0,0,0,FTDI-00FT46259002B,FI101-r1p0 (109762 v0100),0x504d574c,owner-verbal-2026-09-23,0f215ef53ddd602ced432ecefe2733a5ac3f025fe03bd192a05bd311b2d00dc8,13c906de50f28f449b55287e6af916c14d4c52c5924ab5a0580d3147c2070462,81d37a219a6b4141d0b433796711ab8af2ee2c3c668a28143a3ffe6a574ade98,22,2026-10-07T07:09:31.862677+00:00
1,2,1,32,npu_idle,True,379779,True,False,0,True,,398430,1,15,,0,0,0,FTDI-00FT46259002B,FI101-r1p0 (109762 v0100),0x504d574c,owner-verbal-2026-09-23,0f215ef53ddd602ced432ecefe2733a5ac3f025fe03bd192a05bd311b2d00dc8,13c906de50f28f449b55287e6af916c14d4c52c5924ab5a0580d3147c2070462,81d37a219a6b4141d0b433796711ab8af2ee2c3c668a28143a3ffe6a574ade98,22,2026-10-07T07:09:31.862677+00:00
1,2,2,35,npu_active,True,18897,True,False,0,True,,398430,1,15,,0,0,0,FTDI-00FT46259002B,FI101-r1p0 (109762 v0100),0x504d574c,owner-verbal-2026-09-23,0f215ef53ddd602ced432ecefe2733a5ac3f025fe03bd192a05bd311b2d00dc8,13c906de50f28f449b55287e6af916c14d4c52c5924ab5a0580d3147c2070462,81d37a219a6b4141d0b433796711ab8af2ee2c3c668a28143a3ffe6a574ade98,22,2026-10-07T07:09:31.862677+00:00
1,2,3,80,wd_active,True,1034,True,False,0,True,,398430,1,15,,0,0,0,FTDI-00FT46259002B,FI101-r1p0 (109762 v0100),0x504d574c,owner-verbal-2026-09-23,0f215ef53ddd602ced432ecefe2733a5ac3f025fe03bd192a05bd311b2d00dc8,13c906de50f28f449b55287e6af916c14d4c52c5924ab5a0580d3147c2070462,81d37a219a6b4141d0b433796711ab8af2ee2c3c668a28143a3ffe6a574ade98,22,2026-10-07T07:09:31.862677+00:00
1,2,4,81,wd_stalled,True,15785,True,False,0,True,,398430,1,15,,0,0,0,FTDI-00FT46259002B,FI101-r1p0 (109762 v0100),0x504d574c,owner-verbal-2026-09-23,0f215ef53ddd602ced432ecefe2733a5ac3f025fe03bd192a05bd311b2d00dc8,13c906de50f28f449b55287e6af916c14d4c52c5924ab5a0580d3147c2070462,81d37a219a6b4141d0b433796711ab8af2ee2c3c668a28143a3ffe6a574ade98,22,2026-10-07T07:09:31.862677+00:00
1,2,5,83,wd_stalled_by_wd_buf,False,9852,True,False,0,True,,398430,1,15,,0,0,0,FTDI-00FT46259002B,FI101-r1p0 (109762 v0100),0x504d574c,owner-verbal-2026-09-23,0f215ef53ddd602ced432ecefe2733a5ac3f025fe03bd192a05bd311b2d00dc8,13c906de50f28f449b55287e6af916c14d4c52c5924ab5a0580d3147c2070462,81d37a219a6b4141d0b433796711ab8af2ee2c3c668a28143a3ffe6a574ade98,22,2026-10-07T07:09:31.862677+00:00
1,2,6,84,wd_stalled_by_ws_fc,False,0,True,False,0,True,,398430,1,15,,0,0,0,FTDI-00FT46259002B,FI101-r1p0 (109762 v0100),0x504d574c,owner-verbal-2026-09-23,0f215ef53ddd602ced432ecefe2733a5ac3f025fe03bd192a05bd311b2d00dc8,13c906de50f28f449b55287e6af916c14d4c52c5924ab5a0580d3147c2070462,81d37a219a6b4141d0b433796711ab8af2ee2c3c668a28143a3ffe6a574ade98,22,2026-10-07T07:09:31.862677+00:00
1,2,7,85,wd_stalled_by_ws_tc,False,6061,True,False,0,True,,398430,1,15,,0,0,0,FTDI-00FT46259002B,FI101-r1p0 (109762 v0100),0x504d574c,owner-verbal-2026-09-23,0f215ef53ddd602ced432ecefe2733a5ac3f025fe03bd192a05bd311b2d00dc8,13c906de50f28f449b55287e6af916c14d4c52c5924ab5a0580d3147c2070462,81d37a219a6b4141d0b433796711ab8af2ee2c3c668a28143a3ffe6a574ade98,22,2026-10-07T07:09:31.862677+00:00
1,3,0,17,cycle,True,392749,True,False,0,True,,392516,1,15,,0,0,0,FTDI-00FT46259002B,FI101-r1p0 (109762 v0100),0x504d574c,owner-verbal-2026-09-23,0f215ef53ddd602ced432ecefe2733a5ac3f025fe03bd192a05bd311b2d00dc8,13c906de50f28f449b55287e6af916c14d4c52c5924ab5a0580d3147c2070462,81d37a219a6b4141d0b433796711ab8af2ee2c3c668a28143a3ffe6a574ade98,22,2026-10-07T07:09:31.862677+00:00
1,3,1,32,npu_idle,True,379737,True,False,0,True,,392516,1,15,,0,0,0,FTDI-00FT46259002B,FI101-r1p0 (109762 v0100),0x504d574c,owner-verbal-2026-09-23,0f215ef53ddd602ced432ecefe2733a5ac3f025fe03bd192a05bd311b2d00dc8,13c906de50f28f449b55287e6af916c14d4c52c5924ab5a0580d3147c2070462,81d37a219a6b4141d0b433796711ab8af2ee2c3c668a28143a3ffe6a574ade98,22,2026-10-07T07:09:31.862677+00:00
1,3,2,35,npu_active,True,13025,True,False,0,True,,392516,1,15,,0,0,0,FTDI-00FT46259002B,FI101-r1p0 (109762 v0100),0x504d574c,owner-verbal-2026-09-23,0f215ef53ddd602ced432ecefe2733a5ac3f025fe03bd192a05bd311b2d00dc8,13c906de50f28f449b55287e6af916c14d4c52c5924ab5a0580d3147c2070462,81d37a219a6b4141d0b433796711ab8af2ee2c3c668a28143a3ffe6a574ade98,22,2026-10-07T07:09:31.862677+00:00
1,3,3,80,wd_active,True,1034,True,False,0,True,,392516,1,15,,0,0,0,FTDI-00FT46259002B,FI101-r1p0 (109762 v0100),0x504d574c,owner-verbal-2026-09-23,0f215ef53ddd602ced432ecefe2733a5ac3f025fe03bd192a05bd311b2d00dc8,13c906de50f28f449b55287e6af916c14d4c52c5924ab5a0580d3147c2070462,81d37a219a6b4141d0b433796711ab8af2ee2c3c668a28143a3ffe6a574ade98,22,2026-10-07T07:09:31.862677+00:00
1,3,4,81,wd_stalled,True,9914,True,False,0,True,,392516,1,15,,0,0,0,FTDI-00FT46259002B,FI101-r1p0 (109762 v0100),0x504d574c,owner-verbal-2026-09-23,0f215ef53ddd602ced432ecefe2733a5ac3f025fe03bd192a05bd311b2d00dc8,13c906de50f28f449b55287e6af916c14d4c52c5924ab5a0580d3147c2070462,81d37a219a6b4141d0b433796711ab8af2ee2c3c668a28143a3ffe6a574ade98,22,2026-10-07T07:09:31.862677+00:00
1,3,5,83,wd_stalled_by_wd_buf,False,1653,True,False,0,True,,392516,1,15,,0,0,0,FTDI-00FT46259002B,FI101-r1p0 (109762 v0100),0x504d574c,owner-verbal-2026-09-23,0f215ef53ddd602ced432ecefe2733a5ac3f025fe03bd192a05bd311b2d00dc8,13c906de50f28f449b55287e6af916c14d4c52c5924ab5a0580d3147c2070462,81d37a219a6b4141d0b433796711ab8af2ee2c3c668a28143a3ffe6a574ade98,22,2026-10-07T07:09:31.862677+00:00
1,3,6,84,wd_stalled_by_ws_fc,False,0,True,False,0,True,,392516,1,15,,0,0,0,FTDI-00FT46259002B,FI101-r1p0 (109762 v0100),0x504d574c,owner-verbal-2026-09-23,0f215ef53ddd602ced432ecefe2733a5ac3f025fe03bd192a05bd311b2d00dc8,13c906de50f28f449b55287e6af916c14d4c52c5924ab5a0580d3147c2070462,81d37a219a6b4141d0b433796711ab8af2ee2c3c668a28143a3ffe6a574ade98,22,2026-10-07T07:09:31.862677+00:00
1,3,7,85,wd_stalled_by_ws_tc,False,8366,True,False,0,True,,392516,1,15,,0,0,0,FTDI-00FT46259002B,FI101-r1p0 (109762 v0100),0x504d574c,owner-verbal-2026-09-23,0f215ef53ddd602ced432ecefe2733a5ac3f025fe03bd192a05bd311b2d00dc8,13c906de50f28f449b55287e6af916c14d4c52c5924ab5a0580d3147c2070462,81d37a219a6b4141d0b433796711ab8af2ee2c3c668a28143a3ffe6a574ade98,22,2026-10-07T07:09:31.862677+00:00
2,1,0,89,wd_trans_wblk,False,8,True,False,0,True,,397909,1,15,,0,0,0,FTDI-00FT46259002B,FI101-r1p0 (109762 v0100),0x504d574c,owner-verbal-2026-09-23,0f215ef53ddd602ced432ecefe2733a5ac3f025fe03bd192a05bd311b2d00dc8,13c906de50f28f449b55287e6af916c14d4c52c5924ab5a0580d3147c2070462,81d37a219a6b4141d0b433796711ab8af2ee2c3c668a28143a3ffe6a574ade98,22,2026-10-07T07:09:31.862677+00:00
2,1,1,90,wd_trans_ws_fc,False,0,True,False,0,True,,397909,1,15,,0,0,0,FTDI-00FT46259002B,FI101-r1p0 (109762 v0100),0x504d574c,owner-verbal-2026-09-23,0f215ef53ddd602ced432ecefe2733a5ac3f025fe03bd192a05bd311b2d00dc8,13c906de50f28f449b55287e6af916c14d4c52c5924ab5a0580d3147c2070462,81d37a219a6b4141d0b433796711ab8af2ee2c3c668a28143a3ffe6a574ade98,22,2026-10-07T07:09:31.862677+00:00
2,1,2,91,wd_trans_ws_tc,False,1024,True,False,0,True,,397909,1,15,,0,0,0,FTDI-00FT46259002B,FI101-r1p0 (109762 v0100),0x504d574c,owner-verbal-2026-09-23,0f215ef53ddd602ced432ecefe2733a5ac3f025fe03bd192a05bd311b2d00dc8,13c906de50f28f449b55287e6af916c14d4c52c5924ab5a0580d3147c2070462,81d37a219a6b4141d0b433796711ab8af2ee2c3c668a28143a3ffe6a574ade98,22,2026-10-07T07:09:31.862677+00:00
2,1,3,96,wd_stalled_by_ws_sc0,False,0,True,False,0,True,,397909,1,15,,0,0,0,FTDI-00FT46259002B,FI101-r1p0 (109762 v0100),0x504d574c,owner-verbal-2026-09-23,0f215ef53ddd602ced432ecefe2733a5ac3f025fe03bd192a05bd311b2d00dc8,13c906de50f28f449b55287e6af916c14d4c52c5924ab5a0580d3147c2070462,81d37a219a6b4141d0b433796711ab8af2ee2c3c668a28143a3ffe6a574ade98,22,2026-10-07T07:09:31.862677+00:00
2,1,4,97,wd_stalled_by_ws_sc1,False,0,True,False,0,True,,397909,1,15,,0,0,0,FTDI-00FT46259002B,FI101-r1p0 (109762 v0100),0x504d574c,owner-verbal-2026-09-23,0f215ef53ddd602ced432ecefe2733a5ac3f025fe03bd192a05bd311b2d00dc8,13c906de50f28f449b55287e6af916c14d4c52c5924ab5a0580d3147c2070462,81d37a219a6b4141d0b433796711ab8af2ee2c3c668a28143a3ffe6a574ade98,22,2026-10-07T07:09:31.862677+00:00
2,1,5,98,wd_stalled_by_ws_sc2,False,0,True,False,0,True,,397909,1,15,,0,0,0,FTDI-00FT46259002B,FI101-r1p0 (109762 v0100),0x504d574c,owner-verbal-2026-09-23,0f215ef53ddd602ced432ecefe2733a5ac3f025fe03bd192a05bd311b2d00dc8,13c906de50f28f449b55287e6af916c14d4c52c5924ab5a0580d3147c2070462,81d37a219a6b4141d0b433796711ab8af2ee2c3c668a28143a3ffe6a574ade98,22,2026-10-07T07:09:31.862677+00:00
2,1,6,99,wd_stalled_by_ws_sc3,False,0,True,False,0,True,,397909,1,15,,0,0,0,FTDI-00FT46259002B,FI101-r1p0 (109762 v0100),0x504d574c,owner-verbal-2026-09-23,0f215ef53ddd602ced432ecefe2733a5ac3f025fe03bd192a05bd311b2d00dc8,13c906de50f28f449b55287e6af916c14d4c52c5924ab5a0580d3147c2070462,81d37a219a6b4141d0b433796711ab8af2ee2c3c668a28143a3ffe6a574ade98,22,2026-10-07T07:09:31.862677+00:00
2,1,7,100,wd_parse_active_sc0,False,0,True,False,0,True,,397909,1,15,,0,0,0,FTDI-00FT46259002B,FI101-r1p0 (109762 v0100),0x504d574c,owner-verbal-2026-09-23,0f215ef53ddd602ced432ecefe2733a5ac3f025fe03bd192a05bd311b2d00dc8,13c906de50f28f449b55287e6af916c14d4c52c5924ab5a0580d3147c2070462,81d37a219a6b4141d0b433796711ab8af2ee2c3c668a28143a3ffe6a574ade98,22,2026-10-07T07:09:31.862677+00:00
2,2,0,89,wd_trans_wblk,False,8,True,False,0,True,,398052,1,15,,0,0,0,FTDI-00FT46259002B,FI101-r1p0 (109762 v0100),0x504d574c,owner-verbal-2026-09-23,0f215ef53ddd602ced432ecefe2733a5ac3f025fe03bd192a05bd311b2d00dc8,13c906de50f28f449b55287e6af916c14d4c52c5924ab5a0580d3147c2070462,81d37a219a6b4141d0b433796711ab8af2ee2c3c668a28143a3ffe6a574ade98,22,2026-10-07T07:09:31.862677+00:00
2,2,1,90,wd_trans_ws_fc,False,0,True,False,0,True,,398052,1,15,,0,0,0,FTDI-00FT46259002B,FI101-r1p0 (109762 v0100),0x504d574c,owner-verbal-2026-09-23,0f215ef53ddd602ced432ecefe2733a5ac3f025fe03bd192a05bd311b2d00dc8,13c906de50f28f449b55287e6af916c14d4c52c5924ab5a0580d3147c2070462,81d37a219a6b4141d0b433796711ab8af2ee2c3c668a28143a3ffe6a574ade98,22,2026-10-07T07:09:31.862677+00:00
2,2,2,91,wd_trans_ws_tc,False,1024,True,False,0,True,,398052,1,15,,0,0,0,FTDI-00FT46259002B,FI101-r1p0 (109762 v0100),0x504d574c,owner-verbal-2026-09-23,0f215ef53ddd602ced432ecefe2733a5ac3f025fe03bd192a05bd311b2d00dc8,13c906de50f28f449b55287e6af916c14d4c52c5924ab5a0580d3147c2070462,81d37a219a6b4141d0b433796711ab8af2ee2c3c668a28143a3ffe6a574ade98,22,2026-10-07T07:09:31.862677+00:00
2,2,3,96,wd_stalled_by_ws_sc0,False,0,True,False,0,True,,398052,1,15,,0,0,0,FTDI-00FT46259002B,FI101-r1p0 (109762 v0100),0x504d574c,owner-verbal-2026-09-23,0f215ef53ddd602ced432ecefe2733a5ac3f025fe03bd192a05bd311b2d00dc8,13c906de50f28f449b55287e6af916c14d4c52c5924ab5a0580d3147c2070462,81d37a219a6b4141d0b433796711ab8af2ee2c3c668a28143a3ffe6a574ade98,22,2026-10-07T07:09:31.862677+00:00
2,2,4,97,wd_stalled_by_ws_sc1,False,0,True,False,0,True,,398052,1,15,,0,0,0,FTDI-00FT46259002B,FI101-r1p0 (109762 v0100),0x504d574c,owner-verbal-2026-09-23,0f215ef53ddd602ced432ecefe2733a5ac3f025fe03bd192a05bd311b2d00dc8,13c906de50f28f449b55287e6af916c14d4c52c5924ab5a0580d3147c2070462,81d37a219a6b4141d0b433796711ab8af2ee2c3c668a28143a3ffe6a574ade98,22,2026-10-07T07:09:31.862677+00:00
2,2,5,98,wd_stalled_by_ws_sc2,False,0,True,False,0,True,,398052,1,15,,0,0,0,FTDI-00FT46259002B,FI101-r1p0 (109762 v0100),0x504d574c,owner-verbal-2026-09-23,0f215ef53ddd602ced432ecefe2733a5ac3f025fe03bd192a05bd311b2d00dc8,13c906de50f28f449b55287e6af916c14d4c52c5924ab5a0580d3147c2070462,81d37a219a6b4141d0b433796711ab8af2ee2c3c668a28143a3ffe6a574ade98,22,2026-10-07T07:09:31.862677+00:00
2,2,6,99,wd_stalled_by_ws_sc3,False,0,True,False,0,True,,398052,1,15,,0,0,0,FTDI-00FT46259002B,FI101-r1p0 (109762 v0100),0x504d574c,owner-verbal-2026-09-23,0f215ef53ddd602ced432ecefe2733a5ac3f025fe03bd192a05bd311b2d00dc8,13c906de50f28f449b55287e6af916c14d4c52c5924ab5a0580d3147c2070462,81d37a219a6b4141d0b433796711ab8af2ee2c3c668a28143a3ffe6a574ade98,22,2026-10-07T07:09:31.862677+00:00
2,2,7,100,wd_parse_active_sc0,False,0,True,False,0,True,,398052,1,15,,0,0,0,FTDI-00FT46259002B,FI101-r1p0 (109762 v0100),0x504d574c,owner-verbal-2026-09-23,0f215ef53ddd602ced432ecefe2733a5ac3f025fe03bd192a05bd311b2d00dc8,13c906de50f28f449b55287e6af916c14d4c52c5924ab5a0580d3147c2070462,81d37a219a6b4141d0b433796711ab8af2ee2c3c668a28143a3ffe6a574ade98,22,2026-10-07T07:09:31.862677+00:00
2,3,0,89,wd_trans_wblk,False,8,True,False,0,True,,394325,1,15,,0,0,0,FTDI-00FT46259002B,FI101-r1p0 (109762 v0100),0x504d574c,owner-verbal-2026-09-23,0f215ef53ddd602ced432ecefe2733a5ac3f025fe03bd192a05bd311b2d00dc8,13c906de50f28f449b55287e6af916c14d4c52c5924ab5a0580d3147c2070462,81d37a219a6b4141d0b433796711ab8af2ee2c3c668a28143a3ffe6a574ade98,22,2026-10-07T07:09:31.862677+00:00
2,3,1,90,wd_trans_ws_fc,False,0,True,False,0,True,,394325,1,15,,0,0,0,FTDI-00FT46259002B,FI101-r1p0 (109762 v0100),0x504d574c,owner-verbal-2026-09-23,0f215ef53ddd602ced432ecefe2733a5ac3f025fe03bd192a05bd311b2d00dc8,13c906de50f28f449b55287e6af916c14d4c52c5924ab5a0580d3147c2070462,81d37a219a6b4141d0b433796711ab8af2ee2c3c668a28143a3ffe6a574ade98,22,2026-10-07T07:09:31.862677+00:00
2,3,2,91,wd_trans_ws_tc,False,1024,True,False,0,True,,394325,1,15,,0,0,0,FTDI-00FT46259002B,FI101-r1p0 (109762 v0100),0x504d574c,owner-verbal-2026-09-23,0f215ef53ddd602ced432ecefe2733a5ac3f025fe03bd192a05bd311b2d00dc8,13c906de50f28f449b55287e6af916c14d4c52c5924ab5a0580d3147c2070462,81d37a219a6b4141d0b433796711ab8af2ee2c3c668a28143a3ffe6a574ade98,22,2026-10-07T07:09:31.862677+00:00
2,3,3,96,wd_stalled_by_ws_sc0,False,0,True,False,0,True,,394325,1,15,,0,0,0,FTDI-00FT46259002B,FI101-r1p0 (109762 v0100),0x504d574c,owner-verbal-2026-09-23,0f215ef53ddd602ced432ecefe2733a5ac3f025fe03bd192a05bd311b2d00dc8,13c906de50f28f449b55287e6af916c14d4c52c5924ab5a0580d3147c2070462,81d37a219a6b4141d0b433796711ab8af2ee2c3c668a28143a3ffe6a574ade98,22,2026-10-07T07:09:31.862677+00:00
2,3,4,97,wd_stalled_by_ws_sc1,False,0,True,False,0,True,,394325,1,15,,0,0,0,FTDI-00FT46259002B,FI101-r1p0 (109762 v0100),0x504d574c,owner-verbal-2026-09-23,0f215ef53ddd602ced432ecefe2733a5ac3f025fe03bd192a05bd311b2d00dc8,13c906de50f28f449b55287e6af916c14d4c52c5924ab5a0580d3147c2070462,81d37a219a6b4141d0b433796711ab8af2ee2c3c668a28143a3ffe6a574ade98,22,2026-10-07T07:09:31.862677+00:00
2,3,5,98,wd_stalled_by_ws_sc2,False,0,True,False,0,True,,394325,1,15,,0,0,0,FTDI-00FT46259002B,FI101-r1p0 (109762 v0100),0x504d574c,owner-verbal-2026-09-23,0f215ef53ddd602ced432ecefe2733a5ac3f025fe03bd192a05bd311b2d00dc8,13c906de50f28f449b55287e6af916c14d4c52c5924ab5a0580d3147c2070462,81d37a219a6b4141d0b433796711ab8af2ee2c3c668a28143a3ffe6a574ade98,22,2026-10-07T07:09:31.862677+00:00
2,3,6,99,wd_stalled_by_ws_sc3,False,0,True,False,0,True,,394325,1,15,,0,0,0,FTDI-00FT46259002B,FI101-r1p0 (109762 v0100),0x504d574c,owner-verbal-2026-09-23,0f215ef53ddd602ced432ecefe2733a5ac3f025fe03bd192a05bd311b2d00dc8,13c906de50f28f449b55287e6af916c14d4c52c5924ab5a0580d3147c2070462,81d37a219a6b4141d0b433796711ab8af2ee2c3c668a28143a3ffe6a574ade98,22,2026-10-07T07:09:31.862677+00:00
2,3,7,100,wd_parse_active_sc0,False,0,True,False,0,True,,394325,1,15,,0,0,0,FTDI-00FT46259002B,FI101-r1p0 (109762 v0100),0x504d574c,owner-verbal-2026-09-23,0f215ef53ddd602ced432ecefe2733a5ac3f025fe03bd192a05bd311b2d00dc8,13c906de50f28f449b55287e6af916c14d4c52c5924ab5a0580d3147c2070462,81d37a219a6b4141d0b433796711ab8af2ee2c3c668a28143a3ffe6a574ade98,22,2026-10-07T07:09:31.862677+00:00
3,1,0,101,wd_parse_active_sc1,False,0,True,False,0,True,,396064,1,15,,0,0,0,FTDI-00FT46259002B,FI101-r1p0 (109762 v0100),0x504d574c,owner-verbal-2026-09-23,0f215ef53ddd602ced432ecefe2733a5ac3f025fe03bd192a05bd311b2d00dc8,13c906de50f28f449b55287e6af916c14d4c52c5924ab5a0580d3147c2070462,81d37a219a6b4141d0b433796711ab8af2ee2c3c668a28143a3ffe6a574ade98,22,2026-10-07T07:09:31.862677+00:00
3,1,1,102,wd_parse_active_sc2,False,0,True,False,0,True,,396064,1,15,,0,0,0,FTDI-00FT46259002B,FI101-r1p0 (109762 v0100),0x504d574c,owner-verbal-2026-09-23,0f215ef53ddd602ced432ecefe2733a5ac3f025fe03bd192a05bd311b2d00dc8,13c906de50f28f449b55287e6af916c14d4c52c5924ab5a0580d3147c2070462,81d37a219a6b4141d0b433796711ab8af2ee2c3c668a28143a3ffe6a574ade98,22,2026-10-07T07:09:31.862677+00:00
3,1,2,103,wd_parse_active_sc3,False,0,True,False,0,True,,396064,1,15,,0,0,0,FTDI-00FT46259002B,FI101-r1p0 (109762 v0100),0x504d574c,owner-verbal-2026-09-23,0f215ef53ddd602ced432ecefe2733a5ac3f025fe03bd192a05bd311b2d00dc8,13c906de50f28f449b55287e6af916c14d4c52c5924ab5a0580d3147c2070462,81d37a219a6b4141d0b433796711ab8af2ee2c3c668a28143a3ffe6a574ade98,22,2026-10-07T07:09:31.862677+00:00
3,1,3,104,wd_parse_stall_sc0,False,0,True,False,0,True,,396064,1,15,,0,0,0,FTDI-00FT46259002B,FI101-r1p0 (109762 v0100),0x504d574c,owner-verbal-2026-09-23,0f215ef53ddd602ced432ecefe2733a5ac3f025fe03bd192a05bd311b2d00dc8,13c906de50f28f449b55287e6af916c14d4c52c5924ab5a0580d3147c2070462,81d37a219a6b4141d0b433796711ab8af2ee2c3c668a28143a3ffe6a574ade98,22,2026-10-07T07:09:31.862677+00:00
3,1,4,105,wd_parse_stall_sc1,False,0,True,False,0,True,,396064,1,15,,0,0,0,FTDI-00FT46259002B,FI101-r1p0 (109762 v0100),0x504d574c,owner-verbal-2026-09-23,0f215ef53ddd602ced432ecefe2733a5ac3f025fe03bd192a05bd311b2d00dc8,13c906de50f28f449b55287e6af916c14d4c52c5924ab5a0580d3147c2070462,81d37a219a6b4141d0b433796711ab8af2ee2c3c668a28143a3ffe6a574ade98,22,2026-10-07T07:09:31.862677+00:00
3,1,5,106,wd_parse_stall_sc2,False,0,True,False,0,True,,396064,1,15,,0,0,0,FTDI-00FT46259002B,FI101-r1p0 (109762 v0100),0x504d574c,owner-verbal-2026-09-23,0f215ef53ddd602ced432ecefe2733a5ac3f025fe03bd192a05bd311b2d00dc8,13c906de50f28f449b55287e6af916c14d4c52c5924ab5a0580d3147c2070462,81d37a219a6b4141d0b433796711ab8af2ee2c3c668a28143a3ffe6a574ade98,22,2026-10-07T07:09:31.862677+00:00
3,1,6,107,wd_parse_stall_sc3,False,0,True,False,0,True,,396064,1,15,,0,0,0,FTDI-00FT46259002B,FI101-r1p0 (109762 v0100),0x504d574c,owner-verbal-2026-09-23,0f215ef53ddd602ced432ecefe2733a5ac3f025fe03bd192a05bd311b2d00dc8,13c906de50f28f449b55287e6af916c14d4c52c5924ab5a0580d3147c2070462,81d37a219a6b4141d0b433796711ab8af2ee2c3c668a28143a3ffe6a574ade98,22,2026-10-07T07:09:31.862677+00:00
3,1,7,108,wd_parse_stall_in_sc0,False,0,True,False,0,True,,396064,1,15,,0,0,0,FTDI-00FT46259002B,FI101-r1p0 (109762 v0100),0x504d574c,owner-verbal-2026-09-23,0f215ef53ddd602ced432ecefe2733a5ac3f025fe03bd192a05bd311b2d00dc8,13c906de50f28f449b55287e6af916c14d4c52c5924ab5a0580d3147c2070462,81d37a219a6b4141d0b433796711ab8af2ee2c3c668a28143a3ffe6a574ade98,22,2026-10-07T07:09:31.862677+00:00
3,2,0,101,wd_parse_active_sc1,False,0,True,False,0,True,,393589,1,15,,0,0,0,FTDI-00FT46259002B,FI101-r1p0 (109762 v0100),0x504d574c,owner-verbal-2026-09-23,0f215ef53ddd602ced432ecefe2733a5ac3f025fe03bd192a05bd311b2d00dc8,13c906de50f28f449b55287e6af916c14d4c52c5924ab5a0580d3147c2070462,81d37a219a6b4141d0b433796711ab8af2ee2c3c668a28143a3ffe6a574ade98,22,2026-10-07T07:09:31.862677+00:00
3,2,1,102,wd_parse_active_sc2,False,0,True,False,0,True,,393589,1,15,,0,0,0,FTDI-00FT46259002B,FI101-r1p0 (109762 v0100),0x504d574c,owner-verbal-2026-09-23,0f215ef53ddd602ced432ecefe2733a5ac3f025fe03bd192a05bd311b2d00dc8,13c906de50f28f449b55287e6af916c14d4c52c5924ab5a0580d3147c2070462,81d37a219a6b4141d0b433796711ab8af2ee2c3c668a28143a3ffe6a574ade98,22,2026-10-07T07:09:31.862677+00:00
3,2,2,103,wd_parse_active_sc3,False,0,True,False,0,True,,393589,1,15,,0,0,0,FTDI-00FT46259002B,FI101-r1p0 (109762 v0100),0x504d574c,owner-verbal-2026-09-23,0f215ef53ddd602ced432ecefe2733a5ac3f025fe03bd192a05bd311b2d00dc8,13c906de50f28f449b55287e6af916c14d4c52c5924ab5a0580d3147c2070462,81d37a219a6b4141d0b433796711ab8af2ee2c3c668a28143a3ffe6a574ade98,22,2026-10-07T07:09:31.862677+00:00
3,2,3,104,wd_parse_stall_sc0,False,0,True,False,0,True,,393589,1,15,,0,0,0,FTDI-00FT46259002B,FI101-r1p0 (109762 v0100),0x504d574c,owner-verbal-2026-09-23,0f215ef53ddd602ced432ecefe2733a5ac3f025fe03bd192a05bd311b2d00dc8,13c906de50f28f449b55287e6af916c14d4c52c5924ab5a0580d3147c2070462,81d37a219a6b4141d0b433796711ab8af2ee2c3c668a28143a3ffe6a574ade98,22,2026-10-07T07:09:31.862677+00:00
3,2,4,105,wd_parse_stall_sc1,False,0,True,False,0,True,,393589,1,15,,0,0,0,FTDI-00FT46259002B,FI101-r1p0 (109762 v0100),0x504d574c,owner-verbal-2026-09-23,0f215ef53ddd602ced432ecefe2733a5ac3f025fe03bd192a05bd311b2d00dc8,13c906de50f28f449b55287e6af916c14d4c52c5924ab5a0580d3147c2070462,81d37a219a6b4141d0b433796711ab8af2ee2c3c668a28143a3ffe6a574ade98,22,2026-10-07T07:09:31.862677+00:00
3,2,5,106,wd_parse_stall_sc2,False,0,True,False,0,True,,393589,1,15,,0,0,0,FTDI-00FT46259002B,FI101-r1p0 (109762 v0100),0x504d574c,owner-verbal-2026-09-23,0f215ef53ddd602ced432ecefe2733a5ac3f025fe03bd192a05bd311b2d00dc8,13c906de50f28f449b55287e6af916c14d4c52c5924ab5a0580d3147c2070462,81d37a219a6b4141d0b433796711ab8af2ee2c3c668a28143a3ffe6a574ade98,22,2026-10-07T07:09:31.862677+00:00
3,2,6,107,wd_parse_stall_sc3,False,0,True,False,0,True,,393589,1,15,,0,0,0,FTDI-00FT46259002B,FI101-r1p0 (109762 v0100),0x504d574c,owner-verbal-2026-09-23,0f215ef53ddd602ced432ecefe2733a5ac3f025fe03bd192a05bd311b2d00dc8,13c906de50f28f449b55287e6af916c14d4c52c5924ab5a0580d3147c2070462,81d37a219a6b4141d0b433796711ab8af2ee2c3c668a28143a3ffe6a574ade98,22,2026-10-07T07:09:31.862677+00:00
3,2,7,108,wd_parse_stall_in_sc0,False,0,True,False,0,True,,393589,1,15,,0,0,0,FTDI-00FT46259002B,FI101-r1p0 (109762 v0100),0x504d574c,owner-verbal-2026-09-23,0f215ef53ddd602ced432ecefe2733a5ac3f025fe03bd192a05bd311b2d00dc8,13c906de50f28f449b55287e6af916c14d4c52c5924ab5a0580d3147c2070462,81d37a219a6b4141d0b433796711ab8af2ee2c3c668a28143a3ffe6a574ade98,22,2026-10-07T07:09:31.862677+00:00
3,3,0,101,wd_parse_active_sc1,False,0,True,False,0,True,,397273,1,15,,0,0,0,FTDI-00FT46259002B,FI101-r1p0 (109762 v0100),0x504d574c,owner-verbal-2026-09-23,0f215ef53ddd602ced432ecefe2733a5ac3f025fe03bd192a05bd311b2d00dc8,13c906de50f28f449b55287e6af916c14d4c52c5924ab5a0580d3147c2070462,81d37a219a6b4141d0b433796711ab8af2ee2c3c668a28143a3ffe6a574ade98,22,2026-10-07T07:09:31.862677+00:00
3,3,1,102,wd_parse_active_sc2,False,0,True,False,0,True,,397273,1,15,,0,0,0,FTDI-00FT46259002B,FI101-r1p0 (109762 v0100),0x504d574c,owner-verbal-2026-09-23,0f215ef53ddd602ced432ecefe2733a5ac3f025fe03bd192a05bd311b2d00dc8,13c906de50f28f449b55287e6af916c14d4c52c5924ab5a0580d3147c2070462,81d37a219a6b4141d0b433796711ab8af2ee2c3c668a28143a3ffe6a574ade98,22,2026-10-07T07:09:31.862677+00:00
3,3,2,103,wd_parse_active_sc3,False,0,True,False,0,True,,397273,1,15,,0,0,0,FTDI-00FT46259002B,FI101-r1p0 (109762 v0100),0x504d574c,owner-verbal-2026-09-23,0f215ef53ddd602ced432ecefe2733a5ac3f025fe03bd192a05bd311b2d00dc8,13c906de50f28f449b55287e6af916c14d4c52c5924ab5a0580d3147c2070462,81d37a219a6b4141d0b433796711ab8af2ee2c3c668a28143a3ffe6a574ade98,22,2026-10-07T07:09:31.862677+00:00
3,3,3,104,wd_parse_stall_sc0,False,0,True,False,0,True,,397273,1,15,,0,0,0,FTDI-00FT46259002B,FI101-r1p0 (109762 v0100),0x504d574c,owner-verbal-2026-09-23,0f215ef53ddd602ced432ecefe2733a5ac3f025fe03bd192a05bd311b2d00dc8,13c906de50f28f449b55287e6af916c14d4c52c5924ab5a0580d3147c2070462,81d37a219a6b4141d0b433796711ab8af2ee2c3c668a28143a3ffe6a574ade98,22,2026-10-07T07:09:31.862677+00:00
3,3,4,105,wd_parse_stall_sc1,False,0,True,False,0,True,,397273,1,15,,0,0,0,FTDI-00FT46259002B,FI101-r1p0 (109762 v0100),0x504d574c,owner-verbal-2026-09-23,0f215ef53ddd602ced432ecefe2733a5ac3f025fe03bd192a05bd311b2d00dc8,13c906de50f28f449b55287e6af916c14d4c52c5924ab5a0580d3147c2070462,81d37a219a6b4141d0b433796711ab8af2ee2c3c668a28143a3ffe6a574ade98,22,2026-10-07T07:09:31.862677+00:00
3,3,5,106,wd_parse_stall_sc2,False,0,True,False,0,True,,397273,1,15,,0,0,0,FTDI-00FT46259002B,FI101-r1p0 (109762 v0100),0x504d574c,owner-verbal-2026-09-23,0f215ef53ddd602ced432ecefe2733a5ac3f025fe03bd192a05bd311b2d00dc8,13c906de50f28f449b55287e6af916c14d4c52c5924ab5a0580d3147c2070462,81d37a219a6b4141d0b433796711ab8af2ee2c3c668a28143a3ffe6a574ade98,22,2026-10-07T07:09:31.862677+00:00
3,3,6,107,wd_parse_stall_sc3,False,0,True,False,0,True,,397273,1,15,,0,0,0,FTDI-00FT46259002B,FI101-r1p0 (109762 v0100),0x504d574c,owner-verbal-2026-09-23,0f215ef53ddd602ced432ecefe2733a5ac3f025fe03bd192a05bd311b2d00dc8,13c906de50f28f449b55287e6af916c14d4c52c5924ab5a0580d3147c2070462,81d37a219a6b4141d0b433796711ab8af2ee2c3c668a28143a3ffe6a574ade98,22,2026-10-07T07:09:31.862677+00:00
3,3,7,108,wd_parse_stall_in_sc0,False,0,True,False,0,True,,397273,1,15,,0,0,0,FTDI-00FT46259002B,FI101-r1p0 (109762 v0100),0x504d574c,owner-verbal-2026-09-23,0f215ef53ddd602ced432ecefe2733a5ac3f025fe03bd192a05bd311b2d00dc8,13c906de50f28f449b55287e6af916c14d4c52c5924ab5a0580d3147c2070462,81d37a219a6b4141d0b433796711ab8af2ee2c3c668a28143a3ffe6a574ade98,22,2026-10-07T07:09:31.862677+00:00
4,1,0,109,wd_parse_stall_in_sc1,False,0,True,False,0,True,,391846,1,15,,0,0,0,FTDI-00FT46259002B,FI101-r1p0 (109762 v0100),0x504d574c,owner-verbal-2026-09-23,0f215ef53ddd602ced432ecefe2733a5ac3f025fe03bd192a05bd311b2d00dc8,13c906de50f28f449b55287e6af916c14d4c52c5924ab5a0580d3147c2070462,81d37a219a6b4141d0b433796711ab8af2ee2c3c668a28143a3ffe6a574ade98,22,2026-10-07T07:09:31.862677+00:00
4,1,1,110,wd_parse_stall_in_sc2,False,0,True,False,0,True,,391846,1,15,,0,0,0,FTDI-00FT46259002B,FI101-r1p0 (109762 v0100),0x504d574c,owner-verbal-2026-09-23,0f215ef53ddd602ced432ecefe2733a5ac3f025fe03bd192a05bd311b2d00dc8,13c906de50f28f449b55287e6af916c14d4c52c5924ab5a0580d3147c2070462,81d37a219a6b4141d0b433796711ab8af2ee2c3c668a28143a3ffe6a574ade98,22,2026-10-07T07:09:31.862677+00:00
4,1,2,111,wd_parse_stall_in_sc3,False,0,True,False,0,True,,391846,1,15,,0,0,0,FTDI-00FT46259002B,FI101-r1p0 (109762 v0100),0x504d574c,owner-verbal-2026-09-23,0f215ef53ddd602ced432ecefe2733a5ac3f025fe03bd192a05bd311b2d00dc8,13c906de50f28f449b55287e6af916c14d4c52c5924ab5a0580d3147c2070462,81d37a219a6b4141d0b433796711ab8af2ee2c3c668a28143a3ffe6a574ade98,22,2026-10-07T07:09:31.862677+00:00
4,1,3,112,wd_parse_stall_out_sc0,False,0,True,False,0,True,,391846,1,15,,0,0,0,FTDI-00FT46259002B,FI101-r1p0 (109762 v0100),0x504d574c,owner-verbal-2026-09-23,0f215ef53ddd602ced432ecefe2733a5ac3f025fe03bd192a05bd311b2d00dc8,13c906de50f28f449b55287e6af916c14d4c52c5924ab5a0580d3147c2070462,81d37a219a6b4141d0b433796711ab8af2ee2c3c668a28143a3ffe6a574ade98,22,2026-10-07T07:09:31.862677+00:00
4,1,4,113,wd_parse_stall_out_sc1,False,0,True,False,0,True,,391846,1,15,,0,0,0,FTDI-00FT46259002B,FI101-r1p0 (109762 v0100),0x504d574c,owner-verbal-2026-09-23,0f215ef53ddd602ced432ecefe2733a5ac3f025fe03bd192a05bd311b2d00dc8,13c906de50f28f449b55287e6af916c14d4c52c5924ab5a0580d3147c2070462,81d37a219a6b4141d0b433796711ab8af2ee2c3c668a28143a3ffe6a574ade98,22,2026-10-07T07:09:31.862677+00:00
4,1,5,114,wd_parse_stall_out_sc2,False,0,True,False,0,True,,391846,1,15,,0,0,0,FTDI-00FT46259002B,FI101-r1p0 (109762 v0100),0x504d574c,owner-verbal-2026-09-23,0f215ef53ddd602ced432ecefe2733a5ac3f025fe03bd192a05bd311b2d00dc8,13c906de50f28f449b55287e6af916c14d4c52c5924ab5a0580d3147c2070462,81d37a219a6b4141d0b433796711ab8af2ee2c3c668a28143a3ffe6a574ade98,22,2026-10-07T07:09:31.862677+00:00
4,1,6,115,wd_parse_stall_out_sc3,False,0,True,False,0,True,,391846,1,15,,0,0,0,FTDI-00FT46259002B,FI101-r1p0 (109762 v0100),0x504d574c,owner-verbal-2026-09-23,0f215ef53ddd602ced432ecefe2733a5ac3f025fe03bd192a05bd311b2d00dc8,13c906de50f28f449b55287e6af916c14d4c52c5924ab5a0580d3147c2070462,81d37a219a6b4141d0b433796711ab8af2ee2c3c668a28143a3ffe6a574ade98,22,2026-10-07T07:09:31.862677+00:00
4,1,7,116,wd_trans_ws_sc0,False,0,True,False,0,True,,391846,1,15,,0,0,0,FTDI-00FT46259002B,FI101-r1p0 (109762 v0100),0x504d574c,owner-verbal-2026-09-23,0f215ef53ddd602ced432ecefe2733a5ac3f025fe03bd192a05bd311b2d00dc8,13c906de50f28f449b55287e6af916c14d4c52c5924ab5a0580d3147c2070462,81d37a219a6b4141d0b433796711ab8af2ee2c3c668a28143a3ffe6a574ade98,22,2026-10-07T07:09:31.862677+00:00
4,2,0,109,wd_parse_stall_in_sc1,False,0,True,False,0,True,,390360,1,15,,0,0,0,FTDI-00FT46259002B,FI101-r1p0 (109762 v0100),0x504d574c,owner-verbal-2026-09-23,0f215ef53ddd602ced432ecefe2733a5ac3f025fe03bd192a05bd311b2d00dc8,13c906de50f28f449b55287e6af916c14d4c52c5924ab5a0580d3147c2070462,81d37a219a6b4141d0b433796711ab8af2ee2c3c668a28143a3ffe6a574ade98,22,2026-10-07T07:09:31.862677+00:00
4,2,1,110,wd_parse_stall_in_sc2,False,0,True,False,0,True,,390360,1,15,,0,0,0,FTDI-00FT46259002B,FI101-r1p0 (109762 v0100),0x504d574c,owner-verbal-2026-09-23,0f215ef53ddd602ced432ecefe2733a5ac3f025fe03bd192a05bd311b2d00dc8,13c906de50f28f449b55287e6af916c14d4c52c5924ab5a0580d3147c2070462,81d37a219a6b4141d0b433796711ab8af2ee2c3c668a28143a3ffe6a574ade98,22,2026-10-07T07:09:31.862677+00:00
4,2,2,111,wd_parse_stall_in_sc3,False,0,True,False,0,True,,390360,1,15,,0,0,0,FTDI-00FT46259002B,FI101-r1p0 (109762 v0100),0x504d574c,owner-verbal-2026-09-23,0f215ef53ddd602ced432ecefe2733a5ac3f025fe03bd192a05bd311b2d00dc8,13c906de50f28f449b55287e6af916c14d4c52c5924ab5a0580d3147c2070462,81d37a219a6b4141d0b433796711ab8af2ee2c3c668a28143a3ffe6a574ade98,22,2026-10-07T07:09:31.862677+00:00
4,2,3,112,wd_parse_stall_out_sc0,False,0,True,False,0,True,,390360,1,15,,0,0,0,FTDI-00FT46259002B,FI101-r1p0 (109762 v0100),0x504d574c,owner-verbal-2026-09-23,0f215ef53ddd602ced432ecefe2733a5ac3f025fe03bd192a05bd311b2d00dc8,13c906de50f28f449b55287e6af916c14d4c52c5924ab5a0580d3147c2070462,81d37a219a6b4141d0b433796711ab8af2ee2c3c668a28143a3ffe6a574ade98,22,2026-10-07T07:09:31.862677+00:00
4,2,4,113,wd_parse_stall_out_sc1,False,0,True,False,0,True,,390360,1,15,,0,0,0,FTDI-00FT46259002B,FI101-r1p0 (109762 v0100),0x504d574c,owner-verbal-2026-09-23,0f215ef53ddd602ced432ecefe2733a5ac3f025fe03bd192a05bd311b2d00dc8,13c906de50f28f449b55287e6af916c14d4c52c5924ab5a0580d3147c2070462,81d37a219a6b4141d0b433796711ab8af2ee2c3c668a28143a3ffe6a574ade98,22,2026-10-07T07:09:31.862677+00:00
4,2,5,114,wd_parse_stall_out_sc2,False,0,True,False,0,True,,390360,1,15,,0,0,0,FTDI-00FT46259002B,FI101-r1p0 (109762 v0100),0x504d574c,owner-verbal-2026-09-23,0f215ef53ddd602ced432ecefe2733a5ac3f025fe03bd192a05bd311b2d00dc8,13c906de50f28f449b55287e6af916c14d4c52c5924ab5a0580d3147c2070462,81d37a219a6b4141d0b433796711ab8af2ee2c3c668a28143a3ffe6a574ade98,22,2026-10-07T07:09:31.862677+00:00
4,2,6,115,wd_parse_stall_out_sc3,False,0,True,False,0,True,,390360,1,15,,0,0,0,FTDI-00FT46259002B,FI101-r1p0 (109762 v0100),0x504d574c,owner-verbal-2026-09-23,0f215ef53ddd602ced432ecefe2733a5ac3f025fe03bd192a05bd311b2d00dc8,13c906de50f28f449b55287e6af916c14d4c52c5924ab5a0580d3147c2070462,81d37a219a6b4141d0b433796711ab8af2ee2c3c668a28143a3ffe6a574ade98,22,2026-10-07T07:09:31.862677+00:00
4,2,7,116,wd_trans_ws_sc0,False,0,True,False,0,True,,390360,1,15,,0,0,0,FTDI-00FT46259002B,FI101-r1p0 (109762 v0100),0x504d574c,owner-verbal-2026-09-23,0f215ef53ddd602ced432ecefe2733a5ac3f025fe03bd192a05bd311b2d00dc8,13c906de50f28f449b55287e6af916c14d4c52c5924ab5a0580d3147c2070462,81d37a219a6b4141d0b433796711ab8af2ee2c3c668a28143a3ffe6a574ade98,22,2026-10-07T07:09:31.862677+00:00
4,3,0,109,wd_parse_stall_in_sc1,False,0,True,False,0,True,,394992,1,15,,0,0,0,FTDI-00FT46259002B,FI101-r1p0 (109762 v0100),0x504d574c,owner-verbal-2026-09-23,0f215ef53ddd602ced432ecefe2733a5ac3f025fe03bd192a05bd311b2d00dc8,13c906de50f28f449b55287e6af916c14d4c52c5924ab5a0580d3147c2070462,81d37a219a6b4141d0b433796711ab8af2ee2c3c668a28143a3ffe6a574ade98,22,2026-10-07T07:09:31.862677+00:00
4,3,1,110,wd_parse_stall_in_sc2,False,0,True,False,0,True,,394992,1,15,,0,0,0,FTDI-00FT46259002B,FI101-r1p0 (109762 v0100),0x504d574c,owner-verbal-2026-09-23,0f215ef53ddd602ced432ecefe2733a5ac3f025fe03bd192a05bd311b2d00dc8,13c906de50f28f449b55287e6af916c14d4c52c5924ab5a0580d3147c2070462,81d37a219a6b4141d0b433796711ab8af2ee2c3c668a28143a3ffe6a574ade98,22,2026-10-07T07:09:31.862677+00:00
4,3,2,111,wd_parse_stall_in_sc3,False,0,True,False,0,True,,394992,1,15,,0,0,0,FTDI-00FT46259002B,FI101-r1p0 (109762 v0100),0x504d574c,owner-verbal-2026-09-23,0f215ef53ddd602ced432ecefe2733a5ac3f025fe03bd192a05bd311b2d00dc8,13c906de50f28f449b55287e6af916c14d4c52c5924ab5a0580d3147c2070462,81d37a219a6b4141d0b433796711ab8af2ee2c3c668a28143a3ffe6a574ade98,22,2026-10-07T07:09:31.862677+00:00
4,3,3,112,wd_parse_stall_out_sc0,False,0,True,False,0,True,,394992,1,15,,0,0,0,FTDI-00FT46259002B,FI101-r1p0 (109762 v0100),0x504d574c,owner-verbal-2026-09-23,0f215ef53ddd602ced432ecefe2733a5ac3f025fe03bd192a05bd311b2d00dc8,13c906de50f28f449b55287e6af916c14d4c52c5924ab5a0580d3147c2070462,81d37a219a6b4141d0b433796711ab8af2ee2c3c668a28143a3ffe6a574ade98,22,2026-10-07T07:09:31.862677+00:00
4,3,4,113,wd_parse_stall_out_sc1,False,0,True,False,0,True,,394992,1,15,,0,0,0,FTDI-00FT46259002B,FI101-r1p0 (109762 v0100),0x504d574c,owner-verbal-2026-09-23,0f215ef53ddd602ced432ecefe2733a5ac3f025fe03bd192a05bd311b2d00dc8,13c906de50f28f449b55287e6af916c14d4c52c5924ab5a0580d3147c2070462,81d37a219a6b4141d0b433796711ab8af2ee2c3c668a28143a3ffe6a574ade98,22,2026-10-07T07:09:31.862677+00:00
4,3,5,114,wd_parse_stall_out_sc2,False,0,True,False,0,True,,394992,1,15,,0,0,0,FTDI-00FT46259002B,FI101-r1p0 (109762 v0100),0x504d574c,owner-verbal-2026-09-23,0f215ef53ddd602ced432ecefe2733a5ac3f025fe03bd192a05bd311b2d00dc8,13c906de50f28f449b55287e6af916c14d4c52c5924ab5a0580d3147c2070462,81d37a219a6b4141d0b433796711ab8af2ee2c3c668a28143a3ffe6a574ade98,22,2026-10-07T07:09:31.862677+00:00
4,3,6,115,wd_parse_stall_out_sc3,False,0,True,False,0,True,,394992,1,15,,0,0,0,FTDI-00FT46259002B,FI101-r1p0 (109762 v0100),0x504d574c,owner-verbal-2026-09-23,0f215ef53ddd602ced432ecefe2733a5ac3f025fe03bd192a05bd311b2d00dc8,13c906de50f28f449b55287e6af916c14d4c52c5924ab5a0580d3147c2070462,81d37a219a6b4141d0b433796711ab8af2ee2c3c668a28143a3ffe6a574ade98,22,2026-10-07T07:09:31.862677+00:00
4,3,7,116,wd_trans_ws_sc0,False,0,True,False,0,True,,394992,1,15,,0,0,0,FTDI-00FT46259002B,FI101-r1p0 (109762 v0100),0x504d574c,owner-verbal-2026-09-23,0f215ef53ddd602ced432ecefe2733a5ac3f025fe03bd192a05bd311b2d00dc8,13c906de50f28f449b55287e6af916c14d4c52c5924ab5a0580d3147c2070462,81d37a219a6b4141d0b433796711ab8af2ee2c3c668a28143a3ffe6a574ade98,22,2026-10-07T07:09:31.862677+00:00
5,1,0,117,wd_trans_ws_sc1,False,0,True,False,0,True,,396050,1,15,,0,0,0,FTDI-00FT46259002B,FI101-r1p0 (109762 v0100),0x504d574c,owner-verbal-2026-09-23,0f215ef53ddd602ced432ecefe2733a5ac3f025fe03bd192a05bd311b2d00dc8,13c906de50f28f449b55287e6af916c14d4c52c5924ab5a0580d3147c2070462,81d37a219a6b4141d0b433796711ab8af2ee2c3c668a28143a3ffe6a574ade98,22,2026-10-07T07:09:31.862677+00:00
5,1,1,118,wd_trans_ws_sc2,False,0,True,False,0,True,,396050,1,15,,0,0,0,FTDI-00FT46259002B,FI101-r1p0 (109762 v0100),0x504d574c,owner-verbal-2026-09-23,0f215ef53ddd602ced432ecefe2733a5ac3f025fe03bd192a05bd311b2d00dc8,13c906de50f28f449b55287e6af916c14d4c52c5924ab5a0580d3147c2070462,81d37a219a6b4141d0b433796711ab8af2ee2c3c668a28143a3ffe6a574ade98,22,2026-10-07T07:09:31.862677+00:00
5,1,2,119,wd_trans_ws_sc3,False,0,True,False,0,True,,396050,1,15,,0,0,0,FTDI-00FT46259002B,FI101-r1p0 (109762 v0100),0x504d574c,owner-verbal-2026-09-23,0f215ef53ddd602ced432ecefe2733a5ac3f025fe03bd192a05bd311b2d00dc8,13c906de50f28f449b55287e6af916c14d4c52c5924ab5a0580d3147c2070462,81d37a219a6b4141d0b433796711ab8af2ee2c3c668a28143a3ffe6a574ade98,22,2026-10-07T07:09:31.862677+00:00
5,1,3,120,wd_trans_wb0,False,256,True,False,0,True,,396050,1,15,,0,0,0,FTDI-00FT46259002B,FI101-r1p0 (109762 v0100),0x504d574c,owner-verbal-2026-09-23,0f215ef53ddd602ced432ecefe2733a5ac3f025fe03bd192a05bd311b2d00dc8,13c906de50f28f449b55287e6af916c14d4c52c5924ab5a0580d3147c2070462,81d37a219a6b4141d0b433796711ab8af2ee2c3c668a28143a3ffe6a574ade98,22,2026-10-07T07:09:31.862677+00:00
5,1,4,121,wd_trans_wb1,False,256,True,False,0,True,,396050,1,15,,0,0,0,FTDI-00FT46259002B,FI101-r1p0 (109762 v0100),0x504d574c,owner-verbal-2026-09-23,0f215ef53ddd602ced432ecefe2733a5ac3f025fe03bd192a05bd311b2d00dc8,13c906de50f28f449b55287e6af916c14d4c52c5924ab5a0580d3147c2070462,81d37a219a6b4141d0b433796711ab8af2ee2c3c668a28143a3ffe6a574ade98,22,2026-10-07T07:09:31.862677+00:00
5,1,5,122,wd_trans_wb2,False,256,True,False,0,True,,396050,1,15,,0,0,0,FTDI-00FT46259002B,FI101-r1p0 (109762 v0100),0x504d574c,owner-verbal-2026-09-23,0f215ef53ddd602ced432ecefe2733a5ac3f025fe03bd192a05bd311b2d00dc8,13c906de50f28f449b55287e6af916c14d4c52c5924ab5a0580d3147c2070462,81d37a219a6b4141d0b433796711ab8af2ee2c3c668a28143a3ffe6a574ade98,22,2026-10-07T07:09:31.862677+00:00
5,1,6,123,wd_trans_wb3,False,256,True,False,0,True,,396050,1,15,,0,0,0,FTDI-00FT46259002B,FI101-r1p0 (109762 v0100),0x504d574c,owner-verbal-2026-09-23,0f215ef53ddd602ced432ecefe2733a5ac3f025fe03bd192a05bd311b2d00dc8,13c906de50f28f449b55287e6af916c14d4c52c5924ab5a0580d3147c2070462,81d37a219a6b4141d0b433796711ab8af2ee2c3c668a28143a3ffe6a574ade98,22,2026-10-07T07:09:31.862677+00:00
5,2,0,117,wd_trans_ws_sc1,False,0,True,False,0,True,,397546,1,15,,0,0,0,FTDI-00FT46259002B,FI101-r1p0 (109762 v0100),0x504d574c,owner-verbal-2026-09-23,0f215ef53ddd602ced432ecefe2733a5ac3f025fe03bd192a05bd311b2d00dc8,13c906de50f28f449b55287e6af916c14d4c52c5924ab5a0580d3147c2070462,81d37a219a6b4141d0b433796711ab8af2ee2c3c668a28143a3ffe6a574ade98,22,2026-10-07T07:09:31.862677+00:00
5,2,1,118,wd_trans_ws_sc2,False,0,True,False,0,True,,397546,1,15,,0,0,0,FTDI-00FT46259002B,FI101-r1p0 (109762 v0100),0x504d574c,owner-verbal-2026-09-23,0f215ef53ddd602ced432ecefe2733a5ac3f025fe03bd192a05bd311b2d00dc8,13c906de50f28f449b55287e6af916c14d4c52c5924ab5a0580d3147c2070462,81d37a219a6b4141d0b433796711ab8af2ee2c3c668a28143a3ffe6a574ade98,22,2026-10-07T07:09:31.862677+00:00
5,2,2,119,wd_trans_ws_sc3,False,0,True,False,0,True,,397546,1,15,,0,0,0,FTDI-00FT46259002B,FI101-r1p0 (109762 v0100),0x504d574c,owner-verbal-2026-09-23,0f215ef53ddd602ced432ecefe2733a5ac3f025fe03bd192a05bd311b2d00dc8,13c906de50f28f449b55287e6af916c14d4c52c5924ab5a0580d3147c2070462,81d37a219a6b4141d0b433796711ab8af2ee2c3c668a28143a3ffe6a574ade98,22,2026-10-07T07:09:31.862677+00:00
5,2,3,120,wd_trans_wb0,False,256,True,False,0,True,,397546,1,15,,0,0,0,FTDI-00FT46259002B,FI101-r1p0 (109762 v0100),0x504d574c,owner-verbal-2026-09-23,0f215ef53ddd602ced432ecefe2733a5ac3f025fe03bd192a05bd311b2d00dc8,13c906de50f28f449b55287e6af916c14d4c52c5924ab5a0580d3147c2070462,81d37a219a6b4141d0b433796711ab8af2ee2c3c668a28143a3ffe6a574ade98,22,2026-10-07T07:09:31.862677+00:00
5,2,4,121,wd_trans_wb1,False,256,True,False,0,True,,397546,1,15,,0,0,0,FTDI-00FT46259002B,FI101-r1p0 (109762 v0100),0x504d574c,owner-verbal-2026-09-23,0f215ef53ddd602ced432ecefe2733a5ac3f025fe03bd192a05bd311b2d00dc8,13c906de50f28f449b55287e6af916c14d4c52c5924ab5a0580d3147c2070462,81d37a219a6b4141d0b433796711ab8af2ee2c3c668a28143a3ffe6a574ade98,22,2026-10-07T07:09:31.862677+00:00
5,2,5,122,wd_trans_wb2,False,256,True,False,0,True,,397546,1,15,,0,0,0,FTDI-00FT46259002B,FI101-r1p0 (109762 v0100),0x504d574c,owner-verbal-2026-09-23,0f215ef53ddd602ced432ecefe2733a5ac3f025fe03bd192a05bd311b2d00dc8,13c906de50f28f449b55287e6af916c14d4c52c5924ab5a0580d3147c2070462,81d37a219a6b4141d0b433796711ab8af2ee2c3c668a28143a3ffe6a574ade98,22,2026-10-07T07:09:31.862677+00:00
5,2,6,123,wd_trans_wb3,False,256,True,False,0,True,,397546,1,15,,0,0,0,FTDI-00FT46259002B,FI101-r1p0 (109762 v0100),0x504d574c,owner-verbal-2026-09-23,0f215ef53ddd602ced432ecefe2733a5ac3f025fe03bd192a05bd311b2d00dc8,13c906de50f28f449b55287e6af916c14d4c52c5924ab5a0580d3147c2070462,81d37a219a6b4141d0b433796711ab8af2ee2c3c668a28143a3ffe6a574ade98,22,2026-10-07T07:09:31.862677+00:00
5,3,0,117,wd_trans_ws_sc1,False,0,True,False,0,True,,395288,1,15,,0,0,0,FTDI-00FT46259002B,FI101-r1p0 (109762 v0100),0x504d574c,owner-verbal-2026-09-23,0f215ef53ddd602ced432ecefe2733a5ac3f025fe03bd192a05bd311b2d00dc8,13c906de50f28f449b55287e6af916c14d4c52c5924ab5a0580d3147c2070462,81d37a219a6b4141d0b433796711ab8af2ee2c3c668a28143a3ffe6a574ade98,22,2026-10-07T07:09:31.862677+00:00
5,3,1,118,wd_trans_ws_sc2,False,0,True,False,0,True,,395288,1,15,,0,0,0,FTDI-00FT46259002B,FI101-r1p0 (109762 v0100),0x504d574c,owner-verbal-2026-09-23,0f215ef53ddd602ced432ecefe2733a5ac3f025fe03bd192a05bd311b2d00dc8,13c906de50f28f449b55287e6af916c14d4c52c5924ab5a0580d3147c2070462,81d37a219a6b4141d0b433796711ab8af2ee2c3c668a28143a3ffe6a574ade98,22,2026-10-07T07:09:31.862677+00:00
5,3,2,119,wd_trans_ws_sc3,False,0,True,False,0,True,,395288,1,15,,0,0,0,FTDI-00FT46259002B,FI101-r1p0 (109762 v0100),0x504d574c,owner-verbal-2026-09-23,0f215ef53ddd602ced432ecefe2733a5ac3f025fe03bd192a05bd311b2d00dc8,13c906de50f28f449b55287e6af916c14d4c52c5924ab5a0580d3147c2070462,81d37a219a6b4141d0b433796711ab8af2ee2c3c668a28143a3ffe6a574ade98,22,2026-10-07T07:09:31.862677+00:00
5,3,3,120,wd_trans_wb0,False,256,True,False,0,True,,395288,1,15,,0,0,0,FTDI-00FT46259002B,FI101-r1p0 (109762 v0100),0x504d574c,owner-verbal-2026-09-23,0f215ef53ddd602ced432ecefe2733a5ac3f025fe03bd192a05bd311b2d00dc8,13c906de50f28f449b55287e6af916c14d4c52c5924ab5a0580d3147c2070462,81d37a219a6b4141d0b433796711ab8af2ee2c3c668a28143a3ffe6a574ade98,22,2026-10-07T07:09:31.862677+00:00
5,3,4,121,wd_trans_wb1,False,256,True,False,0,True,,395288,1,15,,0,0,0,FTDI-00FT46259002B,FI101-r1p0 (109762 v0100),0x504d574c,owner-verbal-2026-09-23,0f215ef53ddd602ced432ecefe2733a5ac3f025fe03bd192a05bd311b2d00dc8,13c906de50f28f449b55287e6af916c14d4c52c5924ab5a0580d3147c2070462,81d37a219a6b4141d0b433796711ab8af2ee2c3c668a28143a3ffe6a574ade98,22,2026-10-07T07:09:31.862677+00:00
5,3,5,122,wd_trans_wb2,False,256,True,False,0,True,,395288,1,15,,0,0,0,FTDI-00FT46259002B,FI101-r1p0 (109762 v0100),0x504d574c,owner-verbal-2026-09-23,0f215ef53ddd602ced432ecefe2733a5ac3f025fe03bd192a05bd311b2d00dc8,13c906de50f28f449b55287e6af916c14d4c52c5924ab5a0580d3147c2070462,81d37a219a6b4141d0b433796711ab8af2ee2c3c668a28143a3ffe6a574ade98,22,2026-10-07T07:09:31.862677+00:00
5,3,6,123,wd_trans_wb3,False,256,True,False,0,True,,395288,1,15,,0,0,0,FTDI-00FT46259002B,FI101-r1p0 (109762 v0100),0x504d574c,owner-verbal-2026-09-23,0f215ef53ddd602ced432ecefe2733a5ac3f025fe03bd192a05bd311b2d00dc8,13c906de50f28f449b55287e6af916c14d4c52c5924ab5a0580d3147c2070462,81d37a219a6b4141d0b433796711ab8af2ee2c3c668a28143a3ffe6a574ade98,22,2026-10-07T07:09:31.862677+00:00
