section,role,original_path,copied_path,sha256,bytes,verified_identical,also_in_sections
3_1_methodology,frozen metric vector (equality fields),docs/paper/evidence/stage1-formal-20260825/DETERMINISTIC_METRIC_VECTOR.md,raw_data_report/source_data/3_1_methodology/DETERMINISTIC_METRIC_VECTOR.md,99ffa462f3276dd1e065e439861803afe2975b2354347248dba06bbf8b0c54ea,2218,True,-
3_1_methodology,FVP versions and matrix design,docs/paper/MAIN_EXPERIMENT_MATRIX.md,raw_data_report/source_data/3_1_methodology/MAIN_EXPERIMENT_MATRIX.md,62332c2692b2323768e299c02f55748e33eb65236af135dee10ccb1a17b25cfa,13315,True,-
3_1_methodology,"74 formal cells, canonical PMU",docs/paper/analysis/canonical_cells.csv,raw_data_report/source_data/3_1_methodology/canonical_cells.csv,a67ca25e48b294970acde69cf8ed466345f196680e3287247722cd4077690b4b,24975,True,3_2_inference_time;3_3_scaling;4_1_estimation_accuracy;4_2_error_sources
3_1_methodology,"configuration universe, 133 cells",docs/paper/analysis/executability.csv,raw_data_report/source_data/3_1_methodology/executability.csv,fe8c7580b5b7a4c98d708de63d8334d6ba8dabfa492a80e62de5468b04232b37,20353,True,3_3_scaling
3_1_methodology,"Vela compile matrix, per-cell metadata",docs/paper/evidence/vela-matrix-20260824/vela_matrix.csv,raw_data_report/source_data/3_1_methodology/vela_matrix.csv,ce5fd190f1772097829244f9bbcb6932f0b57f1322e598aa0cc2b48958a160b1,97472,True,3_3_scaling;4_1_estimation_accuracy;4_2_error_sources
3_2_inference_time,per-unit PMU incl. SRAM/EXT (mechanism),docs/paper/mechanism/U85_ATTRIBUTION_UNITS.csv,raw_data_report/source_data/3_2_inference_time/U85_ATTRIBUTION_UNITS.csv,c3c369f1f9bb6b4071425c40eca92311abf650cf1a89d35131321eb8f647d6cb,50630,True,3_4_limits
3_2_inference_time,PMU event availability authority,docs/paper/mechanism/U85_PMU_EVENT_AUTHORITY.csv,raw_data_report/source_data/3_2_inference_time/U85_PMU_EVENT_AUTHORITY.csv,5f6d417d837e942cc6dd85ce043bce2abbd6721598d9f4421f2fb1cdbe6cd9a3,38685,True,3_4_limits
3_2_inference_time,whole-model PMU per formal cell,docs/paper/analysis/canonical_cells.csv,raw_data_report/source_data/3_2_inference_time/canonical_cells.csv,a67ca25e48b294970acde69cf8ed466345f196680e3287247722cd4077690b4b,24975,True,3_1_methodology;3_3_scaling;4_1_estimation_accuracy;4_2_error_sources
3_2_inference_time,within-generation PMU comparison,docs/paper/analysis/pmu_within_generation.csv,raw_data_report/source_data/3_2_inference_time/pmu_within_generation.csv,87357d281d27f22c7e521d8198bd4d528d2283d366f98792b106aa4308d697c4,7834,True,-
3_3_scaling,cycles per cell (point source),docs/paper/analysis/canonical_cells.csv,raw_data_report/source_data/3_3_scaling/canonical_cells.csv,a67ca25e48b294970acde69cf8ed466345f196680e3287247722cd4077690b4b,24975,True,3_1_methodology;3_2_inference_time;4_1_estimation_accuracy;4_2_error_sources
3_3_scaling,MAC grid incl. non-executable cells,docs/paper/analysis/executability.csv,raw_data_report/source_data/3_3_scaling/executability.csv,fe8c7580b5b7a4c98d708de63d8334d6ba8dabfa492a80e62de5468b04232b37,20353,True,3_1_methodology
3_3_scaling,ranking preservation across configs,docs/paper/analysis/ranking_preservation.csv,raw_data_report/source_data/3_3_scaling/ranking_preservation.csv,c2de7c2f654a7cb2522482b336191ec74d4e68da8d96373c4a829b9424153988,2918,True,-
3_3_scaling,frozen saturation verdicts,docs/paper/analysis/saturation.csv,raw_data_report/source_data/3_3_scaling/saturation.csv,df76fa059475e1a99f1e8e348ab38537494b248874eddfdc292e0dd4cf5d2d7c,1591,True,-
3_3_scaling,frozen scaling table (cross-check),docs/paper/analysis/scaling.csv,raw_data_report/source_data/3_3_scaling/scaling.csv,20b4d4ada6c0dc7f3dd13ceaf2a9ab79387b1a62fb3c4e7622752588d06342d5,9134,True,-
3_3_scaling,system_config per MAC,docs/paper/evidence/vela-matrix-20260824/vela_matrix.csv,raw_data_report/source_data/3_3_scaling/vela_matrix.csv,ce5fd190f1772097829244f9bbcb6932f0b57f1322e598aa0cc2b48958a160b1,97472,True,3_1_methodology;4_1_estimation_accuracy;4_2_error_sources
3_3_scaling,workload ranking per config,docs/paper/analysis/workload_ranking.csv,raw_data_report/source_data/3_3_scaling/workload_ranking.csv,43639f11229991a5c4f5e5e9fe4ea1b75183fb38dc55f99b193b6e555958fae6,3794,True,-
3_4_limits,256->512 per-operator differential,docs/paper/mechanism/U85_256_512_DIFFERENTIAL.csv,raw_data_report/source_data/3_4_limits/U85_256_512_DIFFERENTIAL.csv,7bcdb5d1e6a638a4c69f7253a00ad852f9829c2c53bf93ae0138fa2067d591bd,142294,True,4_2_error_sources
3_4_limits,per-unit attribution incl. memory events,docs/paper/mechanism/U85_ATTRIBUTION_UNITS.csv,raw_data_report/source_data/3_4_limits/U85_ATTRIBUTION_UNITS.csv,c3c369f1f9bb6b4071425c40eca92311abf650cf1a89d35131321eb8f647d6cb,50630,True,3_2_inference_time
3_4_limits,mechanism formal cell matrix,docs/paper/mechanism/U85_FORMAL_MATRIX.csv,raw_data_report/source_data/3_4_limits/U85_FORMAL_MATRIX.csv,7bd22d1e2997a70324bc16aa92edafc739a49a1fd3112663f6916c392d00907f,7963,True,-
3_4_limits,256->512 per-group differential,docs/paper/mechanism/U85_GROUP_DIFFERENTIAL.csv,raw_data_report/source_data/3_4_limits/U85_GROUP_DIFFERENTIAL.csv,08bf014283c52496f2ded7add7c4bbfc28259b1329b309d56f6367a492b4701f,23204,True,-
3_4_limits,operator match across bindings,docs/paper/mechanism/U85_OPERATOR_MATCH.csv,raw_data_report/source_data/3_4_limits/U85_OPERATOR_MATCH.csv,a94f792278d51dcb83088e46ef72f3b359906ef2d277912093c48025f9d6e361,31903,True,-
3_4_limits,cross-memory-mode group deltas,docs/paper/mechanism/U85_P1B_CROSSMODE_GROUPS.csv,raw_data_report/source_data/3_4_limits/U85_P1B_CROSSMODE_GROUPS.csv,99945faf3092706b62b60e9a5b9aab3ee6485e863c60f94eedd9cf5ad95ce6bc,5991,True,-
3_4_limits,PMU event availability authority,docs/paper/mechanism/U85_PMU_EVENT_AUTHORITY.csv,raw_data_report/source_data/3_4_limits/U85_PMU_EVENT_AUTHORITY.csv,5f6d417d837e942cc6dd85ce043bce2abbd6721598d9f4421f2fb1cdbe6cd9a3,38685,True,3_2_inference_time
4_1_estimation_accuracy,FVP observations,docs/paper/analysis/canonical_cells.csv,raw_data_report/source_data/4_1_estimation_accuracy/canonical_cells.csv,a67ca25e48b294970acde69cf8ed466345f196680e3287247722cd4077690b4b,24975,True,3_1_methodology;3_2_inference_time;3_3_scaling;4_2_error_sources
4_1_estimation_accuracy,frozen Vela/FVP trend agreement,docs/paper/analysis/vela_fvp_trend_agreement.csv,raw_data_report/source_data/4_1_estimation_accuracy/vela_fvp_trend_agreement.csv,4c488abd2b4df978410d1c5325ad57c58036bb0c1affa59c0ac02b63202acf1f,1666,True,-
4_1_estimation_accuracy,Vela estimates (compiler prediction),docs/paper/evidence/vela-matrix-20260824/vela_matrix.csv,raw_data_report/source_data/4_1_estimation_accuracy/vela_matrix.csv,ce5fd190f1772097829244f9bbcb6932f0b57f1322e598aa0cc2b48958a160b1,97472,True,3_1_methodology;3_3_scaling;4_2_error_sources
4_2_error_sources,per-operator estimate vs observation,docs/paper/mechanism/U85_256_512_DIFFERENTIAL.csv,raw_data_report/source_data/4_2_error_sources/U85_256_512_DIFFERENTIAL.csv,7bcdb5d1e6a638a4c69f7253a00ad852f9829c2c53bf93ae0138fa2067d591bd,142294,True,3_4_limits
4_2_error_sources,FVP observations,docs/paper/analysis/canonical_cells.csv,raw_data_report/source_data/4_2_error_sources/canonical_cells.csv,a67ca25e48b294970acde69cf8ed466345f196680e3287247722cd4077690b4b,24975,True,3_1_methodology;3_2_inference_time;3_3_scaling;4_1_estimation_accuracy
4_2_error_sources,Vela estimates,docs/paper/evidence/vela-matrix-20260824/vela_matrix.csv,raw_data_report/source_data/4_2_error_sources/vela_matrix.csv,ce5fd190f1772097829244f9bbcb6932f0b57f1322e598aa0cc2b48958a160b1,97472,True,3_1_methodology;3_3_scaling;4_1_estimation_accuracy
_supporting_board,board canonical cost per workload,docs/paper/analysis/board_rq3/canonical_board_cost.csv,raw_data_report/source_data/_supporting_board/canonical_board_cost.csv,0aaa91a141095f841d6c79999f0137f37e80c4fb6003202cb07f4a0486a6dbfe,366,True,-
_supporting_board,FVP vs board ranking,docs/paper/analysis/board_rq3/fvp_board_ranking.csv,raw_data_report/source_data/_supporting_board/fvp_board_ranking.csv,6d4f197554f886fd8900ac8174c1e4bd318a3f28836287d6e97d6fd9a8652256,192,True,-
_supporting_board,independently normalized relative cost,docs/paper/analysis/board_rq3/normalized_relative_cost.csv,raw_data_report/source_data/_supporting_board/normalized_relative_cost.csv,bacad0f36278aeb5417dc8f54cbdc3aed9a5e538086361174b14b7c885bf6897,312,True,-
_supporting_instrumentation,U65 bridge runtime equivalence,docs/paper/mechanism/U65_BRIDGE_RUNTIME_EQUIVALENCE.csv,raw_data_report/source_data/_supporting_instrumentation/U65_BRIDGE_RUNTIME_EQUIVALENCE.csv,c688737855fb98fac689b9027e2d3eccc075b9a63eb9615333ac64a651766eba,769,True,-
_supporting_instrumentation,U65 bridge structural equivalence,docs/paper/mechanism/U65_BRIDGE_STRUCTURAL_EQUIVALENCE.csv,raw_data_report/source_data/_supporting_instrumentation/U65_BRIDGE_STRUCTURAL_EQUIVALENCE.csv,37e6114a86f3e72cc16ae565a93441dcb282e66b2e6a867489534cbee5cd6c76,806,True,-
_supporting_platform_sensitivity,X1 formal cells,docs/paper/platform_sensitivity/X1_FORMAL_CELLS.json,raw_data_report/source_data/_supporting_platform_sensitivity/X1_FORMAL_CELLS.json,e370364f456d2e27b56f770b66c32f8781737b74dc20fdfb1463103cbe4f6890,52732,True,-
_supporting_platform_sensitivity,X1 structural results,docs/paper/platform_sensitivity/X1_STRUCTURAL_RESULTS.json,raw_data_report/source_data/_supporting_platform_sensitivity/X1_STRUCTURAL_RESULTS.json,180785c3ab30d29378b826378eabbe2c41779a31ddd80a6aa51379a1ff11bba9,26696,True,-
_supporting_platform_sensitivity,X3 metric qualification,docs/paper/platform_sensitivity/X3_METRIC_QUALIFICATION.csv,raw_data_report/source_data/_supporting_platform_sensitivity/X3_METRIC_QUALIFICATION.csv,e2a4a348d8394db6f610ef82555290422cae3462ed7cda1281e63169c4b30295,1624,True,-
