seq,cell_id,workload,platform,npu,mac_config,memory_mode,timing_adapter,M1_eq_M2_eq_M3,canonical_cycles,npu_active_cycles,npu_idle_cycles,axi0_rd_beats,axi0_wr_beats,axi1_rd_beats,model_sha256,vela_sha256,axf_sha256
1,rnnoise_INT8__SSE-300__ethos-u55-32,rnnoise_INT8,SSE-300,ethos-u55,32,Shared_Sram,ON,True,112059,111737,322,554,386,14178,9c582545b7c13af44616c44b654f4fe721aa2585630b0ca173ca3589f6f11c2c,7728c11b4b5b33029d10648d85d754895bffe713b93048fd7d2ed4a67f8e7611,25fbb4eef2955e708ba133edae5a48a19d09cc370829ea493fd67fed402fa0ba
2,kws_micronet_m__SSE-300__ethos-u55-32,kws_micronet_m,SSE-300,ethos-u55,32,Shared_Sram,ON,True,1416050,1415272,778,147346,48562,17472,c1feed3af5dac44de7477fb4161670ba18a3fc06039e4a14da41b1c4dd454cb4,09bf0e8f3fc493b2938887584ffb6fd47936c04b6ce44b674f7cff93d58e783f,34d3047a7789e232882479d45c2a586a7926f0c631090d789e521e45414d56ff
3,ad_medium_int8__SSE-300__ethos-u55-32,ad_medium_int8,SSE-300,ethos-u55,32,Shared_Sram,ON,True,3202050,3201773,277,516304,138025,55740,a8b1c9037c2a80e6ff770f0a550777cf744a52850bed6545b2bfc9bacf604c98,feb375c21683114ff27cb6572e7749679110cc7558dbb0ed0cac7a44931aa19f,f617315ad7a2d4552014744dabc67a2f5779c4a8bde893b80574cf50b8cc59c1
4,vww4_128_128_INT8__SSE-300__ethos-u55-32,vww4_128_128_INT8,SSE-300,ethos-u55,32,Shared_Sram,ON,True,2294050,2293392,658,244538,160855,40992,5e76364e80c45776b735563679d45f611cab7ce7fef2ec4e2db088afe009ccae,588df75259c199fa13333725662efba934704598c3f4e25d43a74016843cc8a6,ff9f83d05e334f05e76846c6d6408557afcad43b7abf3545703ab7d2894b8df3
5,yolo-fastest_192_face_v4__SSE-300__ethos-u55-32,yolo-fastest_192_face_v4,SSE-300,ethos-u55,32,Shared_Sram,ON,True,7188053,7187344,709,692173,427993,46387,e94bcdb011784bead70ab0c0e9d2dae1a9ea5f103b43e1e6fac3019302cf71ab,9c30cdd344f06d91ed706bdc313a5c565a6dd0e349c3f6ee3d0051184af0290d,81bc9985f0a75b22f8d0fd68e61fb2e0251f2ec652af96a21d925436413ad4e0
6,mobilenet_v2_1.0_224_INT8__SSE-300__ethos-u55-32,mobilenet_v2_1.0_224_INT8,SSE-300,ethos-u55,32,Shared_Sram,ON,True,22781050,22780734,316,3106183,1303885,432248,bd8d56b80557a5fca7acf14f61e5339285c02810f7d7afa714b9763fc4b86e95,11507413d86c7afda68de517b52eff92d62fe996816ff5114092e848563a3048,9ee06f29806dd70b1be36b498149251d86ae7db857466afbc8a13da085a81cc5
7,rnnoise_INT8__SSE-300__ethos-u55-64,rnnoise_INT8,SSE-300,ethos-u55,64,Shared_Sram,ON,True,109059,108557,502,542,386,14176,9c582545b7c13af44616c44b654f4fe721aa2585630b0ca173ca3589f6f11c2c,f860de6f270569d437147e4842c5068cc4819bd88b347100eda514a8c29edcb3,38c20569500d525072d5a69141d9c4ad7e615d2cb58d9d1a5e3b67c366555c9d
8,kws_micronet_m__SSE-300__ethos-u55-64,kws_micronet_m,SSE-300,ethos-u55,64,Shared_Sram,ON,True,730050,729107,943,147454,48592,17513,c1feed3af5dac44de7477fb4161670ba18a3fc06039e4a14da41b1c4dd454cb4,80e6eab37ccb675ae7028d2844e6207a7d500d4f43536e4ea9749362c6be57ee,be5826f832ca3c582c11f882b2f298d087acd59702de865b65c9b88652296f43
9,ad_medium_int8__SSE-300__ethos-u55-64,ad_medium_int8,SSE-300,ethos-u55,64,Shared_Sram,ON,True,1665050,1664233,817,517362,138209,55957,a8b1c9037c2a80e6ff770f0a550777cf744a52850bed6545b2bfc9bacf604c98,b6c5e8d4b57cb6ab2da50515827b457491c902755cf8208e6b80fb09b6273480,3cb6e133177999d84b629d351a8b194fa0b680e06f128979cccd6c8632d665c6
10,vww4_128_128_INT8__SSE-300__ethos-u55-64,vww4_128_128_INT8,SSE-300,ethos-u55,64,Shared_Sram,ON,True,1222050,1221662,388,242228,160991,41327,5e76364e80c45776b735563679d45f611cab7ce7fef2ec4e2db088afe009ccae,3f5f6f65e297e98862a3979cecb214d9cc576e9a0d13c14bacf4d874410675e6,b3085bffe48b87e9676e275a20a153f358c0d06ce4321ee14736e549d6bc0e2a
11,yolo-fastest_192_face_v4__SSE-300__ethos-u55-64,yolo-fastest_192_face_v4,SSE-300,ethos-u55,64,Shared_Sram,ON,True,3680053,3679244,809,690759,427871,46438,e94bcdb011784bead70ab0c0e9d2dae1a9ea5f103b43e1e6fac3019302cf71ab,65e39a8602ff8930e26856f3e9c570ed6d6ef66763aef96be32a89a0579688e7,8946c0e501b84b6e1ff6a9d3d7b6518eca9f95fb6d310543b8d6513f4cca3426
12,mobilenet_v2_1.0_224_INT8__SSE-300__ethos-u55-64,mobilenet_v2_1.0_224_INT8,SSE-300,ethos-u55,64,Shared_Sram,ON,True,12100050,12099239,811,3042795,1304483,433323,bd8d56b80557a5fca7acf14f61e5339285c02810f7d7afa714b9763fc4b86e95,0caf0bb0c54911071d4fc1e39024d79e1e4d094efc7054d19bede41bf363f782,7803412076d743598cc77983579e73b0d8972315f30d2db6dca9866a66135923
13,rnnoise_INT8__SSE-300__ethos-u55-128,rnnoise_INT8,SSE-300,ethos-u55,128,Shared_Sram,ON,True,106059,105087,972,542,386,14165,9c582545b7c13af44616c44b654f4fe721aa2585630b0ca173ca3589f6f11c2c,dc90c7834d575c66e759e294c1e22380d2b3c387cc41ead31b6810c0e714e0f3,7276043a63f08b8e443bbe8e8d304da80b6ee935ece09dd9ead5ce0088ecb1c7
14,kws_micronet_m__SSE-300__ethos-u55-128,kws_micronet_m,SSE-300,ethos-u55,128,Shared_Sram,ON,True,405050,404092,958,127826,48602,17563,c1feed3af5dac44de7477fb4161670ba18a3fc06039e4a14da41b1c4dd454cb4,d98a6f40c47fb2ebc88f9ece65db40452220c19e23d014eb8706348215943406,f65787c139b467df6710e0e18339caf67e0a31423a426f94c25c9288759f874a
15,ad_medium_int8__SSE-300__ethos-u55-128,ad_medium_int8,SSE-300,ethos-u55,128,Shared_Sram,ON,True,932050,931844,206,467120,138449,56264,a8b1c9037c2a80e6ff770f0a550777cf744a52850bed6545b2bfc9bacf604c98,1e7e4a459f8558ab58f27b37518d93c9a04c3661567357377d96458d6dc5942e,2d76bcbdbb506c2fb494a0fd205ced370f94cae48ad31a2b0ed214be0fbbf4f0
16,vww4_128_128_INT8__SSE-300__ethos-u55-128,vww4_128_128_INT8,SSE-300,ethos-u55,128,Shared_Sram,ON,True,737050,736964,86,232915,161041,41650,5e76364e80c45776b735563679d45f611cab7ce7fef2ec4e2db088afe009ccae,dcbd0bd07fe6b391e4ccab5575b09a0dcbf927d40e4962b4f311451ba5eb7614,aeaf7c5394f11136676a1b9e060981ccf490b152a9a172359bfa9a2ad1e4447d
17,yolo-fastest_192_face_v4__SSE-300__ethos-u55-128,yolo-fastest_192_face_v4,SSE-300,ethos-u55,128,Shared_Sram,ON,True,1993053,1992313,740,621175,427941,46671,e94bcdb011784bead70ab0c0e9d2dae1a9ea5f103b43e1e6fac3019302cf71ab,57ac3cb07347c3b409dc7d031c483325590dd5276444fd51c1cad90112cabf1e,41119e6698f35999d0c169a2b27977e79ac4cbd501ae1a23fd0519a09d7dd2a5
18,mobilenet_v2_1.0_224_INT8__SSE-300__ethos-u55-128,mobilenet_v2_1.0_224_INT8,SSE-300,ethos-u55,128,Shared_Sram,ON,True,7365050,7364988,62,2644727,1304643,434266,bd8d56b80557a5fca7acf14f61e5339285c02810f7d7afa714b9763fc4b86e95,621da9778b5d1410af463cecc251fcf49c12eaab24b115a7aa00f54093d808bf,926d4fb56a733c961894e0f77369404b92432039759efc4c20958f3c951a73c2
19,rnnoise_INT8__SSE-300__ethos-u55-256,rnnoise_INT8,SSE-300,ethos-u55,256,Shared_Sram,ON,True,105059,104364,695,542,386,14165,9c582545b7c13af44616c44b654f4fe721aa2585630b0ca173ca3589f6f11c2c,2fdebe4cbda30f7d2b94668673cf70bdf11b6a745f5970285524c6a0593b4221,7abc302520b5b5667e7f8d9bca0cacfd7f6f789b8afbf109e9a8af1af5c33931
20,kws_micronet_m__SSE-300__ethos-u55-256,kws_micronet_m,SSE-300,ethos-u55,256,Shared_Sram,ON,True,244050,243666,384,92400,48616,17631,c1feed3af5dac44de7477fb4161670ba18a3fc06039e4a14da41b1c4dd454cb4,bfbeaedf0e11e287334519e9347ac74044a7f4b462372c167f5240e755ed02bc,c296fd158f35445e3e5faf0c713856368e799bd1b9e4d9b18b35ccb057ddf4f7
21,ad_medium_int8__SSE-300__ethos-u55-256,ad_medium_int8,SSE-300,ethos-u55,256,Shared_Sram,ON,True,674050,673190,860,369654,138343,56187,a8b1c9037c2a80e6ff770f0a550777cf744a52850bed6545b2bfc9bacf604c98,55604afab6a7778a3186bc4b2ecd0726fec4239bbaeb812d7d9ed52b4a89eded,4ce07f94b2206cefc00204600adfca3918374104d595ad18aeaff5517c2f32ea
22,vww4_128_128_INT8__SSE-300__ethos-u55-256,vww4_128_128_INT8,SSE-300,ethos-u55,256,Shared_Sram,ON,True,577050,576336,714,208799,161079,41767,5e76364e80c45776b735563679d45f611cab7ce7fef2ec4e2db088afe009ccae,cdbbf0c42353b604a8ad08c0f7d6b3430addc9121a7a6a144aaac82b7dc7978f,7c3fcebdc55e6bdfc179427c222ac408c3cf2d53fbc9c1f544a7e65aa9316251
23,yolo-fastest_192_face_v4__SSE-300__ethos-u55-256,yolo-fastest_192_face_v4,SSE-300,ethos-u55,256,Shared_Sram,ON,True,1334053,1333704,349,565453,427987,46803,e94bcdb011784bead70ab0c0e9d2dae1a9ea5f103b43e1e6fac3019302cf71ab,9309bab1b6b60e88192f584d60755620381209166eacbc8e64109abe5b12552b,274d2cf087c1f01b998c34be61fca0478de1d837f50c901e020fae16420677c2
24,mobilenet_v2_1.0_224_INT8__SSE-300__ethos-u55-256,mobilenet_v2_1.0_224_INT8,SSE-300,ethos-u55,256,Shared_Sram,ON,True,5474050,5473985,65,2159849,1304743,434483,bd8d56b80557a5fca7acf14f61e5339285c02810f7d7afa714b9763fc4b86e95,43a89ba81b5c0380c826fa90e0260387877e6adb466a1d2da867445ee2b23475,df627c37ec305803fef44f7249e5182eea0bee9fbd97996255880332328ec3cd
25,wav2letter_pruned_int8__SSE-300__ethos-u55-256,wav2letter_pruned_int8,SSE-300,ethos-u55,256,Shared_Sram,ON,True,15335050,15334328,722,6941179,1853478,1732537,e0814a0e586f2f2881f7fe96e6bc0b8e4cfecc8d64ced56d8f7ca85b9b7ab257,ac0debf0ceaa7d045528fe3dd619e8a26445aa0ef02eb04431294acdc761bda2,31d74e4a0bc011c079d3b4192f1683e93a9f4ed909ae57515c5ae06858107eaf
26,rnnoise_INT8__SSE-300__ethos-u65-256,rnnoise_INT8,SSE-300,ethos-u65,256,Dedicated_Sram,ON,True,65086,64533,553,207,179,7163,9c582545b7c13af44616c44b654f4fe721aa2585630b0ca173ca3589f6f11c2c,adbda150d7ef0c99ce65f699bb0dbc818fa50b6ea073c0386c472187a3af1b33,945b6aa508212c20680faec133dd8ea84510ce9159b2f89fd7099962ef35f5f6
27,kws_micronet_m__SSE-300__ethos-u65-256,kws_micronet_m,SSE-300,ethos-u65,256,Dedicated_Sram,ON,True,217068,216553,515,44310,23393,10173,c1feed3af5dac44de7477fb4161670ba18a3fc06039e4a14da41b1c4dd454cb4,8b7930df8bb7ff522beb03199b725cf3a920fe6cf465df13a880d0f87a202d74,7ce3fcd24a05f4e99c3ba882353655713c510572ace43f3c3675f0b3cf227cdc
28,ad_medium_int8__SSE-300__ethos-u65-256,ad_medium_int8,SSE-300,ethos-u65,256,Dedicated_Sram,ON,True,471068,470324,744,158680,57154,28184,a8b1c9037c2a80e6ff770f0a550777cf744a52850bed6545b2bfc9bacf604c98,a18115c749b13ab554dc75239523f7a3ea56650fd4f3990ffde2573702cdfe57,b5af59a8fa5fa9cdebb1badf724d63cfb15f3b586ffbc46c603d9625ccead0a1
29,vww4_128_128_INT8__SSE-300__ethos-u65-256,vww4_128_128_INT8,SSE-300,ethos-u65,256,Dedicated_Sram,ON,True,417068,416424,644,75727,64279,22045,5e76364e80c45776b735563679d45f611cab7ce7fef2ec4e2db088afe009ccae,bde9a9b568d0f1cb5a2bae1e4cc4ca80776244067200d8d00fdc42d1c0d9c05c,da8f3de288b231e226bf3d1aec62a4ab3ccb88d137bc31f1dacfeec0b1b08ea5
30,yolo-fastest_192_face_v4__SSE-300__ethos-u65-256,yolo-fastest_192_face_v4,SSE-300,ethos-u65,256,Dedicated_Sram,ON,True,1119074,1118037,1037,256151,199502,26374,e94bcdb011784bead70ab0c0e9d2dae1a9ea5f103b43e1e6fac3019302cf71ab,b8c58e0f7d5c416a117cdd288f2e5191a96a23ee4f7f6947ed0367c4902302d7,0a51223e058b5525bebd3c0ed5e4dbd4cb9ce51da8011a232bfcc55bedf6ac3b
31,mobilenet_v2_1.0_224_INT8__SSE-300__ethos-u65-256,mobilenet_v2_1.0_224_INT8,SSE-300,ethos-u65,256,Dedicated_Sram,ON,True,3730068,3729063,1005,819627,453488,254532,bd8d56b80557a5fca7acf14f61e5339285c02810f7d7afa714b9763fc4b86e95,fc3e393dd52c29f90521f764329fbf582c303b1c6ea29fd11d14ad1d96f1406e,ffb3cc5eddee3e43a4e1bdb17ea38d312b1aacf70fb87f24d981d290b29b62a2
32,wav2letter_pruned_int8__SSE-300__ethos-u65-256,wav2letter_pruned_int8,SSE-300,ethos-u65,256,Dedicated_Sram,ON,True,16341068,16340607,461,3317934,886938,1391901,e0814a0e586f2f2881f7fe96e6bc0b8e4cfecc8d64ced56d8f7ca85b9b7ab257,9ed66fe10f15b4fcb65b957f526d40cf86e3d9dc14c6be838b7f6c0ac8f246d8,62ae21ca737aa694d996a7f3f41bbfbb6101bb24005ca117ced264af307f5329
33,rnnoise_INT8__SSE-300__ethos-u65-512,rnnoise_INT8,SSE-300,ethos-u65,512,Dedicated_Sram,ON,True,50086,49484,602,207,176,7202,9c582545b7c13af44616c44b654f4fe721aa2585630b0ca173ca3589f6f11c2c,13c2f7daab192e34784b571eb97cea752005b3969cda1135dd637fd73306cbb7,8e51243e5e5b3b110ced49fe3e7b4db9bf07f1f6a0fde8453611f28383d3efe8
34,kws_micronet_m__SSE-300__ethos-u65-512,kws_micronet_m,SSE-300,ethos-u65,512,Dedicated_Sram,ON,True,130068,129459,609,46600,23413,10257,c1feed3af5dac44de7477fb4161670ba18a3fc06039e4a14da41b1c4dd454cb4,7b67b867a8206bdaaf05869c11ff67f1462210055c126dcd13de422633d17216,d59ca87ddc480b5d928d7694dd724ed6dbbbb3955622224d526c3d4b1b1bf2d0
35,ad_medium_int8__SSE-300__ethos-u65-512,ad_medium_int8,SSE-300,ethos-u65,512,Dedicated_Sram,ON,True,301068,300455,613,160368,57579,28728,a8b1c9037c2a80e6ff770f0a550777cf744a52850bed6545b2bfc9bacf604c98,6af7fcec9a9518d706acf4c4705a4ed2aedcfb4ccfcd192da8e449e3244a4659,7666ba03658f2930c967a942c0a214f71abf425a3ce278a0e2221e5235a8455c
36,vww4_128_128_INT8__SSE-300__ethos-u65-512,vww4_128_128_INT8,SSE-300,ethos-u65,512,Dedicated_Sram,ON,True,283068,282784,284,76093,64206,22326,5e76364e80c45776b735563679d45f611cab7ce7fef2ec4e2db088afe009ccae,7f44e427cb3900bcfbacb0c8202c196cffdce83a2b5511373851bcf402526b7b,5848263d0ac27798e8bb9b33ce751da39b7597ad415d7f88ea16b35255290639
37,yolo-fastest_192_face_v4__SSE-300__ethos-u65-512,yolo-fastest_192_face_v4,SSE-300,ethos-u65,512,Dedicated_Sram,ON,True,747074,746029,1045,258101,199749,26814,e94bcdb011784bead70ab0c0e9d2dae1a9ea5f103b43e1e6fac3019302cf71ab,70f1056de8372871484cd503c536472396595e678b76b5ce45d2b11c46ddbe0a,a4d6fd01979b07c53c6022848cbbfd137424a92462fcb370784e5b36252d0a3b
38,mobilenet_v2_1.0_224_INT8__SSE-300__ethos-u65-512,mobilenet_v2_1.0_224_INT8,SSE-300,ethos-u65,512,Dedicated_Sram,ON,True,2424068,2423399,669,827774,453576,254695,bd8d56b80557a5fca7acf14f61e5339285c02810f7d7afa714b9763fc4b86e95,7c5599aa2c880e849b60f3fbda9574280c0d81f51ce6e8534857c6d7ce9fc560,d3407421a44ce0d87ff70ab4a93e5c88980b4459cf625ea5b492bd73a74c87a2
39,wav2letter_pruned_int8__SSE-300__ethos-u65-512,wav2letter_pruned_int8,SSE-300,ethos-u65,512,Dedicated_Sram,ON,True,9839068,9838044,1024,3299579,881591,1418048,e0814a0e586f2f2881f7fe96e6bc0b8e4cfecc8d64ced56d8f7ca85b9b7ab257,f77a6903da014b751929ee1fd1b2d87c79c8e8808fb39ff702ed798db0643398,b0a9bc3d8897e09a4427e0fe1c4859bb0838ae7b5485a77161ed6f32da0d9faf
40,rnnoise_INT8__SSE-320__ethos-u85-128,rnnoise_INT8,SSE-320,ethos-u85,128,Dedicated_Sram,ON,True,36086,35248,838,,,,9c582545b7c13af44616c44b654f4fe721aa2585630b0ca173ca3589f6f11c2c,a41290173171ac803fa6d21fc48c36d335bae3bf9d966a10bab98d689105f321,08555dc77e4089c2665c53143b984ff9fb45c11d685f4d5930166b1a891de314
41,kws_micronet_m__SSE-320__ethos-u85-128,kws_micronet_m,SSE-320,ethos-u85,128,Dedicated_Sram,ON,True,369068,368696,372,,,,c1feed3af5dac44de7477fb4161670ba18a3fc06039e4a14da41b1c4dd454cb4,0cbdc135d3bb3cc66312b3fb94621c0b4f79c7f36f51bfa1d74ade5131a79df9,08c5ab599af2c780986bd22bee9bded042484ff0461f0f0e7d1fb409604036f5
42,ad_medium_int8__SSE-320__ethos-u85-128,ad_medium_int8,SSE-320,ethos-u85,128,Dedicated_Sram,ON,True,731068,730426,642,,,,a8b1c9037c2a80e6ff770f0a550777cf744a52850bed6545b2bfc9bacf604c98,ab971c1f460ada733129085b61b08292352ba1946f87b7e8507a4052c2df6c20,baa7f6007b2f0c821d96684739a1ec0d8f54897dac70150d93bad69f6900c085
43,vww4_128_128_INT8__SSE-320__ethos-u85-128,vww4_128_128_INT8,SSE-320,ethos-u85,128,Dedicated_Sram,ON,True,511068,510010,1058,,,,5e76364e80c45776b735563679d45f611cab7ce7fef2ec4e2db088afe009ccae,d18367b2706f51b23e37d71e16ed30a7d1b248ae017766d505736ee1ceac87be,1478f04e20fcd343fa21f9c0672f43dcfa5febdf25d7da8f0b4aaa4dd3e4a331
44,yolo-fastest_192_face_v4__SSE-320__ethos-u85-128,yolo-fastest_192_face_v4,SSE-320,ethos-u85,128,Dedicated_Sram,ON,True,1527074,1526850,224,,,,e94bcdb011784bead70ab0c0e9d2dae1a9ea5f103b43e1e6fac3019302cf71ab,647d7e53d4eeaa7fd776830e838b0f66f4ab80f6601ae91b536175dc0a056ad1,b71179c5c75e7f16e289b8bb815d539c22fad26345982fcedfb0a67ce5a717eb
45,mobilenet_v2_1.0_224_INT8__SSE-320__ethos-u85-128,mobilenet_v2_1.0_224_INT8,SSE-320,ethos-u85,128,Dedicated_Sram,ON,True,5079068,5078222,846,,,,bd8d56b80557a5fca7acf14f61e5339285c02810f7d7afa714b9763fc4b86e95,a414a3eae6969abd57a279690d1c6d5c6f782eef1f8172084df6edb067a5df2e,15eb0e39f72be777c622773c71e8c8985f0616a199a4abf42780a35ef3c23c74
46,wav2letter_pruned_int8__SSE-320__ethos-u85-128,wav2letter_pruned_int8,SSE-320,ethos-u85,128,Dedicated_Sram,ON,True,28674068,28673038,1030,,,,e0814a0e586f2f2881f7fe96e6bc0b8e4cfecc8d64ced56d8f7ca85b9b7ab257,c9b0a55854a53ebdf70cf2266f57a90140e428deb3c36ecf7d4887629c4ca34f,2f99f4fa17175484fbcf91db4c06c6c1fb83857a56af3d71c1673fcb0b628a98
47,rnnoise_INT8__SSE-320__ethos-u85-256,rnnoise_INT8,SSE-320,ethos-u85,256,Dedicated_Sram,ON,True,36086,35206,880,,,,9c582545b7c13af44616c44b654f4fe721aa2585630b0ca173ca3589f6f11c2c,8f342f545a9a9e1da4493fa2f73ff5779785fa5a0c7f6bfac2096153f1b2116e,26f7bc0c367d1da4d8fa519d5af0cfdc52a98b22a4deeb24e3ceb23fee0e135d
48,kws_micronet_m__SSE-320__ethos-u85-256,kws_micronet_m,SSE-320,ethos-u85,256,Dedicated_Sram,ON,True,199068,198564,504,,,,c1feed3af5dac44de7477fb4161670ba18a3fc06039e4a14da41b1c4dd454cb4,7d1431a8bc9cd5ec3735e9c1f8c91cd8d1e4496286147ee5a1adec1acd72ce92,4fc1193fec444d6a3a00aee219f8420b1716962aa7240031699a568d888cab08
49,ad_medium_int8__SSE-320__ethos-u85-256,ad_medium_int8,SSE-320,ethos-u85,256,Dedicated_Sram,ON,True,377068,376021,1047,,,,a8b1c9037c2a80e6ff770f0a550777cf744a52850bed6545b2bfc9bacf604c98,ceb93f0095600c90b42763683fabc07397f7a2d1386493caa625cecd7c86abaa,3bbb58c709a25daabbf76c915f3447b2aaa92158db63a99085d51abb4ed2ff03
50,vww4_128_128_INT8__SSE-320__ethos-u85-256,vww4_128_128_INT8,SSE-320,ethos-u85,256,Dedicated_Sram,ON,True,287068,286067,1001,,,,5e76364e80c45776b735563679d45f611cab7ce7fef2ec4e2db088afe009ccae,869a0c6b8e7dd5339829bfd9430abfb9afe20401a17d31c437e2a193fd6afc8e,23b87ac7a8bc4e3a861077ba1f75ebb7d7f2bd8a007a42d96e3040d5a46bb63f
51,yolo-fastest_192_face_v4__SSE-320__ethos-u85-256,yolo-fastest_192_face_v4,SSE-320,ethos-u85,256,Dedicated_Sram,ON,True,812074,811264,810,,,,e94bcdb011784bead70ab0c0e9d2dae1a9ea5f103b43e1e6fac3019302cf71ab,aec60a683ca0dfd54e791bf0fec34f999cf472bbf7a16c4f2e6adb09fddab53e,8e53bdc43bf7f34758b7b418c325b3dc36e2b55ad69ce2d5798ab9e84023c76e
52,mobilenet_v2_1.0_224_INT8__SSE-320__ethos-u85-256,mobilenet_v2_1.0_224_INT8,SSE-320,ethos-u85,256,Dedicated_Sram,ON,True,2874068,2873773,295,,,,bd8d56b80557a5fca7acf14f61e5339285c02810f7d7afa714b9763fc4b86e95,0c7038277d83a302238d4926e42b5c281a83dd4891a27d804d58b57873bbced5,88f0b943bfdeb9b68a93b340120757cb6e5955cdf1b982ddbb94d268d8ec5b49
53,wav2letter_pruned_int8__SSE-320__ethos-u85-256,wav2letter_pruned_int8,SSE-320,ethos-u85,256,Dedicated_Sram,ON,True,15147068,15146719,349,,,,e0814a0e586f2f2881f7fe96e6bc0b8e4cfecc8d64ced56d8f7ca85b9b7ab257,47da44440a8886649f8bdd2cd34adb1f9deca6d11f7bdfde602cd097055e06a2,da922e22d0b866e1b795e55757d72b554d6cd1dfbd8291a2e89353c9be134e94
54,rnnoise_INT8__SSE-320__ethos-u85-512,rnnoise_INT8,SSE-320,ethos-u85,512,Dedicated_Sram,ON,True,55086,54330,756,,,,9c582545b7c13af44616c44b654f4fe721aa2585630b0ca173ca3589f6f11c2c,12087f72b6dce2e03b1146f11dcd5e1c254f1ed6f737bc5df22c8ab0dbdf335c,a840819ba13cdf141080eea12c70389ca3856fa91cfce15bd9556604602624c5
55,kws_micronet_m__SSE-320__ethos-u85-512,kws_micronet_m,SSE-320,ethos-u85,512,Dedicated_Sram,ON,True,114068,113986,82,,,,c1feed3af5dac44de7477fb4161670ba18a3fc06039e4a14da41b1c4dd454cb4,af461b1ee988ee39f778a962366042bb0f63e1c1f2a5dd47b231800847bcd3a0,206fad844254ef9579ad3ca4526545726185ecf0e0938d30d1162d2052cc7b11
56,ad_medium_int8__SSE-320__ethos-u85-512,ad_medium_int8,SSE-320,ethos-u85,512,Dedicated_Sram,ON,True,235068,234552,516,,,,a8b1c9037c2a80e6ff770f0a550777cf744a52850bed6545b2bfc9bacf604c98,9fa6d6e7239b70d027301eea62d6123e88e67f800d93038a67af5cf789834a99,764f0693656a4b661be0ff46f3f793a856b0b404a3fdbd072fc5845e4285fe44
57,vww4_128_128_INT8__SSE-320__ethos-u85-512,vww4_128_128_INT8,SSE-320,ethos-u85,512,Dedicated_Sram,ON,True,259068,258022,1046,,,,5e76364e80c45776b735563679d45f611cab7ce7fef2ec4e2db088afe009ccae,e3c387fd064ce4f22d3f4a2ca4002fe15cb72ce892ca77c884d7913c29b00350,c16e67765cb67bb712ec2e475730361ac7ad2577f4115579ddf78c8bfbb947c8
58,yolo-fastest_192_face_v4__SSE-320__ethos-u85-512,yolo-fastest_192_face_v4,SSE-320,ethos-u85,512,Dedicated_Sram,ON,True,587074,586275,799,,,,e94bcdb011784bead70ab0c0e9d2dae1a9ea5f103b43e1e6fac3019302cf71ab,8b2f4e1e0fca98e2adcf3ab9db295127c87746cfd134f37eb5cbb1d8b47b847a,2ce167bb255efc0668268917a16e9228510b5eaaff209dd09c7ed44a86639777
59,mobilenet_v2_1.0_224_INT8__SSE-320__ethos-u85-512,mobilenet_v2_1.0_224_INT8,SSE-320,ethos-u85,512,Dedicated_Sram,ON,True,1914068,1913404,664,,,,bd8d56b80557a5fca7acf14f61e5339285c02810f7d7afa714b9763fc4b86e95,38823b6d0f0d9cfb1895c24afa8103cdfd0ebacafe52b8b8af24af82f71f1b36,404b2a6ccebd9f907d79f19664edc8736949386da5cf9c800e7fd7c3a59c9b2b
60,wav2letter_pruned_int8__SSE-320__ethos-u85-512,wav2letter_pruned_int8,SSE-320,ethos-u85,512,Dedicated_Sram,ON,True,7654068,7653598,470,,,,e0814a0e586f2f2881f7fe96e6bc0b8e4cfecc8d64ced56d8f7ca85b9b7ab257,9ec8352bd7624498de819db29114964aee319dad249e8276baa01845c7de337b,a5bc45d266a6a1851ecb84b2939b09014d45faa1093997df8519aecdad9a17eb
61,rnnoise_INT8__SSE-320__ethos-u85-1024,rnnoise_INT8,SSE-320,ethos-u85,1024,Dedicated_Sram,ON,True,49086,48560,526,,,,9c582545b7c13af44616c44b654f4fe721aa2585630b0ca173ca3589f6f11c2c,5bc1ee088fd731dbb9fed4a0d8ddcea92c11600e82b5041371149465510bee79,845288d51544780728447c67b5b8a3dbd59f58ec9d77b5bff8905e41d2a5bec0
62,kws_micronet_m__SSE-320__ethos-u85-1024,kws_micronet_m,SSE-320,ethos-u85,1024,Dedicated_Sram,ON,True,90068,89138,930,,,,c1feed3af5dac44de7477fb4161670ba18a3fc06039e4a14da41b1c4dd454cb4,f9575c36651efe0dc3798135f4bc8f9e3fd3614a75f7ad16377994616d18a069,f4d4e0604b097394892fe03edc54c9af734fd312e9f84bb210597bb9daea000a
63,ad_medium_int8__SSE-320__ethos-u85-1024,ad_medium_int8,SSE-320,ethos-u85,1024,Dedicated_Sram,ON,True,141068,140261,807,,,,a8b1c9037c2a80e6ff770f0a550777cf744a52850bed6545b2bfc9bacf604c98,b83f28f2e5adc7fad13a41441578c95020c9c178e43d52dbf6b2bac2d789bb54,841bade0ca897e877f0c04bbb69521849b27f5aa5057c65d0d07c747f839d09b
64,vww4_128_128_INT8__SSE-320__ethos-u85-1024,vww4_128_128_INT8,SSE-320,ethos-u85,1024,Dedicated_Sram,ON,True,230068,229082,986,,,,5e76364e80c45776b735563679d45f611cab7ce7fef2ec4e2db088afe009ccae,637711c9bb5046bbf7f9010d1e1f1c25e9ea6cf643d74e8eb225c66b4ba6fed7,50abba5cf2fa6ffc71e751657ff40eb410e62cb995e93d5e455f1e3a6ba6aa26
65,yolo-fastest_192_face_v4__SSE-320__ethos-u85-1024,yolo-fastest_192_face_v4,SSE-320,ethos-u85,1024,Dedicated_Sram,ON,True,439074,438859,215,,,,e94bcdb011784bead70ab0c0e9d2dae1a9ea5f103b43e1e6fac3019302cf71ab,aa143485cf3e64da4d46b58fe7cb2dbeab95193740ee0e13815ce3c0bdd1238b,a5db2577558cbe8b7a782ebce6171ea1d10c4583b704d1fefa533dc02b9fc41a
66,mobilenet_v2_1.0_224_INT8__SSE-320__ethos-u85-1024,mobilenet_v2_1.0_224_INT8,SSE-320,ethos-u85,1024,Dedicated_Sram,ON,True,1406068,1405529,539,,,,bd8d56b80557a5fca7acf14f61e5339285c02810f7d7afa714b9763fc4b86e95,031fade0e9b7136e2ed55a23422efbcc7aba28a32c8ebd3e043afbcc2f44bb75,101aba59af42d7b6c3f13e8b6800e4ae905898ba9528ca1e7df61e837405f950
67,wav2letter_pruned_int8__SSE-320__ethos-u85-1024,wav2letter_pruned_int8,SSE-320,ethos-u85,1024,Dedicated_Sram,ON,True,4115068,4114227,841,,,,e0814a0e586f2f2881f7fe96e6bc0b8e4cfecc8d64ced56d8f7ca85b9b7ab257,4c5b640211f0aaa60eaf65ee5c9c4096a43022fd2c34127042e1304bf45def7b,e28c25ae8cbd9ebfca2580afd88c3878c92911e48e50875608bfa8257d028a3b
68,rnnoise_INT8__SSE-320__ethos-u85-2048,rnnoise_INT8,SSE-320,ethos-u85,2048,Dedicated_Sram,ON,True,54086,53012,1074,,,,9c582545b7c13af44616c44b654f4fe721aa2585630b0ca173ca3589f6f11c2c,0cb89bfa18ffcd82d67b096c2ce3f1eefe2046b4c26175983c9d5837b790a979,a3aea1f836b9e58380da1fa965df00ca9898e8ac1516c00224d739808fd30ba0
69,kws_micronet_m__SSE-320__ethos-u85-2048,kws_micronet_m,SSE-320,ethos-u85,2048,Dedicated_Sram,ON,True,67068,66777,291,,,,c1feed3af5dac44de7477fb4161670ba18a3fc06039e4a14da41b1c4dd454cb4,ad756be0f88116bdbcacf23eaf95d3e9d6ad0b4b71205b3c0f58ba514252003d,17dedc201f0864367fea6c542d67ab834e1913a6be532ec68990a099242a52be
70,ad_medium_int8__SSE-320__ethos-u85-2048,ad_medium_int8,SSE-320,ethos-u85,2048,Dedicated_Sram,ON,True,110068,109653,415,,,,a8b1c9037c2a80e6ff770f0a550777cf744a52850bed6545b2bfc9bacf604c98,5d6b0526e6d7c5e26f97f789d68e34f20ffdec7749b9e2ec923efbf2053b5dc4,9d1dfb58684bdb327beec8fdba4757ddc813ced2da6a3b166fb4c5cb06e0cd5c
71,vww4_128_128_INT8__SSE-320__ethos-u85-2048,vww4_128_128_INT8,SSE-320,ethos-u85,2048,Dedicated_Sram,ON,True,214068,213586,482,,,,5e76364e80c45776b735563679d45f611cab7ce7fef2ec4e2db088afe009ccae,c0b82d4d6939c2369fce19b71cfcc41cddb4cb5fc84ae615bce8967cb92ff979,ef963f1912c5449dcd7442e995069770059a8483779a86cea1495983613bc2f1
72,yolo-fastest_192_face_v4__SSE-320__ethos-u85-2048,yolo-fastest_192_face_v4,SSE-320,ethos-u85,2048,Dedicated_Sram,ON,True,355074,354800,274,,,,e94bcdb011784bead70ab0c0e9d2dae1a9ea5f103b43e1e6fac3019302cf71ab,b612256ae8dd9b702d81f8ddf334936d887fda08869fa03221b3bc51e0547b73,7cc70df9a086094d6a6522c5d33d862ce0967fb72f92da6bf604bbd69b7e4356
73,mobilenet_v2_1.0_224_INT8__SSE-320__ethos-u85-2048,mobilenet_v2_1.0_224_INT8,SSE-320,ethos-u85,2048,Dedicated_Sram,ON,True,1067068,1066245,823,,,,bd8d56b80557a5fca7acf14f61e5339285c02810f7d7afa714b9763fc4b86e95,5666f10f9faf582d8322cf85a127ccd74f18e50a3c7ec42868ce123eb1883533,3e0102db84023d6ee490ca4d898cb2a21e2507bd92d95934fb4fb3650b705ba8
74,wav2letter_pruned_int8__SSE-320__ethos-u85-2048,wav2letter_pruned_int8,SSE-320,ethos-u85,2048,Dedicated_Sram,ON,True,2624068,2623033,1035,,,,e0814a0e586f2f2881f7fe96e6bc0b8e4cfecc8d64ced56d8f7ca85b9b7ab257,b9aa7575d5a353d4551eeead152dc62d23496da4c1b6509ba6b048b977add895,f55a1175172a02e20f6e5d11720291fd8b28564ab9f32f45d484286d58b808fc
