workload,binding,unit,launches,source_ids,op_types,ccnt,tail,evt_active,evt_sram_rd,evt_sram_wr,evt_ext_rd,evt_ext_wr
rnnoise_INT8,256_Low,0,2,3 12,FullyConnected Reshape,2073,0,2007,3,8,347,0
rnnoise_INT8,256_Low,1,1,4,FullyConnected,2015,0,2014,2,6,270,0
rnnoise_INT8,256_Low,2,5,8 14 17 19 20,Add Add Add FullyConnected Mul,1015,0,1014,16,5,58,2
rnnoise_INT8,256_Low,3,4,16 22 23 24,Add Mul Mul Sub,1015,0,1014,4,2,39,4
rnnoise_INT8,256_Low,4,2,25 65,Pack Reshape,1015,0,1014,2,2,104,0
rnnoise_INT8,256_Low,5,1,66,FullyConnected,1015,0,1014,3,1,152,1
rnnoise_INT8,256_Low,6,6,10 26 27 28,Concat FullyConnected Quantize Quantize,2015,0,2014,14,20,684,0
rnnoise_INT8,256_Low,7,5,30 32 36 38 39,Add Add Add FullyConnected Mul,4015,0,4014,21,15,872,3
rnnoise_INT8,256_Low,8,2,35 40,Mul Sub,1015,0,1014,2,0,43,3
rnnoise_INT8,256_Low,9,3,34 41 42,Add Mul Pack,1015,0,1014,6,3,357,3
rnnoise_INT8,256_Low,10,2,1 45,Concat FullyConnected,7015,0,7014,0,24,1849,0
rnnoise_INT8,256_Low,11,4,43 44 45,Concat Quantize Quantize,1015,0,1014,15,13,371,0
rnnoise_INT8,256_Low,12,4,47 53 55 56,Add Add FullyConnected Mul,6015,0,6014,30,30,2234,0
rnnoise_INT8,256_Low,13,1,49,Add,1015,0,1014,14,0,41,8
rnnoise_INT8,256_Low,14,5,51 52 58 59 60,Add Mul Mul Pack Sub,3015,0,3014,10,6,38,10
rnnoise_INT8,256_Low,15,1,62,FullyConnected,1030,1,,,,,
rnnoise_INT8,512_Mid512,0,2,3 12,FullyConnected Reshape,4073,0,4007,3,8,270,0
rnnoise_INT8,512_Mid512,1,1,4,FullyConnected,1015,0,1014,2,2,136,0
rnnoise_INT8,512_Mid512,2,4,8 17 19 20,Add Add FullyConnected Mul,3015,0,3014,12,9,244,0
rnnoise_INT8,512_Mid512,3,1,14,Add,1015,0,1014,4,0,48,2
rnnoise_INT8,512_Mid512,4,4,16 22 23 24,Add Mul Mul Sub,2015,0,2014,4,2,44,4
rnnoise_INT8,512_Mid512,5,2,25 65,Pack Reshape,1015,0,1014,2,2,34,0
rnnoise_INT8,512_Mid512,6,1,66,FullyConnected,2015,0,2014,3,2,306,1
rnnoise_INT8,512_Mid512,7,6,10 26 27 28,Concat FullyConnected Quantize Quantize,3015,0,3014,14,19,340,0
rnnoise_INT8,512_Mid512,8,4,30 36 38 39,Add Add FullyConnected Mul,5015,0,5014,21,15,1121,0
rnnoise_INT8,512_Mid512,9,1,32,Add,1015,0,1014,0,0,16,3
rnnoise_INT8,512_Mid512,10,2,35 40,Mul Sub,2015,0,2014,3,0,31,3
rnnoise_INT8,512_Mid512,11,3,34 41 42,Add Mul Pack,1015,0,1014,3,3,21,3
rnnoise_INT8,512_Mid512,12,1,1,FullyConnected,9015,0,9014,3,24,2201,0
rnnoise_INT8,512_Mid512,13,5,43 44 45,Concat Quantize Quantize,1015,0,1014,15,13,15,0
rnnoise_INT8,512_Mid512,14,1,47,FullyConnected,9015,0,9014,3,18,2562,0
rnnoise_INT8,512_Mid512,15,4,49 53 55 56,Add Add Add Mul,1015,0,1014,34,12,36,6
rnnoise_INT8,512_Mid512,16,2,52 58,Mul Sub,5015,0,5014,6,3,67,6
rnnoise_INT8,512_Mid512,17,2,51 59,Add Mul,1015,0,1014,6,3,9,0
rnnoise_INT8,512_Mid512,18,1,60,Pack,1015,0,1014,0,0,53,6
rnnoise_INT8,512_Mid512,19,1,62,FullyConnected,1030,1,,,,,
rnnoise_INT8,512_Low,0,2,3 12,FullyConnected Reshape,4073,0,4007,3,8,270,0
rnnoise_INT8,512_Low,1,1,4,FullyConnected,1015,0,1014,2,2,136,0
rnnoise_INT8,512_Low,2,4,8 17 19 20,Add Add FullyConnected Mul,3015,0,3014,12,9,244,0
rnnoise_INT8,512_Low,3,1,14,Add,1015,0,1014,4,0,48,2
rnnoise_INT8,512_Low,4,4,16 22 23 24,Add Mul Mul Sub,2015,0,2014,4,2,44,4
rnnoise_INT8,512_Low,5,2,25 65,Pack Reshape,1015,0,1014,2,2,34,0
rnnoise_INT8,512_Low,6,1,66,FullyConnected,2015,0,2014,3,2,306,1
rnnoise_INT8,512_Low,7,6,10 26 27 28,Concat FullyConnected Quantize Quantize,3015,0,3014,14,19,340,0
rnnoise_INT8,512_Low,8,4,30 36 38 39,Add Add FullyConnected Mul,5015,0,5014,21,15,1121,0
rnnoise_INT8,512_Low,9,1,32,Add,1015,0,1014,0,0,16,3
rnnoise_INT8,512_Low,10,2,35 40,Mul Sub,2015,0,2014,3,0,31,3
rnnoise_INT8,512_Low,11,3,34 41 42,Add Mul Pack,1015,0,1014,3,3,21,3
rnnoise_INT8,512_Low,12,1,1,FullyConnected,9015,0,9014,3,24,2201,0
rnnoise_INT8,512_Low,13,5,43 44 45,Concat Quantize Quantize,1015,0,1014,15,13,15,0
rnnoise_INT8,512_Low,14,1,47,FullyConnected,9015,0,9014,3,18,2562,0
rnnoise_INT8,512_Low,15,4,49 53 55 56,Add Add Add Mul,1015,0,1014,34,12,36,6
rnnoise_INT8,512_Low,16,2,52 58,Mul Sub,5015,0,5014,6,3,67,6
rnnoise_INT8,512_Low,17,2,51 59,Add Mul,1015,0,1014,6,3,9,0
rnnoise_INT8,512_Low,18,1,60,Pack,1015,0,1014,0,0,53,6
rnnoise_INT8,512_Low,19,1,62,FullyConnected,1030,1,,,,,
vww4_128_128_INT8,256_Low,0,1,1,Conv2D,20055,0,20007,2079,4311,1621,0
vww4_128_128_INT8,256_Low,1,1,2,Conv2D,4015,0,4014,4106,947,28,0
vww4_128_128_INT8,256_Low,2,2,-1 2,Conv2D KERNEL_WAIT,4015,0,4014,577,923,0,0
vww4_128_128_INT8,256_Low,3,1,3,DepthwiseConv2D,19015,0,19014,2167,1156,56,0
vww4_128_128_INT8,256_Low,4,1,3,DepthwiseConv2D,4015,0,4014,536,928,0,0
vww4_128_128_INT8,256_Low,5,1,4,Conv2D,5015,0,5014,2489,4497,34,0
vww4_128_128_INT8,256_Low,6,1,5,Conv2D,8015,0,8014,5091,3943,35,0
vww4_128_128_INT8,256_Low,7,2,-1 6,DepthwiseConv2D KERNEL_WAIT,4015,0,4014,3575,899,31,0
vww4_128_128_INT8,256_Low,8,1,7,Conv2D,4015,0,4014,1483,1170,33,0
vww4_128_128_INT8,256_Low,9,2,-1 8,Conv2D KERNEL_WAIT,4015,0,4014,1410,971,40,0
vww4_128_128_INT8,256_Low,10,1,9,DepthwiseConv2D,4015,0,4014,762,948,4,0
vww4_128_128_INT8,256_Low,11,1,10,Conv2D,5015,0,5014,1023,1273,4,0
vww4_128_128_INT8,256_Low,12,1,11,Pad,3015,0,3014,640,825,102,0
vww4_128_128_INT8,256_Low,13,1,11,Pad,3015,0,3014,464,1126,338,0
vww4_128_128_INT8,256_Low,14,1,12,Add,4015,0,4014,1912,954,50,0
vww4_128_128_INT8,256_Low,15,2,-1 13,Conv2D KERNEL_WAIT,8015,0,8014,2272,2162,122,0
vww4_128_128_INT8,256_Low,16,1,14,DepthwiseConv2D,3015,0,3014,2355,840,255,0
vww4_128_128_INT8,256_Low,17,2,-1 15,Conv2D KERNEL_WAIT,2015,0,2014,725,556,105,0
vww4_128_128_INT8,256_Low,18,1,16,Conv2D,7015,0,7014,2438,1819,339,0
vww4_128_128_INT8,256_Low,19,1,17,DepthwiseConv2D,6015,0,6014,1157,1392,17,0
vww4_128_128_INT8,256_Low,20,1,18,Conv2D,4015,0,4014,2062,746,4,0
vww4_128_128_INT8,256_Low,21,1,19,Pad,2015,0,2014,128,467,72,0
vww4_128_128_INT8,256_Low,22,1,19,Pad,1015,0,1014,288,352,260,0
vww4_128_128_INT8,256_Low,23,1,20,Add,2015,0,2014,1039,564,120,0
vww4_128_128_INT8,256_Low,24,1,21,Conv2D,5015,0,5014,1677,1056,0,0
vww4_128_128_INT8,256_Low,25,1,21,Conv2D,3015,0,3014,1564,827,347,0
vww4_128_128_INT8,256_Low,26,1,22,DepthwiseConv2D,7015,0,7014,1480,1440,17,0
vww4_128_128_INT8,256_Low,27,1,23,Conv2D,3015,0,3014,1513,568,4,0
vww4_128_128_INT8,256_Low,28,1,24,Pad,2015,0,2014,288,607,88,0
vww4_128_128_INT8,256_Low,29,1,24,Pad,1015,0,1014,480,520,298,0
vww4_128_128_INT8,256_Low,30,1,25,Add,2015,0,2014,949,618,274,0
vww4_128_128_INT8,256_Low,31,1,26,Conv2D,6015,0,6014,1856,1344,8,0
vww4_128_128_INT8,256_Low,32,1,26,Conv2D,5015,0,5014,2574,1339,252,0
vww4_128_128_INT8,256_Low,33,2,-1 27,DepthwiseConv2D KERNEL_WAIT,3015,0,3014,1928,1013,477,0
vww4_128_128_INT8,256_Low,34,1,28,Conv2D,2015,0,2014,874,160,157,0
vww4_128_128_INT8,256_Low,35,1,29,Conv2D,5015,0,5014,1047,1664,1681,0
vww4_128_128_INT8,256_Low,36,1,30,DepthwiseConv2D,5015,0,5014,1417,1235,285,0
vww4_128_128_INT8,256_Low,37,1,31,Conv2D,3015,0,3014,1373,351,15,0
vww4_128_128_INT8,256_Low,38,2,32,Pad,1015,0,1014,368,284,28,0
vww4_128_128_INT8,256_Low,39,1,33,Add,1015,0,1014,322,120,176,0
vww4_128_128_INT8,256_Low,40,1,34,Conv2D,6015,0,6014,1088,2112,1919,0
vww4_128_128_INT8,256_Low,41,1,35,DepthwiseConv2D,4015,0,4014,1282,1015,268,0
vww4_128_128_INT8,256_Low,42,1,36,Conv2D,4015,0,4014,1934,361,8,0
vww4_128_128_INT8,256_Low,43,2,37,Pad,1015,0,1014,241,328,48,0
vww4_128_128_INT8,256_Low,44,1,38,Add,1015,0,1014,638,216,14,0
vww4_128_128_INT8,256_Low,45,1,39,Conv2D,6015,0,6014,1091,1943,2048,0
vww4_128_128_INT8,256_Low,46,1,40,DepthwiseConv2D,5015,0,5014,1328,1051,282,0
vww4_128_128_INT8,256_Low,47,1,41,Conv2D,4015,0,4014,1577,531,24,0
vww4_128_128_INT8,256_Low,48,2,42,Pad,1015,0,1014,601,213,32,0
vww4_128_128_INT8,256_Low,49,1,43,Add,1015,0,1014,298,144,250,0
vww4_128_128_INT8,256_Low,50,1,44,Conv2D,3015,0,3014,652,752,742,0
vww4_128_128_INT8,256_Low,51,1,45,DepthwiseConv2D,4015,0,4014,869,720,470,0
vww4_128_128_INT8,256_Low,52,1,46,Conv2D,4015,0,4014,320,320,876,0
vww4_128_128_INT8,256_Low,53,1,47,Conv2D,5015,0,5014,704,792,863,0
vww4_128_128_INT8,256_Low,54,1,48,DepthwiseConv2D,3015,0,3014,329,611,66,0
vww4_128_128_INT8,256_Low,55,2,49 50,Add Conv2D,5015,0,5014,989,320,892,0
vww4_128_128_INT8,256_Low,56,1,51,Conv2D,5015,0,5014,610,912,1214,0
vww4_128_128_INT8,256_Low,57,1,52,DepthwiseConv2D,4015,0,4014,993,1083,593,0
vww4_128_128_INT8,256_Low,58,1,53,Conv2D,3015,0,3014,1142,344,84,0
vww4_128_128_INT8,256_Low,59,1,54,Pad,1015,0,1014,0,161,108,0
vww4_128_128_INT8,256_Low,60,1,54,Pad,1015,0,1014,586,221,8,0
vww4_128_128_INT8,256_Low,61,1,55,Add,1015,0,1014,361,96,0,0
vww4_128_128_INT8,256_Low,62,1,56,Conv2D,9015,0,9014,1152,1276,1966,0
vww4_128_128_INT8,256_Low,63,1,57,DepthwiseConv2D,3015,0,3014,288,160,422,0
vww4_128_128_INT8,256_Low,64,1,58,Conv2D,1015,0,1014,16,76,200,0
vww4_128_128_INT8,256_Low,65,1,59,Conv2D,1015,0,1014,96,80,125,0
vww4_128_128_INT8,256_Low,66,1,60,DepthwiseConv2D,2015,0,2014,112,48,156,0
vww4_128_128_INT8,256_Low,67,2,61 62,Add Conv2D,1015,0,1014,16,68,199,0
vww4_128_128_INT8,256_Low,68,1,63,Conv2D,1015,0,1014,96,80,114,0
vww4_128_128_INT8,256_Low,69,1,64,DepthwiseConv2D,1015,0,1014,112,52,234,0
vww4_128_128_INT8,256_Low,70,4,65 66 67,Add Conv2D Pad,2015,0,2014,96,96,76,0
vww4_128_128_INT8,256_Low,71,1,68,Conv2D,2015,0,2014,96,140,465,0
vww4_128_128_INT8,256_Low,72,1,69,DepthwiseConv2D,1015,0,1014,96,64,247,0
vww4_128_128_INT8,256_Low,73,1,70,Conv2D,1015,0,1014,28,16,14,0
vww4_128_128_INT8,256_Low,74,1,71,Conv2D,2015,0,2014,61,128,464,0
vww4_128_128_INT8,256_Low,75,2,72 73,AvgPool Conv2D,1030,1,,,,,
vww4_128_128_INT8,512_Mid512,0,1,1,Conv2D,21055,0,21007,1537,4144,1981,0
vww4_128_128_INT8,512_Mid512,1,1,2,Conv2D,7015,0,7014,4847,1424,8,0
vww4_128_128_INT8,512_Mid512,2,2,-1 2,Conv2D KERNEL_WAIT,2015,0,2014,621,701,37,0
vww4_128_128_INT8,512_Mid512,3,1,3,DepthwiseConv2D,9015,0,9014,1331,1115,27,0
vww4_128_128_INT8,512_Mid512,4,1,3,DepthwiseConv2D,2015,0,2014,802,981,36,0
vww4_128_128_INT8,512_Mid512,5,1,4,Conv2D,7015,0,7014,2839,4458,28,0
vww4_128_128_INT8,512_Mid512,6,1,5,Conv2D,6015,0,6014,4782,4119,50,0
vww4_128_128_INT8,512_Mid512,7,2,-1 6,DepthwiseConv2D KERNEL_WAIT,4015,0,4014,3600,1020,40,0
vww4_128_128_INT8,512_Mid512,8,1,7,Conv2D,2015,0,2014,1372,1029,35,0
vww4_128_128_INT8,512_Mid512,9,2,-1 8,Conv2D KERNEL_WAIT,2015,0,2014,555,886,50,0
vww4_128_128_INT8,512_Mid512,10,1,9,DepthwiseConv2D,2015,0,2014,854,862,0,0
vww4_128_128_INT8,512_Mid512,11,1,10,Conv2D,3015,0,3014,1279,1234,8,0
vww4_128_128_INT8,512_Mid512,12,1,11,Pad,4015,0,4014,720,904,120,0
vww4_128_128_INT8,512_Mid512,13,1,11,Pad,4015,0,4014,511,1181,256,0
vww4_128_128_INT8,512_Mid512,14,1,12,Add,2015,0,2014,1834,821,0,0
vww4_128_128_INT8,512_Mid512,15,2,-1 13,Conv2D KERNEL_WAIT,5015,0,5014,2080,2220,69,0
vww4_128_128_INT8,512_Mid512,16,1,14,DepthwiseConv2D,3015,0,3014,1841,752,235,0
vww4_128_128_INT8,512_Mid512,17,2,-1 15,Conv2D KERNEL_WAIT,1015,0,1014,0,471,224,0
vww4_128_128_INT8,512_Mid512,18,1,16,Conv2D,5015,0,5014,3056,1772,116,0
vww4_128_128_INT8,512_Mid512,19,1,17,DepthwiseConv2D,3015,0,3014,918,1301,247,0
vww4_128_128_INT8,512_Mid512,20,1,18,Conv2D,3015,0,3014,1499,840,227,0
vww4_128_128_INT8,512_Mid512,21,1,19,Pad,1015,0,1014,0,272,52,0
vww4_128_128_INT8,512_Mid512,22,1,19,Pad,1015,0,1014,124,310,157,0
vww4_128_128_INT8,512_Mid512,23,1,20,Add,2015,0,2014,1259,712,244,0
vww4_128_128_INT8,512_Mid512,24,1,21,Conv2D,2015,0,2014,1521,889,12,0
vww4_128_128_INT8,512_Mid512,25,1,21,Conv2D,2015,0,2014,1639,816,104,0
vww4_128_128_INT8,512_Mid512,26,1,22,DepthwiseConv2D,4015,0,4014,1823,1588,321,0
vww4_128_128_INT8,512_Mid512,27,1,23,Conv2D,2015,0,2014,610,543,148,0
vww4_128_128_INT8,512_Mid512,28,1,24,Pad,1015,0,1014,0,352,40,0
vww4_128_128_INT8,512_Mid512,29,1,24,Pad,2015,0,2014,592,691,360,0
vww4_128_128_INT8,512_Mid512,30,1,25,Add,1015,0,1014,525,496,256,0
vww4_128_128_INT8,512_Mid512,31,1,26,Conv2D,2015,0,2014,1642,801,5,0
vww4_128_128_INT8,512_Mid512,32,1,26,Conv2D,4015,0,4014,2569,1822,133,0
vww4_128_128_INT8,512_Mid512,33,1,27,DepthwiseConv2D,4015,0,4014,2101,624,602,0
vww4_128_128_INT8,512_Mid512,34,1,28,Conv2D,1015,0,1014,192,136,9,0
vww4_128_128_INT8,512_Mid512,35,1,29,Conv2D,8015,0,8014,1088,1280,1267,0
vww4_128_128_INT8,512_Mid512,36,1,30,DepthwiseConv2D,6015,0,6014,1088,997,900,0
vww4_128_128_INT8,512_Mid512,37,1,31,Conv2D,1015,0,1014,192,367,11,0
vww4_128_128_INT8,512_Mid512,38,1,32,Pad,1015,0,1014,0,20,0,0
vww4_128_128_INT8,512_Mid512,39,1,32,Pad,1015,0,1014,506,224,36,0
vww4_128_128_INT8,512_Mid512,40,1,33,Add,1015,0,1014,192,92,260,0
vww4_128_128_INT8,512_Mid512,41,1,34,Conv2D,6015,0,6014,986,1024,981,0
vww4_128_128_INT8,512_Mid512,42,1,35,DepthwiseConv2D,8015,0,8014,1370,1216,1162,0
vww4_128_128_INT8,512_Mid512,43,1,36,Conv2D,1015,0,1014,0,403,13,0
vww4_128_128_INT8,512_Mid512,44,2,37,Pad,1015,0,1014,319,210,46,0
vww4_128_128_INT8,512_Mid512,45,1,38,Add,1015,0,1014,578,160,4,0
vww4_128_128_INT8,512_Mid512,46,1,39,Conv2D,8015,0,8014,1088,1251,1404,0
vww4_128_128_INT8,512_Mid512,47,1,40,DepthwiseConv2D,6015,0,6014,1088,973,948,0
vww4_128_128_INT8,512_Mid512,48,1,41,Conv2D,1015,0,1014,192,335,8,0
vww4_128_128_INT8,512_Mid512,49,1,42,Pad,1015,0,1014,0,192,48,0
vww4_128_128_INT8,512_Mid512,50,2,42 43,Add Pad,2015,0,2014,912,320,278,0
vww4_128_128_INT8,512_Mid512,51,1,44,Conv2D,4015,0,4014,555,704,711,0
vww4_128_128_INT8,512_Mid512,52,1,45,DepthwiseConv2D,5015,0,5014,781,768,902,0
vww4_128_128_INT8,512_Mid512,53,1,46,Conv2D,2015,0,2014,490,320,301,0
vww4_128_128_INT8,512_Mid512,54,1,47,Conv2D,5015,0,5014,704,896,1046,0
vww4_128_128_INT8,512_Mid512,55,1,48,DepthwiseConv2D,4015,0,4014,553,512,162,0
vww4_128_128_INT8,512_Mid512,56,2,49 50,Add Conv2D,4015,0,4014,776,320,1038,0
vww4_128_128_INT8,512_Mid512,57,1,51,Conv2D,5015,0,5014,704,896,914,0
vww4_128_128_INT8,512_Mid512,58,1,52,DepthwiseConv2D,3015,0,3014,704,512,637,0
vww4_128_128_INT8,512_Mid512,59,2,53 54,Conv2D Pad,2015,0,2014,192,384,42,0
vww4_128_128_INT8,512_Mid512,60,2,54 55,Add Pad,2015,0,2014,654,448,194,0
vww4_128_128_INT8,512_Mid512,61,1,56,Conv2D,9015,0,9014,1443,1200,1932,0
vww4_128_128_INT8,512_Mid512,62,1,57,DepthwiseConv2D,6015,0,6014,288,256,462,0
vww4_128_128_INT8,512_Mid512,63,1,58,Conv2D,15,0,14,0,0,4,0
vww4_128_128_INT8,512_Mid512,64,1,59,Conv2D,3015,0,3014,16,96,214,0
vww4_128_128_INT8,512_Mid512,65,1,60,DepthwiseConv2D,3015,0,3014,208,96,150,0
vww4_128_128_INT8,512_Mid512,66,2,61 62,Add Conv2D,1015,0,1014,16,16,133,0
vww4_128_128_INT8,512_Mid512,67,1,63,Conv2D,2015,0,2014,96,96,214,0
vww4_128_128_INT8,512_Mid512,68,1,64,DepthwiseConv2D,3015,0,3014,112,96,347,0
vww4_128_128_INT8,512_Mid512,69,2,65 66,Conv2D Pad,1015,0,1014,0,48,25,0
vww4_128_128_INT8,512_Mid512,70,2,66 67,Add Pad,1015,0,1014,96,48,36,0
vww4_128_128_INT8,512_Mid512,71,1,68,Conv2D,3015,0,3014,96,96,355,0
vww4_128_128_INT8,512_Mid512,72,1,69,DepthwiseConv2D,2015,0,2014,96,96,291,0
vww4_128_128_INT8,512_Mid512,73,1,70,Conv2D,1015,0,1014,32,32,78,0
vww4_128_128_INT8,512_Mid512,74,2,71 72,AvgPool Conv2D,4015,0,4014,136,136,464,0
vww4_128_128_INT8,512_Mid512,75,1,73,Conv2D,1030,1,,,,,
vww4_128_128_INT8,512_Low,0,1,1,Conv2D,21055,0,21007,1516,4144,1981,0
vww4_128_128_INT8,512_Low,1,1,2,Conv2D,7015,0,7014,4865,1408,8,0
vww4_128_128_INT8,512_Low,2,2,-1 2,Conv2D KERNEL_WAIT,2015,0,2014,634,712,37,0
vww4_128_128_INT8,512_Low,3,1,3,DepthwiseConv2D,9015,0,9014,1313,1099,27,0
vww4_128_128_INT8,512_Low,4,1,3,DepthwiseConv2D,2015,0,2014,786,989,36,0
vww4_128_128_INT8,512_Low,5,1,4,Conv2D,7015,0,7014,2845,4436,28,0
vww4_128_128_INT8,512_Low,6,1,5,Conv2D,6015,0,6014,4797,4132,37,0
vww4_128_128_INT8,512_Low,7,2,-1 6,DepthwiseConv2D KERNEL_WAIT,4015,0,4014,3589,1044,44,0
vww4_128_128_INT8,512_Low,8,1,7,Conv2D,2015,0,2014,1399,1030,35,0
vww4_128_128_INT8,512_Low,9,2,-1 8,Conv2D KERNEL_WAIT,2015,0,2014,531,886,50,0
vww4_128_128_INT8,512_Low,10,1,9,DepthwiseConv2D,2015,0,2014,860,878,0,0
vww4_128_128_INT8,512_Low,11,1,10,Conv2D,3015,0,3014,1306,1232,8,0
vww4_128_128_INT8,512_Low,12,1,11,Pad,4015,0,4014,720,907,120,0
vww4_128_128_INT8,512_Low,13,1,11,Pad,4015,0,4014,488,1177,256,0
vww4_128_128_INT8,512_Low,14,1,12,Add,2015,0,2014,1825,832,0,0
vww4_128_128_INT8,512_Low,15,2,-1 13,Conv2D KERNEL_WAIT,5015,0,5014,2072,2221,69,0
vww4_128_128_INT8,512_Low,16,1,14,DepthwiseConv2D,3015,0,3014,1862,752,235,0
vww4_128_128_INT8,512_Low,17,2,-1 15,Conv2D KERNEL_WAIT,1015,0,1014,0,480,224,0
vww4_128_128_INT8,512_Low,18,1,16,Conv2D,5015,0,5014,3039,1980,335,0
vww4_128_128_INT8,512_Low,19,1,17,DepthwiseConv2D,3015,0,3014,1117,1312,28,0
vww4_128_128_INT8,512_Low,20,1,18,Conv2D,3015,0,3014,1751,880,12,0
vww4_128_128_INT8,512_Low,21,1,19,Pad,1015,0,1014,0,233,48,0
vww4_128_128_INT8,512_Low,22,1,19,Pad,1015,0,1014,124,310,161,0
vww4_128_128_INT8,512_Low,23,1,20,Add,2015,0,2014,1259,712,240,0
vww4_128_128_INT8,512_Low,24,1,21,Conv2D,2015,0,2014,1521,889,12,0
vww4_128_128_INT8,512_Low,25,1,21,Conv2D,2015,0,2014,1639,1036,328,0
vww4_128_128_INT8,512_Low,26,1,22,DepthwiseConv2D,4015,0,4014,2029,1588,32,0
vww4_128_128_INT8,512_Low,27,1,23,Conv2D,2015,0,2014,848,595,8,0
vww4_128_128_INT8,512_Low,28,1,24,Pad,1015,0,1014,0,302,40,0
vww4_128_128_INT8,512_Low,29,1,24,Pad,2015,0,2014,592,691,360,0
vww4_128_128_INT8,512_Low,30,1,25,Add,1015,0,1014,525,496,256,0
vww4_128_128_INT8,512_Low,31,1,26,Conv2D,2015,0,2014,1642,801,5,0
vww4_128_128_INT8,512_Low,32,1,26,Conv2D,4015,0,4014,2569,1822,133,0
vww4_128_128_INT8,512_Low,33,1,27,DepthwiseConv2D,4015,0,4014,2101,624,604,0
vww4_128_128_INT8,512_Low,34,1,28,Conv2D,1015,0,1014,192,136,9,0
vww4_128_128_INT8,512_Low,35,1,29,Conv2D,8015,0,8014,1088,1280,1267,0
vww4_128_128_INT8,512_Low,36,1,30,DepthwiseConv2D,6015,0,6014,1088,997,900,0
vww4_128_128_INT8,512_Low,37,1,31,Conv2D,1015,0,1014,192,367,11,0
vww4_128_128_INT8,512_Low,38,1,32,Pad,1015,0,1014,0,20,0,0
vww4_128_128_INT8,512_Low,39,1,32,Pad,1015,0,1014,506,224,32,0
vww4_128_128_INT8,512_Low,40,1,33,Add,1015,0,1014,192,92,264,0
vww4_128_128_INT8,512_Low,41,1,34,Conv2D,6015,0,6014,986,1024,981,0
vww4_128_128_INT8,512_Low,42,1,35,DepthwiseConv2D,8015,0,8014,1370,1216,1158,0
vww4_128_128_INT8,512_Low,43,1,36,Conv2D,1015,0,1014,0,403,13,0
vww4_128_128_INT8,512_Low,44,2,37,Pad,1015,0,1014,319,210,48,0
vww4_128_128_INT8,512_Low,45,1,38,Add,1015,0,1014,578,160,4,0
vww4_128_128_INT8,512_Low,46,1,39,Conv2D,8015,0,8014,1088,1251,1404,0
vww4_128_128_INT8,512_Low,47,1,40,DepthwiseConv2D,6015,0,6014,1088,973,948,0
vww4_128_128_INT8,512_Low,48,1,41,Conv2D,1015,0,1014,192,335,8,0
vww4_128_128_INT8,512_Low,49,1,42,Pad,1015,0,1014,0,192,48,0
vww4_128_128_INT8,512_Low,50,2,42 43,Add Pad,2015,0,2014,912,320,278,0
vww4_128_128_INT8,512_Low,51,1,44,Conv2D,4015,0,4014,555,704,711,0
vww4_128_128_INT8,512_Low,52,1,45,DepthwiseConv2D,5015,0,5014,781,768,902,0
vww4_128_128_INT8,512_Low,53,1,46,Conv2D,2015,0,2014,490,320,301,0
vww4_128_128_INT8,512_Low,54,1,47,Conv2D,5015,0,5014,704,896,1046,0
vww4_128_128_INT8,512_Low,55,1,48,DepthwiseConv2D,4015,0,4014,553,512,162,0
vww4_128_128_INT8,512_Low,56,2,49 50,Add Conv2D,4015,0,4014,776,320,1038,0
vww4_128_128_INT8,512_Low,57,1,51,Conv2D,5015,0,5014,704,896,914,0
vww4_128_128_INT8,512_Low,58,1,52,DepthwiseConv2D,3015,0,3014,704,512,637,0
vww4_128_128_INT8,512_Low,59,2,53 54,Conv2D Pad,2015,0,2014,192,384,42,0
vww4_128_128_INT8,512_Low,60,2,54 55,Add Pad,2015,0,2014,654,448,190,0
vww4_128_128_INT8,512_Low,61,1,56,Conv2D,9015,0,9014,1443,1200,1936,0
vww4_128_128_INT8,512_Low,62,1,57,DepthwiseConv2D,6015,0,6014,288,256,461,0
vww4_128_128_INT8,512_Low,63,1,58,Conv2D,15,0,14,0,0,4,0
vww4_128_128_INT8,512_Low,64,1,59,Conv2D,3015,0,3014,16,96,214,0
vww4_128_128_INT8,512_Low,65,1,60,DepthwiseConv2D,3015,0,3014,208,96,150,0
vww4_128_128_INT8,512_Low,66,2,61 62,Add Conv2D,1015,0,1014,16,16,133,0
vww4_128_128_INT8,512_Low,67,1,63,Conv2D,2015,0,2014,96,96,214,0
vww4_128_128_INT8,512_Low,68,1,64,DepthwiseConv2D,3015,0,3014,112,96,347,0
vww4_128_128_INT8,512_Low,69,2,65 66,Conv2D Pad,1015,0,1014,0,48,25,0
vww4_128_128_INT8,512_Low,70,2,66 67,Add Pad,1015,0,1014,96,48,36,0
vww4_128_128_INT8,512_Low,71,1,68,Conv2D,3015,0,3014,96,96,355,0
vww4_128_128_INT8,512_Low,72,1,69,DepthwiseConv2D,2015,0,2014,96,96,291,0
vww4_128_128_INT8,512_Low,73,1,70,Conv2D,1015,0,1014,32,32,77,0
vww4_128_128_INT8,512_Low,74,2,71 72,AvgPool Conv2D,4015,0,4014,136,136,464,0
vww4_128_128_INT8,512_Low,75,1,73,Conv2D,1030,1,,,,,
yolo-fastest_192_face_v4,256_Low,0,1,2,Conv2D,44061,0,44007,2867,9515,3495,0
yolo-fastest_192_face_v4,256_Low,1,1,3,Conv2D,18015,0,18014,10944,9010,4,0
yolo-fastest_192_face_v4,256_Low,2,2,-1 4,DepthwiseConv2D KERNEL_WAIT,41015,0,41014,11303,9195,27,0
yolo-fastest_192_face_v4,256_Low,3,2,-1 5,Conv2D KERNEL_WAIT,10015,0,10014,10438,2752,57,0
yolo-fastest_192_face_v4,256_Low,4,1,6,Conv2D,18015,0,18014,4606,8991,27,0
yolo-fastest_192_face_v4,256_Low,5,1,7,DepthwiseConv2D,41015,0,41014,11503,9125,4,0
yolo-fastest_192_face_v4,256_Low,6,1,8,Conv2D,9015,0,9014,9788,2216,12,0
yolo-fastest_192_face_v4,256_Low,7,2,-1 9,Add KERNEL_WAIT,10015,0,10014,4655,2499,93,0
yolo-fastest_192_face_v4,256_Low,8,2,-1 10,Conv2D KERNEL_WAIT,56015,0,56014,8390,18319,34,0
yolo-fastest_192_face_v4,256_Low,9,1,12,DepthwiseConv2D,21015,0,21014,19688,5023,63,0
yolo-fastest_192_face_v4,256_Low,10,2,-1 13,Conv2D KERNEL_WAIT,5015,0,5014,4070,2136,50,0
yolo-fastest_192_face_v4,256_Low,11,1,14,Conv2D,19015,0,19014,4985,4521,39,0
yolo-fastest_192_face_v4,256_Low,12,1,15,DepthwiseConv2D,20015,0,20014,5018,4623,71,0
yolo-fastest_192_face_v4,256_Low,13,2,16 17,Add Conv2D,11015,0,11014,7297,2490,58,0
yolo-fastest_192_face_v4,256_Low,14,2,-1 18,Conv2D KERNEL_WAIT,19015,0,19014,4981,4531,39,0
yolo-fastest_192_face_v4,256_Low,15,1,19,DepthwiseConv2D,20015,0,20014,5045,4576,24,0
yolo-fastest_192_face_v4,256_Low,16,3,-1 20 21,Add Conv2D KERNEL_WAIT,11015,0,11014,7281,2537,108,0
yolo-fastest_192_face_v4,256_Low,17,2,-1 22,Conv2D KERNEL_WAIT,19015,0,19014,5803,4542,40,0
yolo-fastest_192_face_v4,256_Low,18,1,24,DepthwiseConv2D,5015,0,5014,3872,1373,82,0
yolo-fastest_192_face_v4,256_Low,19,1,25,Conv2D,1015,0,1014,472,432,77,0
yolo-fastest_192_face_v4,256_Low,20,2,-1 26,Conv2D KERNEL_WAIT,7015,0,7014,1737,1748,38,0
yolo-fastest_192_face_v4,256_Low,21,1,27,DepthwiseConv2D,8015,0,8014,2411,1796,107,0
yolo-fastest_192_face_v4,256_Low,22,3,-1 28 29,Add Conv2D KERNEL_WAIT,3015,0,3014,2216,733,69,0
yolo-fastest_192_face_v4,256_Low,23,2,-1 30,Conv2D KERNEL_WAIT,7015,0,7014,1995,1731,55,0
yolo-fastest_192_face_v4,256_Low,24,1,31,DepthwiseConv2D,8015,0,8014,2475,1789,90,0
yolo-fastest_192_face_v4,256_Low,25,2,32 33,Add Conv2D,3015,0,3014,2009,731,71,0
yolo-fastest_192_face_v4,256_Low,26,2,-1 34,Conv2D KERNEL_WAIT,7015,0,7014,2159,1750,73,0
yolo-fastest_192_face_v4,256_Low,27,1,35,DepthwiseConv2D,7015,0,7014,2045,1552,0,0
yolo-fastest_192_face_v4,256_Low,28,2,-1 36,Conv2D KERNEL_WAIT,3015,0,3014,1657,1030,346,0
yolo-fastest_192_face_v4,256_Low,29,1,37,Conv2D,14015,0,14014,3286,3471,119,0
yolo-fastest_192_face_v4,256_Low,30,1,38,DepthwiseConv2D,15015,0,15014,3844,3519,160,0
yolo-fastest_192_face_v4,256_Low,31,3,-1 39 40,Add Conv2D KERNEL_WAIT,6015,0,6014,4384,863,179,0
yolo-fastest_192_face_v4,256_Low,32,2,-1 41,Conv2D KERNEL_WAIT,15015,0,15014,3509,3741,162,0
yolo-fastest_192_face_v4,256_Low,33,1,42,DepthwiseConv2D,14015,0,14014,3567,3420,224,0
yolo-fastest_192_face_v4,256_Low,34,2,43 44,Add Conv2D,6015,0,6014,4390,640,4,0
yolo-fastest_192_face_v4,256_Low,35,2,-1 45,Conv2D KERNEL_WAIT,15015,0,15014,3623,3831,263,0
yolo-fastest_192_face_v4,256_Low,36,1,46,DepthwiseConv2D,14015,0,14014,3429,3286,92,0
yolo-fastest_192_face_v4,256_Low,37,3,-1 47 48,Add Conv2D KERNEL_WAIT,6015,0,6014,4519,765,125,0
yolo-fastest_192_face_v4,256_Low,38,2,-1 49,Conv2D KERNEL_WAIT,15015,0,15014,3631,3830,267,0
yolo-fastest_192_face_v4,256_Low,39,1,50,DepthwiseConv2D,14015,0,14014,3321,3276,8,0
yolo-fastest_192_face_v4,256_Low,40,3,-1 51 52,Add Conv2D KERNEL_WAIT,6015,0,6014,4581,792,220,0
yolo-fastest_192_face_v4,256_Low,41,1,53,Conv2D,15015,0,15014,3879,3676,220,0
yolo-fastest_192_face_v4,256_Low,42,2,-1 55,DepthwiseConv2D KERNEL_WAIT,3015,0,3014,2457,808,101,0
yolo-fastest_192_face_v4,256_Low,43,2,-1 56,Conv2D KERNEL_WAIT,2015,0,2014,954,770,418,0
yolo-fastest_192_face_v4,256_Low,44,1,57,Conv2D,5015,0,5014,1169,1172,8,0
yolo-fastest_192_face_v4,256_Low,45,1,57,Conv2D,1015,0,1014,428,192,260,0
yolo-fastest_192_face_v4,256_Low,46,1,58,DepthwiseConv2D,6015,0,6014,1193,1480,305,0
yolo-fastest_192_face_v4,256_Low,47,3,-1 59 60,Add Conv2D KERNEL_WAIT,3015,0,3014,1983,614,317,0
yolo-fastest_192_face_v4,256_Low,48,1,61,Conv2D,6015,0,6014,1423,1460,259,0
yolo-fastest_192_face_v4,256_Low,49,1,62,DepthwiseConv2D,6015,0,6014,1159,1791,611,0
yolo-fastest_192_face_v4,256_Low,50,2,63 64,Add Conv2D,3015,0,3014,2020,288,4,0
yolo-fastest_192_face_v4,256_Low,51,1,65,Conv2D,6015,0,6014,1444,1408,226,0
yolo-fastest_192_face_v4,256_Low,52,1,66,DepthwiseConv2D,6015,0,6014,1139,1838,655,0
yolo-fastest_192_face_v4,256_Low,53,2,67 68,Add Conv2D,3015,0,3014,2038,288,0,0
yolo-fastest_192_face_v4,256_Low,54,1,69,Conv2D,6015,0,6014,1442,1376,220,0
yolo-fastest_192_face_v4,256_Low,55,1,70,DepthwiseConv2D,6015,0,6014,1135,1468,254,0
yolo-fastest_192_face_v4,256_Low,56,2,71 72,Add Conv2D,3015,0,3014,2094,296,0,0
yolo-fastest_192_face_v4,256_Low,57,2,-1 108,Concat KERNEL_WAIT,1015,0,1014,155,524,267,0
yolo-fastest_192_face_v4,256_Low,58,2,73,Conv2D,7015,0,7014,2201,1516,311,0
yolo-fastest_192_face_v4,256_Low,59,1,75,DepthwiseConv2D,2015,0,2014,796,262,197,0
yolo-fastest_192_face_v4,256_Low,60,1,76,Conv2D,2015,0,2014,108,138,532,0
yolo-fastest_192_face_v4,256_Low,61,1,77,Conv2D,3015,0,3014,504,506,788,0
yolo-fastest_192_face_v4,256_Low,62,1,78,DepthwiseConv2D,3015,0,3014,612,468,491,0
yolo-fastest_192_face_v4,256_Low,63,2,79 80,Add Conv2D,3015,0,3014,108,108,513,0
yolo-fastest_192_face_v4,256_Low,64,1,81,Conv2D,3015,0,3014,504,606,1137,0
yolo-fastest_192_face_v4,256_Low,65,1,82,DepthwiseConv2D,3015,0,3014,383,396,206,0
yolo-fastest_192_face_v4,256_Low,66,2,83 84,Add Conv2D,3015,0,3014,322,108,697,0
yolo-fastest_192_face_v4,256_Low,67,1,85,Conv2D,3015,0,3014,504,600,1071,0
yolo-fastest_192_face_v4,256_Low,68,1,86,DepthwiseConv2D,3015,0,3014,365,404,196,0
yolo-fastest_192_face_v4,256_Low,69,2,87 88,Add Conv2D,3015,0,3014,340,132,789,0
yolo-fastest_192_face_v4,256_Low,70,1,89,Conv2D,4015,0,4014,504,671,1017,0
yolo-fastest_192_face_v4,256_Low,71,1,90,DepthwiseConv2D,3015,0,3014,612,312,337,0
yolo-fastest_192_face_v4,256_Low,72,2,91 92,Add Conv2D,3015,0,3014,108,216,752,0
yolo-fastest_192_face_v4,256_Low,73,1,93,Conv2D,3015,0,3014,504,450,853,0
yolo-fastest_192_face_v4,256_Low,74,1,94,DepthwiseConv2D,3015,0,3014,95,450,118,0
yolo-fastest_192_face_v4,256_Low,75,2,95 96,Add Conv2D,3015,0,3014,703,168,754,0
yolo-fastest_192_face_v4,256_Low,76,2,97 100,Concat MaxPool,1015,0,1014,216,216,4,0
yolo-fastest_192_face_v4,256_Low,77,1,100,Concat,1015,0,1014,0,128,8,0
yolo-fastest_192_face_v4,256_Low,78,2,98 100,Concat MaxPool,1015,0,1014,252,132,8,0
yolo-fastest_192_face_v4,256_Low,79,2,99 100,Concat MaxPool,5015,0,5014,108,216,12,0
yolo-fastest_192_face_v4,256_Low,80,1,101,Conv2D,4015,0,4014,436,228,1134,0
yolo-fastest_192_face_v4,256_Low,81,1,107,ResizeNearestNeighbor,4015,0,4014,1411,972,4,0
yolo-fastest_192_face_v4,256_Low,82,1,108,Concat,4015,0,4014,1004,1391,902,0
yolo-fastest_192_face_v4,256_Low,83,1,109,DepthwiseConv2D,14015,0,14014,969,1513,426,0
yolo-fastest_192_face_v4,256_Low,84,1,110,Conv2D,9015,0,9014,5185,1159,209,0
yolo-fastest_192_face_v4,256_Low,85,2,-1 111,DepthwiseConv2D KERNEL_WAIT,15015,0,15014,1486,2415,1298,0
yolo-fastest_192_face_v4,256_Low,86,1,112,Conv2D,8015,0,8014,5061,1092,4,0
yolo-fastest_192_face_v4,256_Low,87,1,113,Conv2D,4015,0,4014,1373,180,261,414
yolo-fastest_192_face_v4,256_Low,88,1,102,DepthwiseConv2D,1015,0,1014,72,36,133,0
yolo-fastest_192_face_v4,256_Low,89,1,103,Conv2D,2015,0,2014,163,216,543,0
yolo-fastest_192_face_v4,256_Low,90,1,104,DepthwiseConv2D,3015,0,3014,226,216,232,0
yolo-fastest_192_face_v4,256_Low,91,1,105,Conv2D,3015,0,3014,229,216,877,43
yolo-fastest_192_face_v4,256_Low,92,1,106,Conv2D,1030,1,,,,,
yolo-fastest_192_face_v4,512_Mid512,0,1,2,Conv2D,45061,0,45007,2577,9299,4350,0
yolo-fastest_192_face_v4,512_Mid512,1,1,3,Conv2D,14015,0,14014,11389,9587,4,0
yolo-fastest_192_face_v4,512_Mid512,2,2,-1 4,DepthwiseConv2D KERNEL_WAIT,20015,0,20014,10535,8868,37,0
yolo-fastest_192_face_v4,512_Mid512,3,2,-1 5,Conv2D KERNEL_WAIT,14015,0,14014,9505,2643,36,0
yolo-fastest_192_face_v4,512_Mid512,4,2,-1 6,Conv2D KERNEL_WAIT,13015,0,13014,4028,9018,57,0
yolo-fastest_192_face_v4,512_Mid512,5,1,7,DepthwiseConv2D,21015,0,21014,11291,9206,24,0
yolo-fastest_192_face_v4,512_Mid512,6,1,8,Conv2D,13015,0,13014,8742,2324,39,0
yolo-fastest_192_face_v4,512_Mid512,7,1,9,Add,5015,0,5014,4555,2368,57,0
yolo-fastest_192_face_v4,512_Mid512,8,1,10,Conv2D,32015,0,32014,6291,18496,38,0
yolo-fastest_192_face_v4,512_Mid512,9,1,12,DepthwiseConv2D,20015,0,20014,18966,4436,12,0
yolo-fastest_192_face_v4,512_Mid512,10,2,-1 13,Conv2D KERNEL_WAIT,7015,0,7014,5473,2882,114,0
yolo-fastest_192_face_v4,512_Mid512,11,1,14,Conv2D,9015,0,9014,4182,4554,58,0
yolo-fastest_192_face_v4,512_Mid512,12,1,15,DepthwiseConv2D,9015,0,9014,3832,4267,64,0
yolo-fastest_192_face_v4,512_Mid512,13,2,16 17,Add Conv2D,9015,0,9014,7776,2498,12,0
yolo-fastest_192_face_v4,512_Mid512,14,2,-1 18,Conv2D KERNEL_WAIT,9015,0,9014,4092,4596,102,0
yolo-fastest_192_face_v4,512_Mid512,15,1,19,DepthwiseConv2D,10015,0,10014,4541,4596,84,0
yolo-fastest_192_face_v4,512_Mid512,16,3,-1 20 21,Add Conv2D KERNEL_WAIT,9015,0,9014,7544,2732,59,0
yolo-fastest_192_face_v4,512_Mid512,17,2,-1 22,Conv2D KERNEL_WAIT,9015,0,9014,4787,4548,52,0
yolo-fastest_192_face_v4,512_Mid512,18,1,24,DepthwiseConv2D,3015,0,3014,2853,871,76,0
yolo-fastest_192_face_v4,512_Mid512,19,1,25,Conv2D,2015,0,2014,1322,1002,82,0
yolo-fastest_192_face_v4,512_Mid512,20,2,-1 26,Conv2D KERNEL_WAIT,3015,0,3014,1191,1549,47,0
yolo-fastest_192_face_v4,512_Mid512,21,1,27,DepthwiseConv2D,4015,0,4014,1925,1717,106,0
yolo-fastest_192_face_v4,512_Mid512,22,3,-1 28 29,Add Conv2D KERNEL_WAIT,3015,0,3014,2401,1023,79,0
yolo-fastest_192_face_v4,512_Mid512,23,2,-1 30,Conv2D KERNEL_WAIT,3015,0,3014,1164,1548,44,0
yolo-fastest_192_face_v4,512_Mid512,24,1,31,DepthwiseConv2D,3015,0,3014,924,1553,94,0
yolo-fastest_192_face_v4,512_Mid512,25,2,32 33,Add Conv2D,3015,0,3014,2905,634,12,0
yolo-fastest_192_face_v4,512_Mid512,26,2,-1 34,Conv2D KERNEL_WAIT,4015,0,4014,1672,2136,151,0
yolo-fastest_192_face_v4,512_Mid512,27,1,35,DepthwiseConv2D,3015,0,3014,986,1579,209,0
yolo-fastest_192_face_v4,512_Mid512,28,1,36,Conv2D,3015,0,3014,2587,1046,132,0
yolo-fastest_192_face_v4,512_Mid512,29,1,37,Conv2D,7015,0,7014,2631,3635,143,0
yolo-fastest_192_face_v4,512_Mid512,30,1,38,DepthwiseConv2D,7015,0,7014,3070,3246,216,0
yolo-fastest_192_face_v4,512_Mid512,31,2,39 40,Add Conv2D,6015,0,6014,5254,879,12,0
yolo-fastest_192_face_v4,512_Mid512,32,2,-1 41,Conv2D KERNEL_WAIT,7015,0,7014,2536,3759,269,0
yolo-fastest_192_face_v4,512_Mid512,33,1,42,DepthwiseConv2D,7015,0,7014,3056,3084,8,0
yolo-fastest_192_face_v4,512_Mid512,34,3,-1 43 44,Add Conv2D KERNEL_WAIT,6015,0,6014,5343,1125,221,0
yolo-fastest_192_face_v4,512_Mid512,35,2,-1 45,Conv2D KERNEL_WAIT,7015,0,7014,2613,3762,270,0
yolo-fastest_192_face_v4,512_Mid512,36,1,46,DepthwiseConv2D,7015,0,7014,3067,3249,217,0
yolo-fastest_192_face_v4,512_Mid512,37,2,47 48,Add Conv2D,6015,0,6014,5265,864,12,0
yolo-fastest_192_face_v4,512_Mid512,38,2,-1 49,Conv2D KERNEL_WAIT,7015,0,7014,2502,3759,270,0
yolo-fastest_192_face_v4,512_Mid512,39,1,50,DepthwiseConv2D,7015,0,7014,3040,3302,216,0
yolo-fastest_192_face_v4,512_Mid512,40,2,51 52,Add Conv2D,6015,0,6014,5339,810,12,0
yolo-fastest_192_face_v4,512_Mid512,41,1,53,Conv2D,7015,0,7014,2465,3549,291,0
yolo-fastest_192_face_v4,512_Mid512,42,1,55,DepthwiseConv2D,3015,0,3014,2996,720,47,0
yolo-fastest_192_face_v4,512_Mid512,43,1,56,Conv2D,2015,0,2014,972,312,257,0
yolo-fastest_192_face_v4,512_Mid512,44,1,57,Conv2D,7015,0,7014,1344,1495,707,0
yolo-fastest_192_face_v4,512_Mid512,45,1,58,DepthwiseConv2D,4015,0,4014,819,1055,347,0
yolo-fastest_192_face_v4,512_Mid512,46,2,59 60,Add Conv2D,3015,0,3014,991,288,275,0
yolo-fastest_192_face_v4,512_Mid512,47,1,61,Conv2D,7015,0,7014,1066,1312,938,0
yolo-fastest_192_face_v4,512_Mid512,48,1,62,DepthwiseConv2D,4015,0,4014,635,1272,86,0
yolo-fastest_192_face_v4,512_Mid512,49,2,63 64,Add Conv2D,3015,0,3014,1436,288,548,0
yolo-fastest_192_face_v4,512_Mid512,50,1,65,Conv2D,7015,0,7014,1236,1397,948,0
yolo-fastest_192_face_v4,512_Mid512,51,1,66,DepthwiseConv2D,4015,0,4014,624,1184,161,0
yolo-fastest_192_face_v4,512_Mid512,52,2,67 68,Add Conv2D,3015,0,3014,1272,288,445,0
yolo-fastest_192_face_v4,512_Mid512,53,1,69,Conv2D,8015,0,8014,1312,1450,955,0
yolo-fastest_192_face_v4,512_Mid512,54,1,70,DepthwiseConv2D,4015,0,4014,653,1137,254,0
yolo-fastest_192_face_v4,512_Mid512,55,3,71 72 108,Add Concat Conv2D,3015,0,3014,1471,576,344,0
yolo-fastest_192_face_v4,512_Mid512,56,1,73,Conv2D,8015,0,8014,1344,1368,975,0
yolo-fastest_192_face_v4,512_Mid512,57,1,75,DepthwiseConv2D,3015,0,3014,324,252,516,0
yolo-fastest_192_face_v4,512_Mid512,58,1,76,Conv2D,1015,0,1014,108,108,35,0
yolo-fastest_192_face_v4,512_Mid512,59,1,77,Conv2D,6015,0,6014,504,540,1105,0
yolo-fastest_192_face_v4,512_Mid512,60,1,78,DepthwiseConv2D,5015,0,5014,325,468,128,0
yolo-fastest_192_face_v4,512_Mid512,61,2,79 80,Add Conv2D,3015,0,3014,275,108,769,0
yolo-fastest_192_face_v4,512_Mid512,62,1,81,Conv2D,6015,0,6014,496,504,928,0
yolo-fastest_192_face_v4,512_Mid512,63,1,82,DepthwiseConv2D,6015,0,6014,713,504,582,0
yolo-fastest_192_face_v4,512_Mid512,64,2,83 84,Add Conv2D,2015,0,2014,108,108,500,0
yolo-fastest_192_face_v4,512_Mid512,65,1,85,Conv2D,6015,0,6014,497,504,971,0
yolo-fastest_192_face_v4,512_Mid512,66,1,86,DepthwiseConv2D,5015,0,5014,21,504,278,0
yolo-fastest_192_face_v4,512_Mid512,67,2,87 88,Add Conv2D,3015,0,3014,678,114,972,0
yolo-fastest_192_face_v4,512_Mid512,68,1,89,Conv2D,5015,0,5014,3,492,713,0
yolo-fastest_192_face_v4,512_Mid512,69,1,90,DepthwiseConv2D,7015,0,7014,1098,504,488,0
yolo-fastest_192_face_v4,512_Mid512,70,2,91 92,Add Conv2D,2015,0,2014,108,108,590,0
yolo-fastest_192_face_v4,512_Mid512,71,1,93,Conv2D,6015,0,6014,504,521,1097,0
yolo-fastest_192_face_v4,512_Mid512,72,1,94,DepthwiseConv2D,5015,0,5014,184,480,130,0
yolo-fastest_192_face_v4,512_Mid512,73,2,95 96,Add Conv2D,3015,0,3014,506,110,751,0
yolo-fastest_192_face_v4,512_Mid512,74,3,97 100,Concat MaxPool,1015,0,1014,335,346,12,0
yolo-fastest_192_face_v4,512_Mid512,75,2,98 100,Concat MaxPool,1015,0,1014,252,180,4,0
yolo-fastest_192_face_v4,512_Mid512,76,2,99 100,Concat MaxPool,3015,0,3014,433,216,20,0
yolo-fastest_192_face_v4,512_Mid512,77,1,101,Conv2D,4015,0,4014,444,535,1143,0
yolo-fastest_192_face_v4,512_Mid512,78,1,107,ResizeNearestNeighbor,2015,0,2014,1340,972,8,0
yolo-fastest_192_face_v4,512_Mid512,79,1,108,Concat,1015,0,1014,111,524,122,0
yolo-fastest_192_face_v4,512_Mid512,80,1,109,DepthwiseConv2D,9015,0,9014,2965,2258,1524,0
yolo-fastest_192_face_v4,512_Mid512,81,1,110,Conv2D,4015,0,4014,2948,960,12,0
yolo-fastest_192_face_v4,512_Mid512,82,2,-1 111,DepthwiseConv2D KERNEL_WAIT,8015,0,8014,2503,2388,1809,0
yolo-fastest_192_face_v4,512_Mid512,83,1,112,Conv2D,5015,0,5014,3982,1147,28,56
yolo-fastest_192_face_v4,512_Mid512,84,2,102 113,Conv2D DepthwiseConv2D,3015,0,3014,999,216,258,356
yolo-fastest_192_face_v4,512_Mid512,85,1,103,Conv2D,3015,0,3014,79,216,690,0
yolo-fastest_192_face_v4,512_Mid512,86,1,104,DepthwiseConv2D,3015,0,3014,336,216,494,0
yolo-fastest_192_face_v4,512_Mid512,87,1,105,Conv2D,2015,0,2014,29,216,470,0
yolo-fastest_192_face_v4,512_Mid512,88,1,106,Conv2D,2030,1,,,,,
yolo-fastest_192_face_v4,512_Low,0,1,2,Conv2D,45061,0,45007,2577,9299,4349,0
yolo-fastest_192_face_v4,512_Low,1,1,3,Conv2D,14015,0,14014,11389,9587,8,0
yolo-fastest_192_face_v4,512_Low,2,2,-1 4,DepthwiseConv2D KERNEL_WAIT,20015,0,20014,10535,8868,37,0
yolo-fastest_192_face_v4,512_Low,3,2,-1 5,Conv2D KERNEL_WAIT,14015,0,14014,9505,2643,32,0
yolo-fastest_192_face_v4,512_Low,4,2,-1 6,Conv2D KERNEL_WAIT,13015,0,13014,4028,9018,61,0
yolo-fastest_192_face_v4,512_Low,5,1,7,DepthwiseConv2D,21015,0,21014,11291,9206,20,0
yolo-fastest_192_face_v4,512_Low,6,1,8,Conv2D,13015,0,13014,8742,2324,39,0
yolo-fastest_192_face_v4,512_Low,7,1,9,Add,5015,0,5014,4555,2368,61,0
yolo-fastest_192_face_v4,512_Low,8,1,10,Conv2D,32015,0,32014,6291,18496,38,0
yolo-fastest_192_face_v4,512_Low,9,1,12,DepthwiseConv2D,20015,0,20014,18966,4436,12,0
yolo-fastest_192_face_v4,512_Low,10,2,-1 13,Conv2D KERNEL_WAIT,7015,0,7014,5473,2882,118,0
yolo-fastest_192_face_v4,512_Low,11,1,14,Conv2D,9015,0,9014,4182,4554,54,0
yolo-fastest_192_face_v4,512_Low,12,1,15,DepthwiseConv2D,9015,0,9014,3832,4267,64,0
yolo-fastest_192_face_v4,512_Low,13,2,16 17,Add Conv2D,9015,0,9014,7776,2498,12,0
yolo-fastest_192_face_v4,512_Low,14,2,-1 18,Conv2D KERNEL_WAIT,9015,0,9014,4092,4596,102,0
yolo-fastest_192_face_v4,512_Low,15,1,19,DepthwiseConv2D,10015,0,10014,4541,4596,84,0
yolo-fastest_192_face_v4,512_Low,16,3,-1 20 21,Add Conv2D KERNEL_WAIT,9015,0,9014,7544,2732,59,0
yolo-fastest_192_face_v4,512_Low,17,2,-1 22,Conv2D KERNEL_WAIT,9015,0,9014,4787,4548,52,0
yolo-fastest_192_face_v4,512_Low,18,1,24,DepthwiseConv2D,3015,0,3014,2853,871,76,0
yolo-fastest_192_face_v4,512_Low,19,1,25,Conv2D,2015,0,2014,1322,1002,82,0
yolo-fastest_192_face_v4,512_Low,20,2,-1 26,Conv2D KERNEL_WAIT,3015,0,3014,1191,1549,47,0
yolo-fastest_192_face_v4,512_Low,21,1,27,DepthwiseConv2D,4015,0,4014,1925,1717,106,0
yolo-fastest_192_face_v4,512_Low,22,3,-1 28 29,Add Conv2D KERNEL_WAIT,3015,0,3014,2401,1023,79,0
yolo-fastest_192_face_v4,512_Low,23,2,-1 30,Conv2D KERNEL_WAIT,3015,0,3014,1164,1548,48,0
yolo-fastest_192_face_v4,512_Low,24,1,31,DepthwiseConv2D,3015,0,3014,924,1553,94,0
yolo-fastest_192_face_v4,512_Low,25,2,32 33,Add Conv2D,3015,0,3014,2905,634,16,0
yolo-fastest_192_face_v4,512_Low,26,2,-1 34,Conv2D KERNEL_WAIT,4015,0,4014,1672,2136,147,0
yolo-fastest_192_face_v4,512_Low,27,1,35,DepthwiseConv2D,3015,0,3014,986,1579,209,0
yolo-fastest_192_face_v4,512_Low,28,1,36,Conv2D,3015,0,3014,2587,1046,136,0
yolo-fastest_192_face_v4,512_Low,29,1,37,Conv2D,7015,0,7014,2631,3635,139,0
yolo-fastest_192_face_v4,512_Low,30,1,38,DepthwiseConv2D,7015,0,7014,3070,3246,216,0
yolo-fastest_192_face_v4,512_Low,31,2,39 40,Add Conv2D,6015,0,6014,5254,879,12,0
yolo-fastest_192_face_v4,512_Low,32,2,-1 41,Conv2D KERNEL_WAIT,7015,0,7014,2536,3759,269,0
yolo-fastest_192_face_v4,512_Low,33,1,42,DepthwiseConv2D,7015,0,7014,3056,3084,12,0
yolo-fastest_192_face_v4,512_Low,34,3,-1 43 44,Add Conv2D KERNEL_WAIT,6015,0,6014,5343,1125,217,0
yolo-fastest_192_face_v4,512_Low,35,2,-1 45,Conv2D KERNEL_WAIT,7015,0,7014,2613,3762,270,0
yolo-fastest_192_face_v4,512_Low,36,1,46,DepthwiseConv2D,7015,0,7014,3067,3249,217,0
yolo-fastest_192_face_v4,512_Low,37,2,47 48,Add Conv2D,6015,0,6014,5265,864,12,0
yolo-fastest_192_face_v4,512_Low,38,2,-1 49,Conv2D KERNEL_WAIT,7015,0,7014,2502,3759,270,0
yolo-fastest_192_face_v4,512_Low,39,1,50,DepthwiseConv2D,7015,0,7014,3040,3302,216,0
yolo-fastest_192_face_v4,512_Low,40,2,51 52,Add Conv2D,6015,0,6014,5339,810,12,0
yolo-fastest_192_face_v4,512_Low,41,1,53,Conv2D,7015,0,7014,2465,3549,291,0
yolo-fastest_192_face_v4,512_Low,42,1,55,DepthwiseConv2D,3015,0,3014,2996,720,51,0
yolo-fastest_192_face_v4,512_Low,43,2,-1 56,Conv2D KERNEL_WAIT,2015,0,2014,1160,572,292,0
yolo-fastest_192_face_v4,512_Low,44,2,57,Conv2D,3015,0,3014,1039,1422,142,0
yolo-fastest_192_face_v4,512_Low,45,1,58,DepthwiseConv2D,4015,0,4014,1772,1563,473,0
yolo-fastest_192_face_v4,512_Low,46,3,-1 59 60,Add Conv2D KERNEL_WAIT,3015,0,3014,2125,715,431,0
yolo-fastest_192_face_v4,512_Low,47,2,61,Conv2D,3015,0,3014,1420,1290,154,0
yolo-fastest_192_face_v4,512_Low,48,1,62,DepthwiseConv2D,3015,0,3014,676,1872,660,0
yolo-fastest_192_face_v4,512_Low,49,2,63 64,Add Conv2D,3015,0,3014,2144,373,82,0
yolo-fastest_192_face_v4,512_Low,50,1,65,Conv2D,3015,0,3014,1426,1295,4,0
yolo-fastest_192_face_v4,512_Low,51,1,65,Conv2D,1015,0,1014,776,179,238,0
yolo-fastest_192_face_v4,512_Low,52,1,66,DepthwiseConv2D,3015,0,3014,672,1757,624,0
yolo-fastest_192_face_v4,512_Low,53,2,67 68,Add Conv2D,3015,0,3014,2139,322,46,0
yolo-fastest_192_face_v4,512_Low,54,2,69,Conv2D,3015,0,3014,1455,1296,4,0
yolo-fastest_192_face_v4,512_Low,55,1,70,DepthwiseConv2D,4015,0,4014,1270,1561,483,0
yolo-fastest_192_face_v4,512_Low,56,2,71 72,Add Conv2D,3015,0,3014,2018,407,8,0
yolo-fastest_192_face_v4,512_Low,57,2,-1 108,Concat KERNEL_WAIT,1015,0,1014,164,404,244,0
yolo-fastest_192_face_v4,512_Low,58,1,73,Conv2D,2015,0,2014,1017,954,178,0
yolo-fastest_192_face_v4,512_Low,59,1,73,Conv2D,1015,0,1014,253,504,12,0
yolo-fastest_192_face_v4,512_Low,60,1,75,DepthwiseConv2D,4015,0,4014,1542,324,657,0
yolo-fastest_192_face_v4,512_Low,61,1,76,Conv2D,2015,0,2014,108,144,290,0
yolo-fastest_192_face_v4,512_Low,62,1,77,Conv2D,5015,0,5014,390,468,671,0
yolo-fastest_192_face_v4,512_Low,63,1,78,DepthwiseConv2D,6015,0,6014,711,504,577,0
yolo-fastest_192_face_v4,512_Low,64,2,79 80,Add Conv2D,2015,0,2014,108,108,504,0
yolo-fastest_192_face_v4,512_Low,65,1,81,Conv2D,6015,0,6014,499,504,969,0
yolo-fastest_192_face_v4,512_Low,66,1,82,DepthwiseConv2D,5015,0,5014,17,504,252,0
yolo-fastest_192_face_v4,512_Low,67,2,83 84,Add Conv2D,3015,0,3014,682,108,964,0
yolo-fastest_192_face_v4,512_Low,68,1,85,Conv2D,5015,0,5014,22,498,728,0
yolo-fastest_192_face_v4,512_Low,69,1,86,DepthwiseConv2D,7015,0,7014,1079,504,499,0
yolo-fastest_192_face_v4,512_Low,70,2,87 88,Add Conv2D,2015,0,2014,108,108,587,0
yolo-fastest_192_face_v4,512_Low,71,1,89,Conv2D,6015,0,6014,504,516,1096,0
yolo-fastest_192_face_v4,512_Low,72,1,90,DepthwiseConv2D,5015,0,5014,184,483,147,0
yolo-fastest_192_face_v4,512_Low,73,2,91 92,Add Conv2D,3015,0,3014,492,108,765,0
yolo-fastest_192_face_v4,512_Low,74,1,93,Conv2D,6015,0,6014,306,504,930,0
yolo-fastest_192_face_v4,512_Low,75,1,94,DepthwiseConv2D,6015,0,6014,824,504,579,0
yolo-fastest_192_face_v4,512_Low,76,4,95 96 97 100,Add Concat Conv2D MaxPool,3015,0,3014,343,347,484,0
yolo-fastest_192_face_v4,512_Low,77,2,98 100,Concat MaxPool,1015,0,1014,183,201,16,0
yolo-fastest_192_face_v4,512_Low,78,1,100,Concat,1015,0,1014,128,88,8,0
yolo-fastest_192_face_v4,512_Low,79,2,99 100,Concat MaxPool,2015,0,2014,144,216,0,0
yolo-fastest_192_face_v4,512_Low,80,1,101,Conv2D,4015,0,4014,421,216,1143,0
yolo-fastest_192_face_v4,512_Low,81,1,107,ResizeNearestNeighbor,2015,0,2014,1162,968,8,0
yolo-fastest_192_face_v4,512_Low,82,1,108,Concat,2015,0,2014,961,1059,318,0
yolo-fastest_192_face_v4,512_Low,83,1,109,DepthwiseConv2D,8015,0,8014,3190,2466,1149,0
yolo-fastest_192_face_v4,512_Low,84,2,-1 110,Conv2D KERNEL_WAIT,5015,0,5014,3872,1396,316,0
yolo-fastest_192_face_v4,512_Low,85,2,-1 111,DepthwiseConv2D KERNEL_WAIT,7015,0,7014,2394,2128,933,0
yolo-fastest_192_face_v4,512_Low,86,2,-1 112,Conv2D KERNEL_WAIT,5015,0,5014,4037,1149,192,0
yolo-fastest_192_face_v4,512_Low,87,2,102 113,Conv2D DepthwiseConv2D,3015,0,3014,637,216,258,414
yolo-fastest_192_face_v4,512_Low,88,1,103,Conv2D,3015,0,3014,274,216,690,0
yolo-fastest_192_face_v4,512_Low,89,1,104,DepthwiseConv2D,2015,0,2014,144,216,309,0
yolo-fastest_192_face_v4,512_Low,90,1,105,Conv2D,3015,0,3014,288,216,644,0
yolo-fastest_192_face_v4,512_Low,91,1,106,Conv2D,2030,1,,,,,
kws_micronet_m,256_Low,0,1,1,Conv2D,12055,0,12007,599,1165,916,0
kws_micronet_m,256_Low,1,1,1,Conv2D,85015,0,85014,4346,4584,1580,0
kws_micronet_m,256_Low,2,1,2,DepthwiseConv2D,6015,0,6014,3695,1869,919,0
kws_micronet_m,256_Low,3,1,3,Conv2D,14015,0,14014,5104,1449,436,0
kws_micronet_m,256_Low,4,1,4,DepthwiseConv2D,6015,0,6014,1226,2252,1213,0
kws_micronet_m,256_Low,5,1,5,Conv2D,13015,0,13014,5173,1000,12,0
kws_micronet_m,256_Low,6,1,5,Conv2D,2015,0,2014,1315,176,187,0
kws_micronet_m,256_Low,7,1,6,DepthwiseConv2D,6015,0,6014,1124,2513,1452,0
kws_micronet_m,256_Low,8,1,7,Conv2D,13015,0,13014,5114,1000,4,0
kws_micronet_m,256_Low,9,1,7,Conv2D,2015,0,2014,1466,554,528,0
kws_micronet_m,256_Low,10,1,8,DepthwiseConv2D,6015,0,6014,1311,1832,825,0
kws_micronet_m,256_Low,11,1,9,Conv2D,11015,0,11014,4280,880,116,0
kws_micronet_m,256_Low,12,2,-1 10,DepthwiseConv2D KERNEL_WAIT,5015,0,5014,1335,2189,1360,0
kws_micronet_m,256_Low,13,1,11,Conv2D,9015,0,9014,2866,1285,285,0
kws_micronet_m,256_Low,14,1,11,Conv2D,5015,0,5014,1502,625,0,0
kws_micronet_m,256_Low,15,1,12,AvgPool,2015,0,2014,1213,13,163,0
kws_micronet_m,256_Low,16,1,13,Conv2D,1030,1,,,,,
kws_micronet_m,512_Mid512,0,1,1,Conv2D,8055,0,8007,610,1166,861,0
kws_micronet_m,512_Mid512,1,1,1,Conv2D,42015,0,42014,1909,3920,739,0
kws_micronet_m,512_Mid512,2,1,2,DepthwiseConv2D,5015,0,5014,4534,1125,742,0
kws_micronet_m,512_Mid512,3,1,3,Conv2D,8015,0,8014,1395,1125,2264,0
kws_micronet_m,512_Mid512,4,1,4,DepthwiseConv2D,4015,0,4014,855,1125,668,0
kws_micronet_m,512_Mid512,5,1,5,Conv2D,9015,0,9014,1395,1290,2586,0
kws_micronet_m,512_Mid512,6,1,6,DepthwiseConv2D,3015,0,3014,557,952,419,0
kws_micronet_m,512_Mid512,7,1,7,Conv2D,8015,0,8014,1393,1519,3064,0
kws_micronet_m,512_Mid512,8,1,8,DepthwiseConv2D,4015,0,4014,1105,1814,816,0
kws_micronet_m,512_Mid512,9,1,9,Conv2D,5015,0,5014,3899,802,46,0
kws_micronet_m,512_Mid512,10,1,9,Conv2D,2015,0,2014,1857,125,69,0
kws_micronet_m,512_Mid512,11,1,10,DepthwiseConv2D,3015,0,3014,894,875,337,0
kws_micronet_m,512_Mid512,12,1,11,Conv2D,11015,0,11014,1211,1625,2983,0
kws_micronet_m,512_Mid512,13,2,12 13,AvgPool Conv2D,2030,1,,,,,
kws_micronet_m,512_Low,0,1,1,Conv2D,8055,0,8007,610,1166,860,0
kws_micronet_m,512_Low,1,1,1,Conv2D,42015,0,42014,1909,4033,862,0
kws_micronet_m,512_Low,2,1,2,DepthwiseConv2D,5015,0,5014,3904,2021,1073,0
kws_micronet_m,512_Low,3,1,3,Conv2D,9015,0,9014,4939,1475,411,0
kws_micronet_m,512_Low,4,1,3,Conv2D,1015,0,1014,1009,516,400,0
kws_micronet_m,512_Low,5,1,4,DepthwiseConv2D,3015,0,3014,225,1417,573,0
kws_micronet_m,512_Low,6,1,5,Conv2D,7015,0,7014,4447,1450,708,0
kws_micronet_m,512_Low,7,1,5,Conv2D,3015,0,3014,1619,717,372,0
kws_micronet_m,512_Low,8,1,6,DepthwiseConv2D,4015,0,4014,1246,1906,1000,0
kws_micronet_m,512_Low,9,1,7,Conv2D,5015,0,5014,3368,1072,299,0
kws_micronet_m,512_Low,10,1,7,Conv2D,3015,0,3014,1674,1009,618,0
kws_micronet_m,512_Low,11,1,8,DepthwiseConv2D,3015,0,3014,225,1457,574,0
kws_micronet_m,512_Low,12,1,9,Conv2D,6015,0,6014,4796,922,176,0
kws_micronet_m,512_Low,13,1,9,Conv2D,2015,0,2014,1797,363,242,0
kws_micronet_m,512_Low,14,2,-1 10,DepthwiseConv2D KERNEL_WAIT,3015,0,3014,0,1286,600,0
kws_micronet_m,512_Low,15,1,11,Conv2D,5015,0,5014,2443,1647,902,0
kws_micronet_m,512_Low,16,1,11,Conv2D,6015,0,6014,3518,930,48,0
kws_micronet_m,512_Low,17,1,12,AvgPool,2015,0,2014,650,13,178,0
kws_micronet_m,512_Low,18,1,13,Conv2D,1030,1,,,,,
ad_medium_int8,256_Low,0,1,1,Conv2D,6055,0,6007,425,1584,764,0
ad_medium_int8,256_Low,1,1,1,Conv2D,51015,0,51014,3954,12111,925,0
ad_medium_int8,256_Low,2,1,2,DepthwiseConv2D,14015,0,14014,12380,5732,2774,0
ad_medium_int8,256_Low,3,1,3,Conv2D,54015,0,54014,17166,4928,410,0
ad_medium_int8,256_Low,4,2,-1 4,DepthwiseConv2D KERNEL_WAIT,21015,0,21014,5124,9494,5194,0
ad_medium_int8,256_Low,5,1,5,Conv2D,64015,0,64014,26699,3986,383,0
ad_medium_int8,256_Low,6,1,5,Conv2D,16015,0,16014,9632,1536,668,0
ad_medium_int8,256_Low,7,1,6,DepthwiseConv2D,21015,0,21014,5405,9584,5208,0
ad_medium_int8,256_Low,8,1,7,Conv2D,65015,0,65014,27328,3713,129,0
ad_medium_int8,256_Low,9,1,7,Conv2D,16015,0,16014,9601,1056,190,0
ad_medium_int8,256_Low,10,1,8,DepthwiseConv2D,6015,0,6014,4608,1120,649,0
ad_medium_int8,256_Low,11,1,9,Conv2D,23015,0,23014,2688,1216,5392,0
ad_medium_int8,256_Low,12,1,10,DepthwiseConv2D,3015,0,3014,283,224,805,0
ad_medium_int8,256_Low,13,2,11 12,AvgPool Conv2D,15015,0,15014,402,306,4941,0
ad_medium_int8,256_Low,14,1,13,Conv2D,1030,1,,,,,
ad_medium_int8,512_Mid512,0,1,1,Conv2D,5055,0,5007,343,1717,537,0
ad_medium_int8,512_Mid512,1,1,1,Conv2D,25015,0,25014,2540,11554,743,0
ad_medium_int8,512_Mid512,2,1,2,DepthwiseConv2D,16015,0,16014,12145,5517,3046,0
ad_medium_int8,512_Mid512,3,1,3,Conv2D,22015,0,22014,14801,4061,462,0
ad_medium_int8,512_Mid512,4,1,3,Conv2D,6015,0,6014,5872,1537,576,0
ad_medium_int8,512_Mid512,5,1,4,DepthwiseConv2D,10015,0,10014,3456,6210,1942,0
ad_medium_int8,512_Mid512,6,1,5,Conv2D,28015,0,28014,18748,5816,3509,0
ad_medium_int8,512_Mid512,7,1,5,Conv2D,22015,0,22014,16730,2416,155,0
ad_medium_int8,512_Mid512,8,1,6,DepthwiseConv2D,11015,0,11014,3933,6800,2525,0
ad_medium_int8,512_Mid512,9,1,7,Conv2D,27015,0,27014,19228,5639,3348,0
ad_medium_int8,512_Mid512,10,1,7,Conv2D,22015,0,22014,16760,2435,223,0
ad_medium_int8,512_Mid512,11,1,8,DepthwiseConv2D,6015,0,6014,4582,1016,1168,0
ad_medium_int8,512_Mid512,12,1,9,Conv2D,12015,0,12014,1600,1152,4637,0
ad_medium_int8,512_Mid512,13,1,10,DepthwiseConv2D,8015,0,8014,608,288,2169,0
ad_medium_int8,512_Mid512,14,1,11,Conv2D,13015,0,13014,352,304,3822,0
ad_medium_int8,512_Mid512,15,1,12,AvgPool,1015,0,1014,18,2,188,1
ad_medium_int8,512_Mid512,16,1,13,Conv2D,1030,1,,,,,
ad_medium_int8,512_Low,0,1,1,Conv2D,5055,0,5007,343,1963,783,0
ad_medium_int8,512_Low,1,1,1,Conv2D,25015,0,25014,2679,11626,620,0
ad_medium_int8,512_Low,2,1,2,DepthwiseConv2D,16015,0,16014,11398,5937,3132,0
ad_medium_int8,512_Low,3,1,3,Conv2D,29015,0,29014,18713,5168,624,0
ad_medium_int8,512_Low,4,1,4,DepthwiseConv2D,10015,0,10014,3456,6217,1944,0
ad_medium_int8,512_Low,5,1,5,Conv2D,28015,0,28014,19124,5768,3459,0
ad_medium_int8,512_Low,6,1,5,Conv2D,22015,0,22014,16745,2517,377,0
ad_medium_int8,512_Low,7,1,6,DepthwiseConv2D,11015,0,11014,3565,6799,2417,0
ad_medium_int8,512_Low,8,1,7,Conv2D,26015,0,26014,18683,5527,3226,0
ad_medium_int8,512_Low,9,1,7,Conv2D,22015,0,22014,16741,2304,22,0
ad_medium_int8,512_Low,10,1,8,DepthwiseConv2D,7015,0,7014,5227,1280,1792,0
ad_medium_int8,512_Low,11,1,9,Conv2D,12015,0,12014,1842,1024,4305,0
ad_medium_int8,512_Low,12,1,10,DepthwiseConv2D,7015,0,7014,288,288,2066,0
ad_medium_int8,512_Low,13,1,11,Conv2D,13015,0,13014,322,304,3824,0
ad_medium_int8,512_Low,14,1,12,AvgPool,1015,0,1014,33,2,188,1
ad_medium_int8,512_Low,15,1,13,Conv2D,1030,1,,,,,
