symbolic_name,numeric_event_id,authority_file,authority_line,generation_applicability,stock_profiler_exposed,custom_config_required,semantics_status,availability_classification
ETHOSU_PMU_NO_EVENT,0,dependencies/core-driver/include/pmu_ethosu.h,146,ETHOSU85,no,n/a,N/A,NOT_AVAILABLE
ETHOSU_PMU_CYCLE,1,dependencies/core-driver/include/pmu_ethosu.h,147,ETHOSU85,"yes (via dedicated CCNT, not an event counter)",no,EMITTED_IN_FROZEN_EVIDENCE,VERIFIED_AVAILABLE
ETHOSU_PMU_NPU_IDLE,2,dependencies/core-driver/include/pmu_ethosu.h,148,ETHOSU85,no,yes (profiler event slot reconfiguration),"SYMBOLIC_ONLY (header caveat: values symbolic, use API)",AVAILABLE_BUT_REQUIRES_PATCH
ETHOSU_PMU_CC_STALLED_ON_BLOCKDEP,3,dependencies/core-driver/include/pmu_ethosu.h,149,ETHOSU85,no,yes (profiler event slot reconfiguration),"SYMBOLIC_ONLY (header caveat: values symbolic, use API)",AVAILABLE_BUT_REQUIRES_PATCH
ETHOSU_PMU_NPU_ACTIVE,4,dependencies/core-driver/include/pmu_ethosu.h,150,ETHOSU85,yes,no,EMITTED_IN_FROZEN_EVIDENCE,VERIFIED_AVAILABLE
ETHOSU_PMU_MAC_ACTIVE,5,dependencies/core-driver/include/pmu_ethosu.h,151,ETHOSU85,no,yes (profiler event slot reconfiguration),"SYMBOLIC_ONLY (header caveat: values symbolic, use API)",AVAILABLE_BUT_REQUIRES_PATCH
ETHOSU_PMU_MAC_DPU_ACTIVE,6,dependencies/core-driver/include/pmu_ethosu.h,152,ETHOSU85,no,yes (profiler event slot reconfiguration),"SYMBOLIC_ONLY (header caveat: values symbolic, use API)",AVAILABLE_BUT_REQUIRES_PATCH
ETHOSU_PMU_MAC_STALLED_BY_W_OR_ACC,7,dependencies/core-driver/include/pmu_ethosu.h,153,ETHOSU85,no,yes (profiler event slot reconfiguration),"SYMBOLIC_ONLY (header caveat: values symbolic, use API)",AVAILABLE_BUT_REQUIRES_PATCH
ETHOSU_PMU_MAC_STALLED_BY_W,8,dependencies/core-driver/include/pmu_ethosu.h,154,ETHOSU85,no,yes (profiler event slot reconfiguration),"SYMBOLIC_ONLY (header caveat: values symbolic, use API)",AVAILABLE_BUT_REQUIRES_PATCH
ETHOSU_PMU_MAC_STALLED_BY_ACC,9,dependencies/core-driver/include/pmu_ethosu.h,155,ETHOSU85,no,yes (profiler event slot reconfiguration),"SYMBOLIC_ONLY (header caveat: values symbolic, use API)",AVAILABLE_BUT_REQUIRES_PATCH
ETHOSU_PMU_MAC_STALLED_BY_IB,10,dependencies/core-driver/include/pmu_ethosu.h,156,ETHOSU85,no,yes (profiler event slot reconfiguration),"SYMBOLIC_ONLY (header caveat: values symbolic, use API)",AVAILABLE_BUT_REQUIRES_PATCH
ETHOSU_PMU_AO_ACTIVE,11,dependencies/core-driver/include/pmu_ethosu.h,157,ETHOSU85,no,yes (profiler event slot reconfiguration),"SYMBOLIC_ONLY (header caveat: values symbolic, use API)",AVAILABLE_BUT_REQUIRES_PATCH
ETHOSU_PMU_AO_STALLED_BY_BS_OR_OB,12,dependencies/core-driver/include/pmu_ethosu.h,158,ETHOSU85,no,yes (profiler event slot reconfiguration),"SYMBOLIC_ONLY (header caveat: values symbolic, use API)",AVAILABLE_BUT_REQUIRES_PATCH
ETHOSU_PMU_AO_STALLED_BY_BS,13,dependencies/core-driver/include/pmu_ethosu.h,159,ETHOSU85,no,yes (profiler event slot reconfiguration),"SYMBOLIC_ONLY (header caveat: values symbolic, use API)",AVAILABLE_BUT_REQUIRES_PATCH
ETHOSU_PMU_AO_STALLED_BY_OB,14,dependencies/core-driver/include/pmu_ethosu.h,160,ETHOSU85,no,yes (profiler event slot reconfiguration),"SYMBOLIC_ONLY (header caveat: values symbolic, use API)",AVAILABLE_BUT_REQUIRES_PATCH
ETHOSU_PMU_AO_STALLED_BY_AB_OR_CB,15,dependencies/core-driver/include/pmu_ethosu.h,161,ETHOSU85,no,yes (profiler event slot reconfiguration),"SYMBOLIC_ONLY (header caveat: values symbolic, use API)",AVAILABLE_BUT_REQUIRES_PATCH
ETHOSU_PMU_AO_STALLED_BY_AB,16,dependencies/core-driver/include/pmu_ethosu.h,162,ETHOSU85,no,yes (profiler event slot reconfiguration),"SYMBOLIC_ONLY (header caveat: values symbolic, use API)",AVAILABLE_BUT_REQUIRES_PATCH
ETHOSU_PMU_AO_STALLED_BY_CB,17,dependencies/core-driver/include/pmu_ethosu.h,163,ETHOSU85,no,yes (profiler event slot reconfiguration),"SYMBOLIC_ONLY (header caveat: values symbolic, use API)",AVAILABLE_BUT_REQUIRES_PATCH
ETHOSU_PMU_WD_ACTIVE,18,dependencies/core-driver/include/pmu_ethosu.h,164,ETHOSU85,no,yes (profiler event slot reconfiguration),"SYMBOLIC_ONLY (header caveat: values symbolic, use API)",AVAILABLE_BUT_REQUIRES_PATCH
ETHOSU_PMU_WD_STALLED,19,dependencies/core-driver/include/pmu_ethosu.h,165,ETHOSU85,no,yes (profiler event slot reconfiguration),"SYMBOLIC_ONLY (header caveat: values symbolic, use API)",AVAILABLE_BUT_REQUIRES_PATCH
ETHOSU_PMU_WD_STALLED_BY_WD_BUF,20,dependencies/core-driver/include/pmu_ethosu.h,166,ETHOSU85,no,yes (profiler event slot reconfiguration),"SYMBOLIC_ONLY (header caveat: values symbolic, use API)",AVAILABLE_BUT_REQUIRES_PATCH
ETHOSU_PMU_WD_STALLED_BY_WS_FC,21,dependencies/core-driver/include/pmu_ethosu.h,167,ETHOSU85,no,yes (profiler event slot reconfiguration),"SYMBOLIC_ONLY (header caveat: values symbolic, use API)",AVAILABLE_BUT_REQUIRES_PATCH
ETHOSU_PMU_WD_STALLED_BY_WS_TC,22,dependencies/core-driver/include/pmu_ethosu.h,168,ETHOSU85,no,yes (profiler event slot reconfiguration),"SYMBOLIC_ONLY (header caveat: values symbolic, use API)",AVAILABLE_BUT_REQUIRES_PATCH
ETHOSU_PMU_WD_TRANS_WBLK,23,dependencies/core-driver/include/pmu_ethosu.h,169,ETHOSU85,no,yes (profiler event slot reconfiguration),"SYMBOLIC_ONLY (header caveat: values symbolic, use API)",AVAILABLE_BUT_REQUIRES_PATCH
ETHOSU_PMU_WD_TRANS_WS_FC,24,dependencies/core-driver/include/pmu_ethosu.h,170,ETHOSU85,no,yes (profiler event slot reconfiguration),"SYMBOLIC_ONLY (header caveat: values symbolic, use API)",AVAILABLE_BUT_REQUIRES_PATCH
ETHOSU_PMU_WD_TRANS_WS_TC,25,dependencies/core-driver/include/pmu_ethosu.h,171,ETHOSU85,no,yes (profiler event slot reconfiguration),"SYMBOLIC_ONLY (header caveat: values symbolic, use API)",AVAILABLE_BUT_REQUIRES_PATCH
ETHOSU_PMU_WD_STALLED_BY_WS_SC0,26,dependencies/core-driver/include/pmu_ethosu.h,172,ETHOSU85,no,yes (profiler event slot reconfiguration),"SYMBOLIC_ONLY (header caveat: values symbolic, use API)",AVAILABLE_BUT_REQUIRES_PATCH
ETHOSU_PMU_WD_STALLED_BY_WS_SC1,27,dependencies/core-driver/include/pmu_ethosu.h,173,ETHOSU85,no,yes (profiler event slot reconfiguration),"SYMBOLIC_ONLY (header caveat: values symbolic, use API)",AVAILABLE_BUT_REQUIRES_PATCH
ETHOSU_PMU_WD_STALLED_BY_WS_SC2,28,dependencies/core-driver/include/pmu_ethosu.h,174,ETHOSU85,no,yes (profiler event slot reconfiguration),"SYMBOLIC_ONLY (header caveat: values symbolic, use API)",AVAILABLE_BUT_REQUIRES_PATCH
ETHOSU_PMU_WD_STALLED_BY_WS_SC3,29,dependencies/core-driver/include/pmu_ethosu.h,175,ETHOSU85,no,yes (profiler event slot reconfiguration),"SYMBOLIC_ONLY (header caveat: values symbolic, use API)",AVAILABLE_BUT_REQUIRES_PATCH
ETHOSU_PMU_WD_PARSE_ACTIVE_SC0,30,dependencies/core-driver/include/pmu_ethosu.h,176,ETHOSU85,no,yes (profiler event slot reconfiguration),"SYMBOLIC_ONLY (header caveat: values symbolic, use API)",AVAILABLE_BUT_REQUIRES_PATCH
ETHOSU_PMU_WD_PARSE_ACTIVE_SC1,31,dependencies/core-driver/include/pmu_ethosu.h,177,ETHOSU85,no,yes (profiler event slot reconfiguration),"SYMBOLIC_ONLY (header caveat: values symbolic, use API)",AVAILABLE_BUT_REQUIRES_PATCH
ETHOSU_PMU_WD_PARSE_ACTIVE_SC2,32,dependencies/core-driver/include/pmu_ethosu.h,178,ETHOSU85,no,yes (profiler event slot reconfiguration),"SYMBOLIC_ONLY (header caveat: values symbolic, use API)",AVAILABLE_BUT_REQUIRES_PATCH
ETHOSU_PMU_WD_PARSE_ACTIVE_SC3,33,dependencies/core-driver/include/pmu_ethosu.h,179,ETHOSU85,no,yes (profiler event slot reconfiguration),"SYMBOLIC_ONLY (header caveat: values symbolic, use API)",AVAILABLE_BUT_REQUIRES_PATCH
ETHOSU_PMU_WD_PARSE_STALL_SC0,34,dependencies/core-driver/include/pmu_ethosu.h,180,ETHOSU85,no,yes (profiler event slot reconfiguration),"SYMBOLIC_ONLY (header caveat: values symbolic, use API)",AVAILABLE_BUT_REQUIRES_PATCH
ETHOSU_PMU_WD_PARSE_STALL_SC1,35,dependencies/core-driver/include/pmu_ethosu.h,181,ETHOSU85,no,yes (profiler event slot reconfiguration),"SYMBOLIC_ONLY (header caveat: values symbolic, use API)",AVAILABLE_BUT_REQUIRES_PATCH
ETHOSU_PMU_WD_PARSE_STALL_SC2,36,dependencies/core-driver/include/pmu_ethosu.h,182,ETHOSU85,no,yes (profiler event slot reconfiguration),"SYMBOLIC_ONLY (header caveat: values symbolic, use API)",AVAILABLE_BUT_REQUIRES_PATCH
ETHOSU_PMU_WD_PARSE_STALL_SC3,37,dependencies/core-driver/include/pmu_ethosu.h,183,ETHOSU85,no,yes (profiler event slot reconfiguration),"SYMBOLIC_ONLY (header caveat: values symbolic, use API)",AVAILABLE_BUT_REQUIRES_PATCH
ETHOSU_PMU_WD_PARSE_STALL_IN_SC0,38,dependencies/core-driver/include/pmu_ethosu.h,184,ETHOSU85,no,yes (profiler event slot reconfiguration),"SYMBOLIC_ONLY (header caveat: values symbolic, use API)",AVAILABLE_BUT_REQUIRES_PATCH
ETHOSU_PMU_WD_PARSE_STALL_IN_SC1,39,dependencies/core-driver/include/pmu_ethosu.h,185,ETHOSU85,no,yes (profiler event slot reconfiguration),"SYMBOLIC_ONLY (header caveat: values symbolic, use API)",AVAILABLE_BUT_REQUIRES_PATCH
ETHOSU_PMU_WD_PARSE_STALL_IN_SC2,40,dependencies/core-driver/include/pmu_ethosu.h,186,ETHOSU85,no,yes (profiler event slot reconfiguration),"SYMBOLIC_ONLY (header caveat: values symbolic, use API)",AVAILABLE_BUT_REQUIRES_PATCH
ETHOSU_PMU_WD_PARSE_STALL_IN_SC3,41,dependencies/core-driver/include/pmu_ethosu.h,187,ETHOSU85,no,yes (profiler event slot reconfiguration),"SYMBOLIC_ONLY (header caveat: values symbolic, use API)",AVAILABLE_BUT_REQUIRES_PATCH
ETHOSU_PMU_WD_PARSE_STALL_OUT_SC0,42,dependencies/core-driver/include/pmu_ethosu.h,188,ETHOSU85,no,yes (profiler event slot reconfiguration),"SYMBOLIC_ONLY (header caveat: values symbolic, use API)",AVAILABLE_BUT_REQUIRES_PATCH
ETHOSU_PMU_WD_PARSE_STALL_OUT_SC1,43,dependencies/core-driver/include/pmu_ethosu.h,189,ETHOSU85,no,yes (profiler event slot reconfiguration),"SYMBOLIC_ONLY (header caveat: values symbolic, use API)",AVAILABLE_BUT_REQUIRES_PATCH
ETHOSU_PMU_WD_PARSE_STALL_OUT_SC2,44,dependencies/core-driver/include/pmu_ethosu.h,190,ETHOSU85,no,yes (profiler event slot reconfiguration),"SYMBOLIC_ONLY (header caveat: values symbolic, use API)",AVAILABLE_BUT_REQUIRES_PATCH
ETHOSU_PMU_WD_PARSE_STALL_OUT_SC3,45,dependencies/core-driver/include/pmu_ethosu.h,191,ETHOSU85,no,yes (profiler event slot reconfiguration),"SYMBOLIC_ONLY (header caveat: values symbolic, use API)",AVAILABLE_BUT_REQUIRES_PATCH
ETHOSU_PMU_WD_TRANS_WS_SC0,46,dependencies/core-driver/include/pmu_ethosu.h,192,ETHOSU85,no,yes (profiler event slot reconfiguration),"SYMBOLIC_ONLY (header caveat: values symbolic, use API)",AVAILABLE_BUT_REQUIRES_PATCH
ETHOSU_PMU_WD_TRANS_WS_SC1,47,dependencies/core-driver/include/pmu_ethosu.h,193,ETHOSU85,no,yes (profiler event slot reconfiguration),"SYMBOLIC_ONLY (header caveat: values symbolic, use API)",AVAILABLE_BUT_REQUIRES_PATCH
ETHOSU_PMU_WD_TRANS_WS_SC2,48,dependencies/core-driver/include/pmu_ethosu.h,194,ETHOSU85,no,yes (profiler event slot reconfiguration),"SYMBOLIC_ONLY (header caveat: values symbolic, use API)",AVAILABLE_BUT_REQUIRES_PATCH
ETHOSU_PMU_WD_TRANS_WS_SC3,49,dependencies/core-driver/include/pmu_ethosu.h,195,ETHOSU85,no,yes (profiler event slot reconfiguration),"SYMBOLIC_ONLY (header caveat: values symbolic, use API)",AVAILABLE_BUT_REQUIRES_PATCH
ETHOSU_PMU_WD_TRANS_WB0,50,dependencies/core-driver/include/pmu_ethosu.h,196,ETHOSU85,no,yes (profiler event slot reconfiguration),"SYMBOLIC_ONLY (header caveat: values symbolic, use API)",AVAILABLE_BUT_REQUIRES_PATCH
ETHOSU_PMU_WD_TRANS_WB1,51,dependencies/core-driver/include/pmu_ethosu.h,197,ETHOSU85,no,yes (profiler event slot reconfiguration),"SYMBOLIC_ONLY (header caveat: values symbolic, use API)",AVAILABLE_BUT_REQUIRES_PATCH
ETHOSU_PMU_WD_TRANS_WB2,52,dependencies/core-driver/include/pmu_ethosu.h,198,ETHOSU85,no,yes (profiler event slot reconfiguration),"SYMBOLIC_ONLY (header caveat: values symbolic, use API)",AVAILABLE_BUT_REQUIRES_PATCH
ETHOSU_PMU_WD_TRANS_WB3,53,dependencies/core-driver/include/pmu_ethosu.h,199,ETHOSU85,no,yes (profiler event slot reconfiguration),"SYMBOLIC_ONLY (header caveat: values symbolic, use API)",AVAILABLE_BUT_REQUIRES_PATCH
ETHOSU_PMU_SRAM_RD_TRANS_ACCEPTED,54,dependencies/core-driver/include/pmu_ethosu.h,200,ETHOSU85,no,yes (profiler event slot reconfiguration),"SYMBOLIC_ONLY (header caveat: values symbolic, use API)",AVAILABLE_BUT_REQUIRES_PATCH
ETHOSU_PMU_SRAM_RD_TRANS_COMPLETED,55,dependencies/core-driver/include/pmu_ethosu.h,201,ETHOSU85,no,yes (profiler event slot reconfiguration),"SYMBOLIC_ONLY (header caveat: values symbolic, use API)",AVAILABLE_BUT_REQUIRES_PATCH
ETHOSU_PMU_SRAM_RD_DATA_BEAT_RECEIVED,56,dependencies/core-driver/include/pmu_ethosu.h,202,ETHOSU85,yes,no,EMITTED_IN_FROZEN_EVIDENCE,VERIFIED_AVAILABLE
ETHOSU_PMU_SRAM_RD_TRAN_REQ_STALLED,57,dependencies/core-driver/include/pmu_ethosu.h,203,ETHOSU85,no,yes (profiler event slot reconfiguration),"SYMBOLIC_ONLY (header caveat: values symbolic, use API)",AVAILABLE_BUT_REQUIRES_PATCH
ETHOSU_PMU_SRAM_WR_TRANS_ACCEPTED,58,dependencies/core-driver/include/pmu_ethosu.h,204,ETHOSU85,no,yes (profiler event slot reconfiguration),"SYMBOLIC_ONLY (header caveat: values symbolic, use API)",AVAILABLE_BUT_REQUIRES_PATCH
ETHOSU_PMU_SRAM_WR_TRANS_COMPLETED_M,59,dependencies/core-driver/include/pmu_ethosu.h,205,ETHOSU85,no,yes (profiler event slot reconfiguration),"SYMBOLIC_ONLY (header caveat: values symbolic, use API)",AVAILABLE_BUT_REQUIRES_PATCH
ETHOSU_PMU_SRAM_WR_TRANS_COMPLETED_S,60,dependencies/core-driver/include/pmu_ethosu.h,206,ETHOSU85,no,yes (profiler event slot reconfiguration),"SYMBOLIC_ONLY (header caveat: values symbolic, use API)",AVAILABLE_BUT_REQUIRES_PATCH
ETHOSU_PMU_SRAM_WR_DATA_BEAT_WRITTEN,61,dependencies/core-driver/include/pmu_ethosu.h,207,ETHOSU85,yes,no,EMITTED_IN_FROZEN_EVIDENCE,VERIFIED_AVAILABLE
ETHOSU_PMU_SRAM_WR_TRAN_REQ_STALLED,62,dependencies/core-driver/include/pmu_ethosu.h,208,ETHOSU85,no,yes (profiler event slot reconfiguration),"SYMBOLIC_ONLY (header caveat: values symbolic, use API)",AVAILABLE_BUT_REQUIRES_PATCH
ETHOSU_PMU_SRAM_WR_DATA_BEAT_STALLED,63,dependencies/core-driver/include/pmu_ethosu.h,209,ETHOSU85,no,yes (profiler event slot reconfiguration),"SYMBOLIC_ONLY (header caveat: values symbolic, use API)",AVAILABLE_BUT_REQUIRES_PATCH
ETHOSU_PMU_SRAM_ENABLED_CYCLES,64,dependencies/core-driver/include/pmu_ethosu.h,210,ETHOSU85,no,yes (profiler event slot reconfiguration),"SYMBOLIC_ONLY (header caveat: values symbolic, use API)",AVAILABLE_BUT_REQUIRES_PATCH
ETHOSU_PMU_SRAM_RD_STALL_LIMIT,65,dependencies/core-driver/include/pmu_ethosu.h,211,ETHOSU85,no,yes (profiler event slot reconfiguration),"SYMBOLIC_ONLY (header caveat: values symbolic, use API)",AVAILABLE_BUT_REQUIRES_PATCH
ETHOSU_PMU_SRAM_WR_STALL_LIMIT,66,dependencies/core-driver/include/pmu_ethosu.h,212,ETHOSU85,no,yes (profiler event slot reconfiguration),"SYMBOLIC_ONLY (header caveat: values symbolic, use API)",AVAILABLE_BUT_REQUIRES_PATCH
ETHOSU_PMU_AXI_LATENCY_ANY,67,dependencies/core-driver/include/pmu_ethosu.h,213,ETHOSU85,no,yes (profiler event slot reconfiguration),"SYMBOLIC_ONLY (header caveat: values symbolic, use API)",AVAILABLE_BUT_REQUIRES_PATCH
ETHOSU_PMU_AXI_LATENCY_32,68,dependencies/core-driver/include/pmu_ethosu.h,214,ETHOSU85,no,yes (profiler event slot reconfiguration),"SYMBOLIC_ONLY (header caveat: values symbolic, use API)",AVAILABLE_BUT_REQUIRES_PATCH
ETHOSU_PMU_AXI_LATENCY_64,69,dependencies/core-driver/include/pmu_ethosu.h,215,ETHOSU85,no,yes (profiler event slot reconfiguration),"SYMBOLIC_ONLY (header caveat: values symbolic, use API)",AVAILABLE_BUT_REQUIRES_PATCH
ETHOSU_PMU_AXI_LATENCY_128,70,dependencies/core-driver/include/pmu_ethosu.h,216,ETHOSU85,no,yes (profiler event slot reconfiguration),"SYMBOLIC_ONLY (header caveat: values symbolic, use API)",AVAILABLE_BUT_REQUIRES_PATCH
ETHOSU_PMU_AXI_LATENCY_256,71,dependencies/core-driver/include/pmu_ethosu.h,217,ETHOSU85,no,yes (profiler event slot reconfiguration),"SYMBOLIC_ONLY (header caveat: values symbolic, use API)",AVAILABLE_BUT_REQUIRES_PATCH
ETHOSU_PMU_AXI_LATENCY_512,72,dependencies/core-driver/include/pmu_ethosu.h,218,ETHOSU85,no,yes (profiler event slot reconfiguration),"SYMBOLIC_ONLY (header caveat: values symbolic, use API)",AVAILABLE_BUT_REQUIRES_PATCH
ETHOSU_PMU_AXI_LATENCY_1024,73,dependencies/core-driver/include/pmu_ethosu.h,219,ETHOSU85,no,yes (profiler event slot reconfiguration),"SYMBOLIC_ONLY (header caveat: values symbolic, use API)",AVAILABLE_BUT_REQUIRES_PATCH
ETHOSU_PMU_ECC_DMA,74,dependencies/core-driver/include/pmu_ethosu.h,220,ETHOSU85,no,yes (profiler event slot reconfiguration),"SYMBOLIC_ONLY (header caveat: values symbolic, use API)",AVAILABLE_BUT_REQUIRES_PATCH
ETHOSU_PMU_ECC_MAC_IB,75,dependencies/core-driver/include/pmu_ethosu.h,221,ETHOSU85,no,yes (profiler event slot reconfiguration),"SYMBOLIC_ONLY (header caveat: values symbolic, use API)",AVAILABLE_BUT_REQUIRES_PATCH
ETHOSU_PMU_ECC_MAC_AB,76,dependencies/core-driver/include/pmu_ethosu.h,222,ETHOSU85,no,yes (profiler event slot reconfiguration),"SYMBOLIC_ONLY (header caveat: values symbolic, use API)",AVAILABLE_BUT_REQUIRES_PATCH
ETHOSU_PMU_ECC_AO_CB,77,dependencies/core-driver/include/pmu_ethosu.h,223,ETHOSU85,no,yes (profiler event slot reconfiguration),"SYMBOLIC_ONLY (header caveat: values symbolic, use API)",AVAILABLE_BUT_REQUIRES_PATCH
ETHOSU_PMU_ECC_AO_OB,78,dependencies/core-driver/include/pmu_ethosu.h,224,ETHOSU85,no,yes (profiler event slot reconfiguration),"SYMBOLIC_ONLY (header caveat: values symbolic, use API)",AVAILABLE_BUT_REQUIRES_PATCH
ETHOSU_PMU_ECC_AO_LUT,79,dependencies/core-driver/include/pmu_ethosu.h,225,ETHOSU85,no,yes (profiler event slot reconfiguration),"SYMBOLIC_ONLY (header caveat: values symbolic, use API)",AVAILABLE_BUT_REQUIRES_PATCH
ETHOSU_PMU_EXT_RD_TRANS_ACCEPTED,80,dependencies/core-driver/include/pmu_ethosu.h,226,ETHOSU85,no,yes (profiler event slot reconfiguration),"SYMBOLIC_ONLY (header caveat: values symbolic, use API)",AVAILABLE_BUT_REQUIRES_PATCH
ETHOSU_PMU_EXT_RD_TRANS_COMPLETED,81,dependencies/core-driver/include/pmu_ethosu.h,227,ETHOSU85,no,yes (profiler event slot reconfiguration),"SYMBOLIC_ONLY (header caveat: values symbolic, use API)",AVAILABLE_BUT_REQUIRES_PATCH
ETHOSU_PMU_EXT_RD_DATA_BEAT_RECEIVED,82,dependencies/core-driver/include/pmu_ethosu.h,228,ETHOSU85,yes,no,EMITTED_IN_FROZEN_EVIDENCE,VERIFIED_AVAILABLE
ETHOSU_PMU_EXT_RD_TRAN_REQ_STALLED,83,dependencies/core-driver/include/pmu_ethosu.h,229,ETHOSU85,no,yes (profiler event slot reconfiguration),"SYMBOLIC_ONLY (header caveat: values symbolic, use API)",AVAILABLE_BUT_REQUIRES_PATCH
ETHOSU_PMU_EXT_WR_TRANS_ACCEPTED,84,dependencies/core-driver/include/pmu_ethosu.h,230,ETHOSU85,no,yes (profiler event slot reconfiguration),"SYMBOLIC_ONLY (header caveat: values symbolic, use API)",AVAILABLE_BUT_REQUIRES_PATCH
ETHOSU_PMU_EXT_WR_TRANS_COMPLETED_M,85,dependencies/core-driver/include/pmu_ethosu.h,231,ETHOSU85,no,yes (profiler event slot reconfiguration),"SYMBOLIC_ONLY (header caveat: values symbolic, use API)",AVAILABLE_BUT_REQUIRES_PATCH
ETHOSU_PMU_EXT_WR_TRANS_COMPLETED_S,86,dependencies/core-driver/include/pmu_ethosu.h,232,ETHOSU85,no,yes (profiler event slot reconfiguration),"SYMBOLIC_ONLY (header caveat: values symbolic, use API)",AVAILABLE_BUT_REQUIRES_PATCH
ETHOSU_PMU_EXT_WR_DATA_BEAT_WRITTEN,87,dependencies/core-driver/include/pmu_ethosu.h,233,ETHOSU85,yes,no,EMITTED_IN_FROZEN_EVIDENCE,VERIFIED_AVAILABLE
ETHOSU_PMU_EXT_WR_TRAN_REQ_STALLED,88,dependencies/core-driver/include/pmu_ethosu.h,234,ETHOSU85,no,yes (profiler event slot reconfiguration),"SYMBOLIC_ONLY (header caveat: values symbolic, use API)",AVAILABLE_BUT_REQUIRES_PATCH
ETHOSU_PMU_EXT_WR_DATA_BEAT_STALLED,89,dependencies/core-driver/include/pmu_ethosu.h,235,ETHOSU85,no,yes (profiler event slot reconfiguration),"SYMBOLIC_ONLY (header caveat: values symbolic, use API)",AVAILABLE_BUT_REQUIRES_PATCH
ETHOSU_PMU_EXT_ENABLED_CYCLES,90,dependencies/core-driver/include/pmu_ethosu.h,236,ETHOSU85,no,yes (profiler event slot reconfiguration),"SYMBOLIC_ONLY (header caveat: values symbolic, use API)",AVAILABLE_BUT_REQUIRES_PATCH
ETHOSU_PMU_EXT_RD_STALL_LIMIT,91,dependencies/core-driver/include/pmu_ethosu.h,237,ETHOSU85,no,yes (profiler event slot reconfiguration),"SYMBOLIC_ONLY (header caveat: values symbolic, use API)",AVAILABLE_BUT_REQUIRES_PATCH
ETHOSU_PMU_EXT_WR_STALL_LIMIT,92,dependencies/core-driver/include/pmu_ethosu.h,238,ETHOSU85,no,yes (profiler event slot reconfiguration),"SYMBOLIC_ONLY (header caveat: values symbolic, use API)",AVAILABLE_BUT_REQUIRES_PATCH
ETHOSU_PMU_SRAM0_RD_TRANS_ACCEPTED,93,dependencies/core-driver/include/pmu_ethosu.h,239,ETHOSU85,no,yes (profiler event slot reconfiguration),"SYMBOLIC_ONLY (header caveat: values symbolic, use API)",AVAILABLE_BUT_REQUIRES_PATCH
ETHOSU_PMU_SRAM0_RD_TRANS_COMPLETED,94,dependencies/core-driver/include/pmu_ethosu.h,240,ETHOSU85,no,yes (profiler event slot reconfiguration),"SYMBOLIC_ONLY (header caveat: values symbolic, use API)",AVAILABLE_BUT_REQUIRES_PATCH
ETHOSU_PMU_SRAM0_RD_DATA_BEAT_RECEIVED,95,dependencies/core-driver/include/pmu_ethosu.h,241,ETHOSU85,no,yes (profiler event slot reconfiguration),"SYMBOLIC_ONLY (header caveat: values symbolic, use API)",AVAILABLE_BUT_REQUIRES_PATCH
ETHOSU_PMU_SRAM0_RD_TRAN_REQ_STALLED,96,dependencies/core-driver/include/pmu_ethosu.h,242,ETHOSU85,no,yes (profiler event slot reconfiguration),"SYMBOLIC_ONLY (header caveat: values symbolic, use API)",AVAILABLE_BUT_REQUIRES_PATCH
ETHOSU_PMU_SRAM0_WR_TRANS_ACCEPTED,97,dependencies/core-driver/include/pmu_ethosu.h,243,ETHOSU85,no,yes (profiler event slot reconfiguration),"SYMBOLIC_ONLY (header caveat: values symbolic, use API)",AVAILABLE_BUT_REQUIRES_PATCH
ETHOSU_PMU_SRAM0_WR_TRANS_COMPLETED_M,98,dependencies/core-driver/include/pmu_ethosu.h,244,ETHOSU85,no,yes (profiler event slot reconfiguration),"SYMBOLIC_ONLY (header caveat: values symbolic, use API)",AVAILABLE_BUT_REQUIRES_PATCH
ETHOSU_PMU_SRAM0_WR_TRANS_COMPLETED_S,99,dependencies/core-driver/include/pmu_ethosu.h,245,ETHOSU85,no,yes (profiler event slot reconfiguration),"SYMBOLIC_ONLY (header caveat: values symbolic, use API)",AVAILABLE_BUT_REQUIRES_PATCH
ETHOSU_PMU_SRAM0_WR_DATA_BEAT_WRITTEN,100,dependencies/core-driver/include/pmu_ethosu.h,246,ETHOSU85,no,yes (profiler event slot reconfiguration),"SYMBOLIC_ONLY (header caveat: values symbolic, use API)",AVAILABLE_BUT_REQUIRES_PATCH
ETHOSU_PMU_SRAM0_WR_TRAN_REQ_STALLED,101,dependencies/core-driver/include/pmu_ethosu.h,247,ETHOSU85,no,yes (profiler event slot reconfiguration),"SYMBOLIC_ONLY (header caveat: values symbolic, use API)",AVAILABLE_BUT_REQUIRES_PATCH
ETHOSU_PMU_SRAM0_WR_DATA_BEAT_STALLED,102,dependencies/core-driver/include/pmu_ethosu.h,248,ETHOSU85,no,yes (profiler event slot reconfiguration),"SYMBOLIC_ONLY (header caveat: values symbolic, use API)",AVAILABLE_BUT_REQUIRES_PATCH
ETHOSU_PMU_SRAM0_ENABLED_CYCLES,103,dependencies/core-driver/include/pmu_ethosu.h,249,ETHOSU85,no,yes (profiler event slot reconfiguration),"SYMBOLIC_ONLY (header caveat: values symbolic, use API)",AVAILABLE_BUT_REQUIRES_PATCH
ETHOSU_PMU_SRAM0_RD_STALL_LIMIT,104,dependencies/core-driver/include/pmu_ethosu.h,250,ETHOSU85,no,yes (profiler event slot reconfiguration),"SYMBOLIC_ONLY (header caveat: values symbolic, use API)",AVAILABLE_BUT_REQUIRES_PATCH
ETHOSU_PMU_SRAM0_WR_STALL_LIMIT,105,dependencies/core-driver/include/pmu_ethosu.h,251,ETHOSU85,no,yes (profiler event slot reconfiguration),"SYMBOLIC_ONLY (header caveat: values symbolic, use API)",AVAILABLE_BUT_REQUIRES_PATCH
ETHOSU_PMU_SRAM1_RD_TRANS_ACCEPTED,106,dependencies/core-driver/include/pmu_ethosu.h,252,ETHOSU85,no,yes (profiler event slot reconfiguration),"SYMBOLIC_ONLY (header caveat: values symbolic, use API)",AVAILABLE_BUT_REQUIRES_PATCH
ETHOSU_PMU_SRAM1_RD_TRANS_COMPLETED,107,dependencies/core-driver/include/pmu_ethosu.h,253,ETHOSU85,no,yes (profiler event slot reconfiguration),"SYMBOLIC_ONLY (header caveat: values symbolic, use API)",AVAILABLE_BUT_REQUIRES_PATCH
ETHOSU_PMU_SRAM1_RD_DATA_BEAT_RECEIVED,108,dependencies/core-driver/include/pmu_ethosu.h,254,ETHOSU85,no,yes (profiler event slot reconfiguration),"SYMBOLIC_ONLY (header caveat: values symbolic, use API)",AVAILABLE_BUT_REQUIRES_PATCH
ETHOSU_PMU_SRAM1_RD_TRAN_REQ_STALLED,109,dependencies/core-driver/include/pmu_ethosu.h,255,ETHOSU85,no,yes (profiler event slot reconfiguration),"SYMBOLIC_ONLY (header caveat: values symbolic, use API)",AVAILABLE_BUT_REQUIRES_PATCH
ETHOSU_PMU_SRAM1_WR_TRANS_ACCEPTED,110,dependencies/core-driver/include/pmu_ethosu.h,256,ETHOSU85,no,yes (profiler event slot reconfiguration),"SYMBOLIC_ONLY (header caveat: values symbolic, use API)",AVAILABLE_BUT_REQUIRES_PATCH
ETHOSU_PMU_SRAM1_WR_TRANS_COMPLETED_M,111,dependencies/core-driver/include/pmu_ethosu.h,257,ETHOSU85,no,yes (profiler event slot reconfiguration),"SYMBOLIC_ONLY (header caveat: values symbolic, use API)",AVAILABLE_BUT_REQUIRES_PATCH
ETHOSU_PMU_SRAM1_WR_TRANS_COMPLETED_S,112,dependencies/core-driver/include/pmu_ethosu.h,258,ETHOSU85,no,yes (profiler event slot reconfiguration),"SYMBOLIC_ONLY (header caveat: values symbolic, use API)",AVAILABLE_BUT_REQUIRES_PATCH
ETHOSU_PMU_SRAM1_WR_DATA_BEAT_WRITTEN,113,dependencies/core-driver/include/pmu_ethosu.h,259,ETHOSU85,no,yes (profiler event slot reconfiguration),"SYMBOLIC_ONLY (header caveat: values symbolic, use API)",AVAILABLE_BUT_REQUIRES_PATCH
ETHOSU_PMU_SRAM1_WR_TRAN_REQ_STALLED,114,dependencies/core-driver/include/pmu_ethosu.h,260,ETHOSU85,no,yes (profiler event slot reconfiguration),"SYMBOLIC_ONLY (header caveat: values symbolic, use API)",AVAILABLE_BUT_REQUIRES_PATCH
ETHOSU_PMU_SRAM1_WR_DATA_BEAT_STALLED,115,dependencies/core-driver/include/pmu_ethosu.h,261,ETHOSU85,no,yes (profiler event slot reconfiguration),"SYMBOLIC_ONLY (header caveat: values symbolic, use API)",AVAILABLE_BUT_REQUIRES_PATCH
ETHOSU_PMU_SRAM1_ENABLED_CYCLES,116,dependencies/core-driver/include/pmu_ethosu.h,262,ETHOSU85,no,yes (profiler event slot reconfiguration),"SYMBOLIC_ONLY (header caveat: values symbolic, use API)",AVAILABLE_BUT_REQUIRES_PATCH
ETHOSU_PMU_SRAM1_RD_STALL_LIMIT,117,dependencies/core-driver/include/pmu_ethosu.h,263,ETHOSU85,no,yes (profiler event slot reconfiguration),"SYMBOLIC_ONLY (header caveat: values symbolic, use API)",AVAILABLE_BUT_REQUIRES_PATCH
ETHOSU_PMU_SRAM1_WR_STALL_LIMIT,118,dependencies/core-driver/include/pmu_ethosu.h,264,ETHOSU85,no,yes (profiler event slot reconfiguration),"SYMBOLIC_ONLY (header caveat: values symbolic, use API)",AVAILABLE_BUT_REQUIRES_PATCH
ETHOSU_PMU_SRAM2_RD_TRANS_ACCEPTED,119,dependencies/core-driver/include/pmu_ethosu.h,265,ETHOSU85,no,yes (profiler event slot reconfiguration),"SYMBOLIC_ONLY (header caveat: values symbolic, use API)",AVAILABLE_BUT_REQUIRES_PATCH
ETHOSU_PMU_SRAM2_RD_TRANS_COMPLETED,120,dependencies/core-driver/include/pmu_ethosu.h,266,ETHOSU85,no,yes (profiler event slot reconfiguration),"SYMBOLIC_ONLY (header caveat: values symbolic, use API)",AVAILABLE_BUT_REQUIRES_PATCH
ETHOSU_PMU_SRAM2_RD_DATA_BEAT_RECEIVED,121,dependencies/core-driver/include/pmu_ethosu.h,267,ETHOSU85,no,yes (profiler event slot reconfiguration),"SYMBOLIC_ONLY (header caveat: values symbolic, use API)",AVAILABLE_BUT_REQUIRES_PATCH
ETHOSU_PMU_SRAM2_RD_TRAN_REQ_STALLED,122,dependencies/core-driver/include/pmu_ethosu.h,268,ETHOSU85,no,yes (profiler event slot reconfiguration),"SYMBOLIC_ONLY (header caveat: values symbolic, use API)",AVAILABLE_BUT_REQUIRES_PATCH
ETHOSU_PMU_SRAM2_WR_TRANS_ACCEPTED,123,dependencies/core-driver/include/pmu_ethosu.h,269,ETHOSU85,no,yes (profiler event slot reconfiguration),"SYMBOLIC_ONLY (header caveat: values symbolic, use API)",AVAILABLE_BUT_REQUIRES_PATCH
ETHOSU_PMU_SRAM2_WR_TRANS_COMPLETED_M,124,dependencies/core-driver/include/pmu_ethosu.h,270,ETHOSU85,no,yes (profiler event slot reconfiguration),"SYMBOLIC_ONLY (header caveat: values symbolic, use API)",AVAILABLE_BUT_REQUIRES_PATCH
ETHOSU_PMU_SRAM2_WR_TRANS_COMPLETED_S,125,dependencies/core-driver/include/pmu_ethosu.h,271,ETHOSU85,no,yes (profiler event slot reconfiguration),"SYMBOLIC_ONLY (header caveat: values symbolic, use API)",AVAILABLE_BUT_REQUIRES_PATCH
ETHOSU_PMU_SRAM2_WR_DATA_BEAT_WRITTEN,126,dependencies/core-driver/include/pmu_ethosu.h,272,ETHOSU85,no,yes (profiler event slot reconfiguration),"SYMBOLIC_ONLY (header caveat: values symbolic, use API)",AVAILABLE_BUT_REQUIRES_PATCH
ETHOSU_PMU_SRAM2_WR_TRAN_REQ_STALLED,127,dependencies/core-driver/include/pmu_ethosu.h,273,ETHOSU85,no,yes (profiler event slot reconfiguration),"SYMBOLIC_ONLY (header caveat: values symbolic, use API)",AVAILABLE_BUT_REQUIRES_PATCH
ETHOSU_PMU_SRAM2_WR_DATA_BEAT_STALLED,128,dependencies/core-driver/include/pmu_ethosu.h,274,ETHOSU85,no,yes (profiler event slot reconfiguration),"SYMBOLIC_ONLY (header caveat: values symbolic, use API)",AVAILABLE_BUT_REQUIRES_PATCH
ETHOSU_PMU_SRAM2_ENABLED_CYCLES,129,dependencies/core-driver/include/pmu_ethosu.h,275,ETHOSU85,no,yes (profiler event slot reconfiguration),"SYMBOLIC_ONLY (header caveat: values symbolic, use API)",AVAILABLE_BUT_REQUIRES_PATCH
ETHOSU_PMU_SRAM2_RD_STALL_LIMIT,130,dependencies/core-driver/include/pmu_ethosu.h,276,ETHOSU85,no,yes (profiler event slot reconfiguration),"SYMBOLIC_ONLY (header caveat: values symbolic, use API)",AVAILABLE_BUT_REQUIRES_PATCH
ETHOSU_PMU_SRAM2_WR_STALL_LIMIT,131,dependencies/core-driver/include/pmu_ethosu.h,277,ETHOSU85,no,yes (profiler event slot reconfiguration),"SYMBOLIC_ONLY (header caveat: values symbolic, use API)",AVAILABLE_BUT_REQUIRES_PATCH
ETHOSU_PMU_SRAM3_RD_TRANS_ACCEPTED,132,dependencies/core-driver/include/pmu_ethosu.h,278,ETHOSU85,no,yes (profiler event slot reconfiguration),"SYMBOLIC_ONLY (header caveat: values symbolic, use API)",AVAILABLE_BUT_REQUIRES_PATCH
ETHOSU_PMU_SRAM3_RD_TRANS_COMPLETED,133,dependencies/core-driver/include/pmu_ethosu.h,279,ETHOSU85,no,yes (profiler event slot reconfiguration),"SYMBOLIC_ONLY (header caveat: values symbolic, use API)",AVAILABLE_BUT_REQUIRES_PATCH
ETHOSU_PMU_SRAM3_RD_DATA_BEAT_RECEIVED,134,dependencies/core-driver/include/pmu_ethosu.h,280,ETHOSU85,no,yes (profiler event slot reconfiguration),"SYMBOLIC_ONLY (header caveat: values symbolic, use API)",AVAILABLE_BUT_REQUIRES_PATCH
ETHOSU_PMU_SRAM3_RD_TRAN_REQ_STALLED,135,dependencies/core-driver/include/pmu_ethosu.h,281,ETHOSU85,no,yes (profiler event slot reconfiguration),"SYMBOLIC_ONLY (header caveat: values symbolic, use API)",AVAILABLE_BUT_REQUIRES_PATCH
ETHOSU_PMU_SRAM3_WR_TRANS_ACCEPTED,136,dependencies/core-driver/include/pmu_ethosu.h,282,ETHOSU85,no,yes (profiler event slot reconfiguration),"SYMBOLIC_ONLY (header caveat: values symbolic, use API)",AVAILABLE_BUT_REQUIRES_PATCH
ETHOSU_PMU_SRAM3_WR_TRANS_COMPLETED_M,137,dependencies/core-driver/include/pmu_ethosu.h,283,ETHOSU85,no,yes (profiler event slot reconfiguration),"SYMBOLIC_ONLY (header caveat: values symbolic, use API)",AVAILABLE_BUT_REQUIRES_PATCH
ETHOSU_PMU_SRAM3_WR_TRANS_COMPLETED_S,138,dependencies/core-driver/include/pmu_ethosu.h,284,ETHOSU85,no,yes (profiler event slot reconfiguration),"SYMBOLIC_ONLY (header caveat: values symbolic, use API)",AVAILABLE_BUT_REQUIRES_PATCH
ETHOSU_PMU_SRAM3_WR_DATA_BEAT_WRITTEN,139,dependencies/core-driver/include/pmu_ethosu.h,285,ETHOSU85,no,yes (profiler event slot reconfiguration),"SYMBOLIC_ONLY (header caveat: values symbolic, use API)",AVAILABLE_BUT_REQUIRES_PATCH
ETHOSU_PMU_SRAM3_WR_TRAN_REQ_STALLED,140,dependencies/core-driver/include/pmu_ethosu.h,286,ETHOSU85,no,yes (profiler event slot reconfiguration),"SYMBOLIC_ONLY (header caveat: values symbolic, use API)",AVAILABLE_BUT_REQUIRES_PATCH
ETHOSU_PMU_SRAM3_WR_DATA_BEAT_STALLED,141,dependencies/core-driver/include/pmu_ethosu.h,287,ETHOSU85,no,yes (profiler event slot reconfiguration),"SYMBOLIC_ONLY (header caveat: values symbolic, use API)",AVAILABLE_BUT_REQUIRES_PATCH
ETHOSU_PMU_SRAM3_ENABLED_CYCLES,142,dependencies/core-driver/include/pmu_ethosu.h,288,ETHOSU85,no,yes (profiler event slot reconfiguration),"SYMBOLIC_ONLY (header caveat: values symbolic, use API)",AVAILABLE_BUT_REQUIRES_PATCH
ETHOSU_PMU_SRAM3_RD_STALL_LIMIT,143,dependencies/core-driver/include/pmu_ethosu.h,289,ETHOSU85,no,yes (profiler event slot reconfiguration),"SYMBOLIC_ONLY (header caveat: values symbolic, use API)",AVAILABLE_BUT_REQUIRES_PATCH
ETHOSU_PMU_SRAM3_WR_STALL_LIMIT,144,dependencies/core-driver/include/pmu_ethosu.h,290,ETHOSU85,no,yes (profiler event slot reconfiguration),"SYMBOLIC_ONLY (header caveat: values symbolic, use API)",AVAILABLE_BUT_REQUIRES_PATCH
ETHOSU_PMU_EXT0_RD_TRANS_ACCEPTED,145,dependencies/core-driver/include/pmu_ethosu.h,291,ETHOSU85,no,yes (profiler event slot reconfiguration),"SYMBOLIC_ONLY (header caveat: values symbolic, use API)",AVAILABLE_BUT_REQUIRES_PATCH
ETHOSU_PMU_EXT0_RD_TRANS_COMPLETED,146,dependencies/core-driver/include/pmu_ethosu.h,292,ETHOSU85,no,yes (profiler event slot reconfiguration),"SYMBOLIC_ONLY (header caveat: values symbolic, use API)",AVAILABLE_BUT_REQUIRES_PATCH
ETHOSU_PMU_EXT0_RD_DATA_BEAT_RECEIVED,147,dependencies/core-driver/include/pmu_ethosu.h,293,ETHOSU85,no,yes (profiler event slot reconfiguration),"SYMBOLIC_ONLY (header caveat: values symbolic, use API)",AVAILABLE_BUT_REQUIRES_PATCH
ETHOSU_PMU_EXT0_RD_TRAN_REQ_STALLED,148,dependencies/core-driver/include/pmu_ethosu.h,294,ETHOSU85,no,yes (profiler event slot reconfiguration),"SYMBOLIC_ONLY (header caveat: values symbolic, use API)",AVAILABLE_BUT_REQUIRES_PATCH
ETHOSU_PMU_EXT0_WR_TRANS_ACCEPTED,149,dependencies/core-driver/include/pmu_ethosu.h,295,ETHOSU85,no,yes (profiler event slot reconfiguration),"SYMBOLIC_ONLY (header caveat: values symbolic, use API)",AVAILABLE_BUT_REQUIRES_PATCH
ETHOSU_PMU_EXT0_WR_TRANS_COMPLETED_M,150,dependencies/core-driver/include/pmu_ethosu.h,296,ETHOSU85,no,yes (profiler event slot reconfiguration),"SYMBOLIC_ONLY (header caveat: values symbolic, use API)",AVAILABLE_BUT_REQUIRES_PATCH
ETHOSU_PMU_EXT0_WR_TRANS_COMPLETED_S,151,dependencies/core-driver/include/pmu_ethosu.h,297,ETHOSU85,no,yes (profiler event slot reconfiguration),"SYMBOLIC_ONLY (header caveat: values symbolic, use API)",AVAILABLE_BUT_REQUIRES_PATCH
ETHOSU_PMU_EXT0_WR_DATA_BEAT_WRITTEN,152,dependencies/core-driver/include/pmu_ethosu.h,298,ETHOSU85,no,yes (profiler event slot reconfiguration),"SYMBOLIC_ONLY (header caveat: values symbolic, use API)",AVAILABLE_BUT_REQUIRES_PATCH
ETHOSU_PMU_EXT0_WR_TRAN_REQ_STALLED,153,dependencies/core-driver/include/pmu_ethosu.h,299,ETHOSU85,no,yes (profiler event slot reconfiguration),"SYMBOLIC_ONLY (header caveat: values symbolic, use API)",AVAILABLE_BUT_REQUIRES_PATCH
ETHOSU_PMU_EXT0_WR_DATA_BEAT_STALLED,154,dependencies/core-driver/include/pmu_ethosu.h,300,ETHOSU85,no,yes (profiler event slot reconfiguration),"SYMBOLIC_ONLY (header caveat: values symbolic, use API)",AVAILABLE_BUT_REQUIRES_PATCH
ETHOSU_PMU_EXT0_ENABLED_CYCLES,155,dependencies/core-driver/include/pmu_ethosu.h,301,ETHOSU85,no,yes (profiler event slot reconfiguration),"SYMBOLIC_ONLY (header caveat: values symbolic, use API)",AVAILABLE_BUT_REQUIRES_PATCH
ETHOSU_PMU_EXT0_RD_STALL_LIMIT,156,dependencies/core-driver/include/pmu_ethosu.h,302,ETHOSU85,no,yes (profiler event slot reconfiguration),"SYMBOLIC_ONLY (header caveat: values symbolic, use API)",AVAILABLE_BUT_REQUIRES_PATCH
ETHOSU_PMU_EXT0_WR_STALL_LIMIT,157,dependencies/core-driver/include/pmu_ethosu.h,303,ETHOSU85,no,yes (profiler event slot reconfiguration),"SYMBOLIC_ONLY (header caveat: values symbolic, use API)",AVAILABLE_BUT_REQUIRES_PATCH
ETHOSU_PMU_EXT1_RD_TRANS_ACCEPTED,158,dependencies/core-driver/include/pmu_ethosu.h,304,ETHOSU85,no,yes (profiler event slot reconfiguration),"SYMBOLIC_ONLY (header caveat: values symbolic, use API)",AVAILABLE_BUT_REQUIRES_PATCH
ETHOSU_PMU_EXT1_RD_TRANS_COMPLETED,159,dependencies/core-driver/include/pmu_ethosu.h,305,ETHOSU85,no,yes (profiler event slot reconfiguration),"SYMBOLIC_ONLY (header caveat: values symbolic, use API)",AVAILABLE_BUT_REQUIRES_PATCH
ETHOSU_PMU_EXT1_RD_DATA_BEAT_RECEIVED,160,dependencies/core-driver/include/pmu_ethosu.h,306,ETHOSU85,no,yes (profiler event slot reconfiguration),"SYMBOLIC_ONLY (header caveat: values symbolic, use API)",AVAILABLE_BUT_REQUIRES_PATCH
ETHOSU_PMU_EXT1_RD_TRAN_REQ_STALLED,161,dependencies/core-driver/include/pmu_ethosu.h,307,ETHOSU85,no,yes (profiler event slot reconfiguration),"SYMBOLIC_ONLY (header caveat: values symbolic, use API)",AVAILABLE_BUT_REQUIRES_PATCH
ETHOSU_PMU_EXT1_WR_TRANS_ACCEPTED,162,dependencies/core-driver/include/pmu_ethosu.h,308,ETHOSU85,no,yes (profiler event slot reconfiguration),"SYMBOLIC_ONLY (header caveat: values symbolic, use API)",AVAILABLE_BUT_REQUIRES_PATCH
ETHOSU_PMU_EXT1_WR_TRANS_COMPLETED_M,163,dependencies/core-driver/include/pmu_ethosu.h,309,ETHOSU85,no,yes (profiler event slot reconfiguration),"SYMBOLIC_ONLY (header caveat: values symbolic, use API)",AVAILABLE_BUT_REQUIRES_PATCH
ETHOSU_PMU_EXT1_WR_TRANS_COMPLETED_S,164,dependencies/core-driver/include/pmu_ethosu.h,310,ETHOSU85,no,yes (profiler event slot reconfiguration),"SYMBOLIC_ONLY (header caveat: values symbolic, use API)",AVAILABLE_BUT_REQUIRES_PATCH
ETHOSU_PMU_EXT1_WR_DATA_BEAT_WRITTEN,165,dependencies/core-driver/include/pmu_ethosu.h,311,ETHOSU85,no,yes (profiler event slot reconfiguration),"SYMBOLIC_ONLY (header caveat: values symbolic, use API)",AVAILABLE_BUT_REQUIRES_PATCH
ETHOSU_PMU_EXT1_WR_TRAN_REQ_STALLED,166,dependencies/core-driver/include/pmu_ethosu.h,312,ETHOSU85,no,yes (profiler event slot reconfiguration),"SYMBOLIC_ONLY (header caveat: values symbolic, use API)",AVAILABLE_BUT_REQUIRES_PATCH
ETHOSU_PMU_EXT1_WR_DATA_BEAT_STALLED,167,dependencies/core-driver/include/pmu_ethosu.h,313,ETHOSU85,no,yes (profiler event slot reconfiguration),"SYMBOLIC_ONLY (header caveat: values symbolic, use API)",AVAILABLE_BUT_REQUIRES_PATCH
ETHOSU_PMU_EXT1_ENABLED_CYCLES,168,dependencies/core-driver/include/pmu_ethosu.h,314,ETHOSU85,no,yes (profiler event slot reconfiguration),"SYMBOLIC_ONLY (header caveat: values symbolic, use API)",AVAILABLE_BUT_REQUIRES_PATCH
ETHOSU_PMU_EXT1_RD_STALL_LIMIT,169,dependencies/core-driver/include/pmu_ethosu.h,315,ETHOSU85,no,yes (profiler event slot reconfiguration),"SYMBOLIC_ONLY (header caveat: values symbolic, use API)",AVAILABLE_BUT_REQUIRES_PATCH
ETHOSU_PMU_EXT1_WR_STALL_LIMIT,170,dependencies/core-driver/include/pmu_ethosu.h,316,ETHOSU85,no,yes (profiler event slot reconfiguration),"SYMBOLIC_ONLY (header caveat: values symbolic, use API)",AVAILABLE_BUT_REQUIRES_PATCH
ETHOSU_PMU_SENTINEL,171,dependencies/core-driver/include/pmu_ethosu.h,318,ETHOSU85,no,n/a,N/A,NOT_AVAILABLE
