workload,binding_pair,group_root,n_ops,member_source_ids,member_types,cycles_256,cycles_512,delta,direction
ad_medium_int8,B-frozen,7,1,7,Conv2D,81030,49030,-32000,IMPROVE
ad_medium_int8,B-frozen,5,1,5,Conv2D,80030,50030,-30000,IMPROVE
ad_medium_int8,B-frozen,1,1,1,Conv2D,57070,30070,-27000,IMPROVE
ad_medium_int8,B-frozen,3,1,3,Conv2D,54015,28030,-25985,IMPROVE
ad_medium_int8,B-frozen,-1,2,-1 4,DepthwiseConv2D KERNEL_WAIT,21015,10015,-11000,IMPROVE
ad_medium_int8,B-frozen,9,1,9,Conv2D,23015,12015,-11000,IMPROVE
ad_medium_int8,B-frozen,6,1,6,DepthwiseConv2D,21015,11015,-10000,IMPROVE
ad_medium_int8,B-frozen,10,1,10,DepthwiseConv2D,3015,8015,5000,REGRESS
ad_medium_int8,B-frozen,2,1,2,DepthwiseConv2D,14015,16015,2000,REGRESS
ad_medium_int8,B-frozen,11,2,11 12,AvgPool Conv2D,15015,14030,-985,IMPROVE
ad_medium_int8,B-frozen,8,1,8,DepthwiseConv2D,6015,6015,0,SAME
ad_medium_int8,B-frozen,13,1,13,Conv2D,1030,1030,0,SAME
ad_medium_int8,B-held,7,1,7,Conv2D,81030,48030,-33000,IMPROVE
ad_medium_int8,B-held,5,1,5,Conv2D,80030,50030,-30000,IMPROVE
ad_medium_int8,B-held,1,1,1,Conv2D,57070,30070,-27000,IMPROVE
ad_medium_int8,B-held,3,1,3,Conv2D,54015,29015,-25000,IMPROVE
ad_medium_int8,B-held,-1,2,-1 4,DepthwiseConv2D KERNEL_WAIT,21015,10015,-11000,IMPROVE
ad_medium_int8,B-held,9,1,9,Conv2D,23015,12015,-11000,IMPROVE
ad_medium_int8,B-held,6,1,6,DepthwiseConv2D,21015,11015,-10000,IMPROVE
ad_medium_int8,B-held,10,1,10,DepthwiseConv2D,3015,7015,4000,REGRESS
ad_medium_int8,B-held,2,1,2,DepthwiseConv2D,14015,16015,2000,REGRESS
ad_medium_int8,B-held,8,1,8,DepthwiseConv2D,6015,7015,1000,REGRESS
ad_medium_int8,B-held,11,2,11 12,AvgPool Conv2D,15015,14030,-985,IMPROVE
ad_medium_int8,B-held,13,1,13,Conv2D,1030,1030,0,SAME
kws_micronet_m,B-frozen,1,1,1,Conv2D,97070,50070,-47000,IMPROVE
kws_micronet_m,B-frozen,7,1,7,Conv2D,15030,8015,-7015,IMPROVE
kws_micronet_m,B-frozen,5,1,5,Conv2D,15030,9015,-6015,IMPROVE
kws_micronet_m,B-frozen,3,1,3,Conv2D,14015,8015,-6000,IMPROVE
kws_micronet_m,B-frozen,9,1,9,Conv2D,11015,7030,-3985,IMPROVE
kws_micronet_m,B-frozen,11,1,11,Conv2D,14030,11015,-3015,IMPROVE
kws_micronet_m,B-frozen,6,1,6,DepthwiseConv2D,6015,3015,-3000,IMPROVE
kws_micronet_m,B-frozen,-1,2,-1 10,DepthwiseConv2D KERNEL_WAIT,5015,3015,-2000,IMPROVE
kws_micronet_m,B-frozen,4,1,4,DepthwiseConv2D,6015,4015,-2000,IMPROVE
kws_micronet_m,B-frozen,8,1,8,DepthwiseConv2D,6015,4015,-2000,IMPROVE
kws_micronet_m,B-frozen,12,2,12 13,AvgPool Conv2D,3045,2030,-1015,IMPROVE
kws_micronet_m,B-frozen,2,1,2,DepthwiseConv2D,6015,5015,-1000,IMPROVE
kws_micronet_m,B-held,1,1,1,Conv2D,97070,50070,-47000,IMPROVE
kws_micronet_m,B-held,7,1,7,Conv2D,15030,8030,-7000,IMPROVE
kws_micronet_m,B-held,5,1,5,Conv2D,15030,10030,-5000,IMPROVE
kws_micronet_m,B-held,3,1,3,Conv2D,14015,10030,-3985,IMPROVE
kws_micronet_m,B-held,4,1,4,DepthwiseConv2D,6015,3015,-3000,IMPROVE
kws_micronet_m,B-held,8,1,8,DepthwiseConv2D,6015,3015,-3000,IMPROVE
kws_micronet_m,B-held,11,1,11,Conv2D,14030,11030,-3000,IMPROVE
kws_micronet_m,B-held,9,1,9,Conv2D,11015,8030,-2985,IMPROVE
kws_micronet_m,B-held,6,1,6,DepthwiseConv2D,6015,4015,-2000,IMPROVE
kws_micronet_m,B-held,-1,2,-1 10,DepthwiseConv2D KERNEL_WAIT,5015,3015,-2000,IMPROVE
kws_micronet_m,B-held,2,1,2,DepthwiseConv2D,6015,5015,-1000,IMPROVE
kws_micronet_m,B-held,13,1,13,Conv2D,1030,1030,0,SAME
kws_micronet_m,B-held,12,1,12,AvgPool,2015,2015,0,SAME
rnnoise_INT8,B-frozen,51,5,51 52 58 59 60,Add Mul Pack Sub,3015,7045,4030,REGRESS
rnnoise_INT8,B-frozen,8,5,8 14 17 19 20,Add FullyConnected Mul,1015,4030,3015,REGRESS
rnnoise_INT8,B-frozen,49,5,47 49 53 55 56,Add FullyConnected Mul,7030,10030,3000,REGRESS
rnnoise_INT8,B-frozen,30,5,30 32 36 38 39,Add FullyConnected Mul,4015,6030,2015,REGRESS
rnnoise_INT8,B-frozen,43,4,1 43 44 45,Concat FullyConnected Quantize,8030,10030,2000,REGRESS
rnnoise_INT8,B-frozen,3,2,3 12,FullyConnected Reshape,2073,4073,2000,REGRESS
rnnoise_INT8,B-frozen,16,4,16 22 23 24,Add Mul Sub,1015,2015,1000,REGRESS
rnnoise_INT8,B-frozen,10,4,10 26 27 28,Concat FullyConnected Quantize,2015,3015,1000,REGRESS
rnnoise_INT8,B-frozen,66,1,66,FullyConnected,1015,2015,1000,REGRESS
rnnoise_INT8,B-frozen,4,1,4,FullyConnected,2015,1015,-1000,IMPROVE
rnnoise_INT8,B-frozen,35,2,35 40,Mul Sub,1015,2015,1000,REGRESS
rnnoise_INT8,B-frozen,25,2,25 65,Pack Reshape,1015,1015,0,SAME
rnnoise_INT8,B-frozen,34,3,34 41 42,Add Mul Pack,1015,1015,0,SAME
rnnoise_INT8,B-frozen,62,1,62,FullyConnected,1030,1030,0,SAME
rnnoise_INT8,B-held,51,5,51 52 58 59 60,Add Mul Pack Sub,3015,7045,4030,REGRESS
rnnoise_INT8,B-held,8,5,8 14 17 19 20,Add FullyConnected Mul,1015,4030,3015,REGRESS
rnnoise_INT8,B-held,49,5,47 49 53 55 56,Add FullyConnected Mul,7030,10030,3000,REGRESS
rnnoise_INT8,B-held,30,5,30 32 36 38 39,Add FullyConnected Mul,4015,6030,2015,REGRESS
rnnoise_INT8,B-held,43,4,1 43 44 45,Concat FullyConnected Quantize,8030,10030,2000,REGRESS
rnnoise_INT8,B-held,3,2,3 12,FullyConnected Reshape,2073,4073,2000,REGRESS
rnnoise_INT8,B-held,16,4,16 22 23 24,Add Mul Sub,1015,2015,1000,REGRESS
rnnoise_INT8,B-held,10,4,10 26 27 28,Concat FullyConnected Quantize,2015,3015,1000,REGRESS
rnnoise_INT8,B-held,66,1,66,FullyConnected,1015,2015,1000,REGRESS
rnnoise_INT8,B-held,4,1,4,FullyConnected,2015,1015,-1000,IMPROVE
rnnoise_INT8,B-held,35,2,35 40,Mul Sub,1015,2015,1000,REGRESS
rnnoise_INT8,B-held,25,2,25 65,Pack Reshape,1015,1015,0,SAME
rnnoise_INT8,B-held,34,3,34 41 42,Add Mul Pack,1015,1015,0,SAME
rnnoise_INT8,B-held,62,1,62,FullyConnected,1030,1030,0,SAME
vww4_128_128_INT8,B-frozen,3,1,3,DepthwiseConv2D,23030,11030,-12000,IMPROVE
vww4_128_128_INT8,B-frozen,26,1,26,Conv2D,11030,6030,-5000,IMPROVE
vww4_128_128_INT8,B-frozen,21,1,21,Conv2D,8030,4030,-4000,IMPROVE
vww4_128_128_INT8,B-frozen,-1,7,-1 2 6 8 13 15 27,Conv2D DepthwiseConv2D KERNEL_WAIT,29105,25105,-4000,IMPROVE
vww4_128_128_INT8,B-frozen,35,1,35,DepthwiseConv2D,4015,8015,4000,REGRESS
vww4_128_128_INT8,B-frozen,17,1,17,DepthwiseConv2D,6015,3015,-3000,IMPROVE
vww4_128_128_INT8,B-frozen,57,1,57,DepthwiseConv2D,3015,6015,3000,REGRESS
vww4_128_128_INT8,B-frozen,29,1,29,Conv2D,5015,8015,3000,REGRESS
vww4_128_128_INT8,B-frozen,41,1,41,Conv2D,4015,1015,-3000,IMPROVE
vww4_128_128_INT8,B-frozen,22,1,22,DepthwiseConv2D,7015,4015,-3000,IMPROVE
vww4_128_128_INT8,B-frozen,36,1,36,Conv2D,4015,1015,-3000,IMPROVE
vww4_128_128_INT8,B-frozen,53,3,53 54 55,Add Conv2D Pad,6060,4030,-2030,IMPROVE
vww4_128_128_INT8,B-frozen,16,1,16,Conv2D,7015,5015,-2000,IMPROVE
vww4_128_128_INT8,B-frozen,11,1,11,Pad,6030,8030,2000,REGRESS
vww4_128_128_INT8,B-frozen,31,1,31,Conv2D,3015,1015,-2000,IMPROVE
vww4_128_128_INT8,B-frozen,64,1,64,DepthwiseConv2D,1015,3015,2000,REGRESS
vww4_128_128_INT8,B-frozen,9,1,9,DepthwiseConv2D,4015,2015,-2000,IMPROVE
vww4_128_128_INT8,B-frozen,71,3,71 72 73,AvgPool Conv2D,3045,5045,2000,REGRESS
vww4_128_128_INT8,B-frozen,59,1,59,Conv2D,1015,3015,2000,REGRESS
vww4_128_128_INT8,B-frozen,4,1,4,Conv2D,5015,7015,2000,REGRESS
vww4_128_128_INT8,B-frozen,39,1,39,Conv2D,6015,8015,2000,REGRESS
vww4_128_128_INT8,B-frozen,46,1,46,Conv2D,4015,2015,-2000,IMPROVE
vww4_128_128_INT8,B-frozen,12,1,12,Add,4015,2015,-2000,IMPROVE
vww4_128_128_INT8,B-frozen,7,1,7,Conv2D,4015,2015,-2000,IMPROVE
vww4_128_128_INT8,B-frozen,10,1,10,Conv2D,5015,3015,-2000,IMPROVE
vww4_128_128_INT8,B-frozen,5,1,5,Conv2D,8015,6015,-2000,IMPROVE
vww4_128_128_INT8,B-frozen,32,1,32,Pad,1015,2030,1015,REGRESS
vww4_128_128_INT8,B-frozen,18,1,18,Conv2D,4015,3015,-1000,IMPROVE
vww4_128_128_INT8,B-frozen,28,1,28,Conv2D,2015,1015,-1000,IMPROVE
vww4_128_128_INT8,B-frozen,60,1,60,DepthwiseConv2D,2015,3015,1000,REGRESS
vww4_128_128_INT8,B-frozen,19,1,19,Pad,3030,2030,-1000,IMPROVE
vww4_128_128_INT8,B-frozen,30,1,30,DepthwiseConv2D,5015,6015,1000,REGRESS
vww4_128_128_INT8,B-frozen,48,1,48,DepthwiseConv2D,3015,4015,1000,REGRESS
vww4_128_128_INT8,B-frozen,49,2,49 50,Add Conv2D,5015,4015,-1000,IMPROVE
vww4_128_128_INT8,B-frozen,69,1,69,DepthwiseConv2D,1015,2015,1000,REGRESS
vww4_128_128_INT8,B-frozen,23,1,23,Conv2D,3015,2015,-1000,IMPROVE
vww4_128_128_INT8,B-frozen,58,1,58,Conv2D,1015,15,-1000,IMPROVE
vww4_128_128_INT8,B-frozen,45,1,45,DepthwiseConv2D,4015,5015,1000,REGRESS
vww4_128_128_INT8,B-frozen,68,1,68,Conv2D,2015,3015,1000,REGRESS
vww4_128_128_INT8,B-frozen,42,2,42 43,Add Pad,2030,3030,1000,REGRESS
vww4_128_128_INT8,B-frozen,52,1,52,DepthwiseConv2D,4015,3015,-1000,IMPROVE
vww4_128_128_INT8,B-frozen,44,1,44,Conv2D,3015,4015,1000,REGRESS
vww4_128_128_INT8,B-frozen,63,1,63,Conv2D,1015,2015,1000,REGRESS
vww4_128_128_INT8,B-frozen,1,1,1,Conv2D,20055,21055,1000,REGRESS
vww4_128_128_INT8,B-frozen,25,1,25,Add,2015,1015,-1000,IMPROVE
vww4_128_128_INT8,B-frozen,40,1,40,DepthwiseConv2D,5015,6015,1000,REGRESS
vww4_128_128_INT8,B-frozen,65,3,65 66 67,Add Conv2D Pad,2015,2030,15,REGRESS
vww4_128_128_INT8,B-frozen,24,1,24,Pad,3030,3030,0,SAME
vww4_128_128_INT8,B-frozen,20,1,20,Add,2015,2015,0,SAME
vww4_128_128_INT8,B-frozen,70,1,70,Conv2D,1015,1015,0,SAME
vww4_128_128_INT8,B-frozen,51,1,51,Conv2D,5015,5015,0,SAME
vww4_128_128_INT8,B-frozen,33,1,33,Add,1015,1015,0,SAME
vww4_128_128_INT8,B-frozen,14,1,14,DepthwiseConv2D,3015,3015,0,SAME
vww4_128_128_INT8,B-frozen,47,1,47,Conv2D,5015,5015,0,SAME
vww4_128_128_INT8,B-frozen,37,1,37,Pad,1015,1015,0,SAME
vww4_128_128_INT8,B-frozen,61,2,61 62,Add Conv2D,1015,1015,0,SAME
vww4_128_128_INT8,B-frozen,56,1,56,Conv2D,9015,9015,0,SAME
vww4_128_128_INT8,B-frozen,38,1,38,Add,1015,1015,0,SAME
vww4_128_128_INT8,B-frozen,34,1,34,Conv2D,6015,6015,0,SAME
vww4_128_128_INT8,B-held,3,1,3,DepthwiseConv2D,23030,11030,-12000,IMPROVE
vww4_128_128_INT8,B-held,26,1,26,Conv2D,11030,6030,-5000,IMPROVE
vww4_128_128_INT8,B-held,21,1,21,Conv2D,8030,4030,-4000,IMPROVE
vww4_128_128_INT8,B-held,-1,7,-1 2 6 8 13 15 27,Conv2D DepthwiseConv2D KERNEL_WAIT,29105,25105,-4000,IMPROVE
vww4_128_128_INT8,B-held,35,1,35,DepthwiseConv2D,4015,8015,4000,REGRESS
vww4_128_128_INT8,B-held,17,1,17,DepthwiseConv2D,6015,3015,-3000,IMPROVE
vww4_128_128_INT8,B-held,57,1,57,DepthwiseConv2D,3015,6015,3000,REGRESS
vww4_128_128_INT8,B-held,29,1,29,Conv2D,5015,8015,3000,REGRESS
vww4_128_128_INT8,B-held,41,1,41,Conv2D,4015,1015,-3000,IMPROVE
vww4_128_128_INT8,B-held,22,1,22,DepthwiseConv2D,7015,4015,-3000,IMPROVE
vww4_128_128_INT8,B-held,36,1,36,Conv2D,4015,1015,-3000,IMPROVE
vww4_128_128_INT8,B-held,53,3,53 54 55,Add Conv2D Pad,6060,4030,-2030,IMPROVE
vww4_128_128_INT8,B-held,16,1,16,Conv2D,7015,5015,-2000,IMPROVE
vww4_128_128_INT8,B-held,11,1,11,Pad,6030,8030,2000,REGRESS
vww4_128_128_INT8,B-held,31,1,31,Conv2D,3015,1015,-2000,IMPROVE
vww4_128_128_INT8,B-held,64,1,64,DepthwiseConv2D,1015,3015,2000,REGRESS
vww4_128_128_INT8,B-held,9,1,9,DepthwiseConv2D,4015,2015,-2000,IMPROVE
vww4_128_128_INT8,B-held,71,3,71 72 73,AvgPool Conv2D,3045,5045,2000,REGRESS
vww4_128_128_INT8,B-held,59,1,59,Conv2D,1015,3015,2000,REGRESS
vww4_128_128_INT8,B-held,4,1,4,Conv2D,5015,7015,2000,REGRESS
vww4_128_128_INT8,B-held,39,1,39,Conv2D,6015,8015,2000,REGRESS
vww4_128_128_INT8,B-held,46,1,46,Conv2D,4015,2015,-2000,IMPROVE
vww4_128_128_INT8,B-held,12,1,12,Add,4015,2015,-2000,IMPROVE
vww4_128_128_INT8,B-held,7,1,7,Conv2D,4015,2015,-2000,IMPROVE
vww4_128_128_INT8,B-held,10,1,10,Conv2D,5015,3015,-2000,IMPROVE
vww4_128_128_INT8,B-held,5,1,5,Conv2D,8015,6015,-2000,IMPROVE
vww4_128_128_INT8,B-held,32,1,32,Pad,1015,2030,1015,REGRESS
vww4_128_128_INT8,B-held,18,1,18,Conv2D,4015,3015,-1000,IMPROVE
vww4_128_128_INT8,B-held,28,1,28,Conv2D,2015,1015,-1000,IMPROVE
vww4_128_128_INT8,B-held,60,1,60,DepthwiseConv2D,2015,3015,1000,REGRESS
vww4_128_128_INT8,B-held,19,1,19,Pad,3030,2030,-1000,IMPROVE
vww4_128_128_INT8,B-held,30,1,30,DepthwiseConv2D,5015,6015,1000,REGRESS
vww4_128_128_INT8,B-held,48,1,48,DepthwiseConv2D,3015,4015,1000,REGRESS
vww4_128_128_INT8,B-held,49,2,49 50,Add Conv2D,5015,4015,-1000,IMPROVE
vww4_128_128_INT8,B-held,69,1,69,DepthwiseConv2D,1015,2015,1000,REGRESS
vww4_128_128_INT8,B-held,23,1,23,Conv2D,3015,2015,-1000,IMPROVE
vww4_128_128_INT8,B-held,58,1,58,Conv2D,1015,15,-1000,IMPROVE
vww4_128_128_INT8,B-held,45,1,45,DepthwiseConv2D,4015,5015,1000,REGRESS
vww4_128_128_INT8,B-held,68,1,68,Conv2D,2015,3015,1000,REGRESS
vww4_128_128_INT8,B-held,42,2,42 43,Add Pad,2030,3030,1000,REGRESS
vww4_128_128_INT8,B-held,52,1,52,DepthwiseConv2D,4015,3015,-1000,IMPROVE
vww4_128_128_INT8,B-held,44,1,44,Conv2D,3015,4015,1000,REGRESS
vww4_128_128_INT8,B-held,63,1,63,Conv2D,1015,2015,1000,REGRESS
vww4_128_128_INT8,B-held,1,1,1,Conv2D,20055,21055,1000,REGRESS
vww4_128_128_INT8,B-held,25,1,25,Add,2015,1015,-1000,IMPROVE
vww4_128_128_INT8,B-held,40,1,40,DepthwiseConv2D,5015,6015,1000,REGRESS
vww4_128_128_INT8,B-held,65,3,65 66 67,Add Conv2D Pad,2015,2030,15,REGRESS
vww4_128_128_INT8,B-held,24,1,24,Pad,3030,3030,0,SAME
vww4_128_128_INT8,B-held,20,1,20,Add,2015,2015,0,SAME
vww4_128_128_INT8,B-held,70,1,70,Conv2D,1015,1015,0,SAME
vww4_128_128_INT8,B-held,51,1,51,Conv2D,5015,5015,0,SAME
vww4_128_128_INT8,B-held,33,1,33,Add,1015,1015,0,SAME
vww4_128_128_INT8,B-held,14,1,14,DepthwiseConv2D,3015,3015,0,SAME
vww4_128_128_INT8,B-held,47,1,47,Conv2D,5015,5015,0,SAME
vww4_128_128_INT8,B-held,37,1,37,Pad,1015,1015,0,SAME
vww4_128_128_INT8,B-held,61,2,61 62,Add Conv2D,1015,1015,0,SAME
vww4_128_128_INT8,B-held,56,1,56,Conv2D,9015,9015,0,SAME
vww4_128_128_INT8,B-held,38,1,38,Add,1015,1015,0,SAME
vww4_128_128_INT8,B-held,34,1,34,Conv2D,6015,6015,0,SAME
yolo-fastest_192_face_v4,B-frozen,71,36,-1 4 5 6 9 10 13 18 20 21 22 26 28 29 30 34 36 39 40 41 43 44 45 47 48 49 51 52 55 56 59 60 71 72 108 111,Add Concat Conv2D DepthwiseConv2D KERNEL_WAIT,316420,199405,-117015,IMPROVE
yolo-fastest_192_face_v4,B-frozen,7,1,7,DepthwiseConv2D,41015,21015,-20000,IMPROVE
yolo-fastest_192_face_v4,B-frozen,15,1,15,DepthwiseConv2D,20015,9015,-11000,IMPROVE
yolo-fastest_192_face_v4,B-frozen,19,1,19,DepthwiseConv2D,20015,10015,-10000,IMPROVE
yolo-fastest_192_face_v4,B-frozen,14,1,14,Conv2D,19015,9015,-10000,IMPROVE
yolo-fastest_192_face_v4,B-frozen,38,1,38,DepthwiseConv2D,15015,7015,-8000,IMPROVE
yolo-fastest_192_face_v4,B-frozen,53,1,53,Conv2D,15015,7015,-8000,IMPROVE
yolo-fastest_192_face_v4,B-frozen,46,1,46,DepthwiseConv2D,14015,7015,-7000,IMPROVE
yolo-fastest_192_face_v4,B-frozen,50,1,50,DepthwiseConv2D,14015,7015,-7000,IMPROVE
yolo-fastest_192_face_v4,B-frozen,42,1,42,DepthwiseConv2D,14015,7015,-7000,IMPROVE
yolo-fastest_192_face_v4,B-frozen,37,1,37,Conv2D,14015,7015,-7000,IMPROVE
yolo-fastest_192_face_v4,B-frozen,31,1,31,DepthwiseConv2D,8015,3015,-5000,IMPROVE
yolo-fastest_192_face_v4,B-frozen,109,1,109,DepthwiseConv2D,14015,9015,-5000,IMPROVE
yolo-fastest_192_face_v4,B-frozen,110,1,110,Conv2D,9015,4015,-5000,IMPROVE
yolo-fastest_192_face_v4,B-frozen,90,1,90,DepthwiseConv2D,3015,7015,4000,REGRESS
yolo-fastest_192_face_v4,B-frozen,27,1,27,DepthwiseConv2D,8015,4015,-4000,IMPROVE
yolo-fastest_192_face_v4,B-frozen,35,1,35,DepthwiseConv2D,7015,3015,-4000,IMPROVE
yolo-fastest_192_face_v4,B-frozen,3,1,3,Conv2D,18015,14015,-4000,IMPROVE
yolo-fastest_192_face_v4,B-frozen,8,1,8,Conv2D,9015,13015,4000,REGRESS
yolo-fastest_192_face_v4,B-frozen,99,4,97 98 99 100,Concat MaxPool,8060,5045,-3015,IMPROVE
yolo-fastest_192_face_v4,B-frozen,77,1,77,Conv2D,3015,6015,3000,REGRESS
yolo-fastest_192_face_v4,B-frozen,85,1,85,Conv2D,3015,6015,3000,REGRESS
yolo-fastest_192_face_v4,B-frozen,112,1,112,Conv2D,8015,5015,-3000,IMPROVE
yolo-fastest_192_face_v4,B-frozen,81,1,81,Conv2D,3015,6015,3000,REGRESS
yolo-fastest_192_face_v4,B-frozen,82,1,82,DepthwiseConv2D,3015,6015,3000,REGRESS
yolo-fastest_192_face_v4,B-frozen,93,1,93,Conv2D,3015,6015,3000,REGRESS
yolo-fastest_192_face_v4,B-frozen,102,2,102 113,Conv2D DepthwiseConv2D,5030,3015,-2015,IMPROVE
yolo-fastest_192_face_v4,B-frozen,24,1,24,DepthwiseConv2D,5015,3015,-2000,IMPROVE
yolo-fastest_192_face_v4,B-frozen,70,1,70,DepthwiseConv2D,6015,4015,-2000,IMPROVE
yolo-fastest_192_face_v4,B-frozen,66,1,66,DepthwiseConv2D,6015,4015,-2000,IMPROVE
yolo-fastest_192_face_v4,B-frozen,16,2,16 17,Add Conv2D,11015,9015,-2000,IMPROVE
yolo-fastest_192_face_v4,B-frozen,69,1,69,Conv2D,6015,8015,2000,REGRESS
yolo-fastest_192_face_v4,B-frozen,86,1,86,DepthwiseConv2D,3015,5015,2000,REGRESS
yolo-fastest_192_face_v4,B-frozen,78,1,78,DepthwiseConv2D,3015,5015,2000,REGRESS
yolo-fastest_192_face_v4,B-frozen,62,1,62,DepthwiseConv2D,6015,4015,-2000,IMPROVE
yolo-fastest_192_face_v4,B-frozen,94,1,94,DepthwiseConv2D,3015,5015,2000,REGRESS
yolo-fastest_192_face_v4,B-frozen,107,1,107,ResizeNearestNeighbor,4015,2015,-2000,IMPROVE
yolo-fastest_192_face_v4,B-frozen,58,1,58,DepthwiseConv2D,6015,4015,-2000,IMPROVE
yolo-fastest_192_face_v4,B-frozen,91,2,91 92,Add Conv2D,3015,2015,-1000,IMPROVE
yolo-fastest_192_face_v4,B-frozen,75,1,75,DepthwiseConv2D,2015,3015,1000,REGRESS
yolo-fastest_192_face_v4,B-frozen,76,1,76,Conv2D,2015,1015,-1000,IMPROVE
yolo-fastest_192_face_v4,B-frozen,106,1,106,Conv2D,1030,2030,1000,REGRESS
yolo-fastest_192_face_v4,B-frozen,83,2,83 84,Add Conv2D,3015,2015,-1000,IMPROVE
yolo-fastest_192_face_v4,B-frozen,89,1,89,Conv2D,4015,5015,1000,REGRESS
yolo-fastest_192_face_v4,B-frozen,2,1,2,Conv2D,44061,45061,1000,REGRESS
yolo-fastest_192_face_v4,B-frozen,65,1,65,Conv2D,6015,7015,1000,REGRESS
yolo-fastest_192_face_v4,B-frozen,73,1,73,Conv2D,7015,8015,1000,REGRESS
yolo-fastest_192_face_v4,B-frozen,12,1,12,DepthwiseConv2D,21015,20015,-1000,IMPROVE
yolo-fastest_192_face_v4,B-frozen,105,1,105,Conv2D,3015,2015,-1000,IMPROVE
yolo-fastest_192_face_v4,B-frozen,25,1,25,Conv2D,1015,2015,1000,REGRESS
yolo-fastest_192_face_v4,B-frozen,61,1,61,Conv2D,6015,7015,1000,REGRESS
yolo-fastest_192_face_v4,B-frozen,103,1,103,Conv2D,2015,3015,1000,REGRESS
yolo-fastest_192_face_v4,B-frozen,57,1,57,Conv2D,6030,7015,985,REGRESS
yolo-fastest_192_face_v4,B-frozen,79,2,79 80,Add Conv2D,3015,3015,0,SAME
yolo-fastest_192_face_v4,B-frozen,63,2,63 64,Add Conv2D,3015,3015,0,SAME
yolo-fastest_192_face_v4,B-frozen,67,2,67 68,Add Conv2D,3015,3015,0,SAME
yolo-fastest_192_face_v4,B-frozen,95,2,95 96,Add Conv2D,3015,3015,0,SAME
yolo-fastest_192_face_v4,B-frozen,104,1,104,DepthwiseConv2D,3015,3015,0,SAME
yolo-fastest_192_face_v4,B-frozen,32,2,32 33,Add Conv2D,3015,3015,0,SAME
yolo-fastest_192_face_v4,B-frozen,101,1,101,Conv2D,4015,4015,0,SAME
yolo-fastest_192_face_v4,B-frozen,87,2,87 88,Add Conv2D,3015,3015,0,SAME
yolo-fastest_192_face_v4,B-held,-1,36,-1 4 5 6 9 10 13 18 20 21 22 26 28 29 30 34 36 39 40 41 43 44 45 47 48 49 51 52 55 56 59 60 108 110 111 112,Add Concat Conv2D DepthwiseConv2D KERNEL_WAIT,330435,207435,-123000,IMPROVE
yolo-fastest_192_face_v4,B-held,7,1,7,DepthwiseConv2D,41015,21015,-20000,IMPROVE
yolo-fastest_192_face_v4,B-held,15,1,15,DepthwiseConv2D,20015,9015,-11000,IMPROVE
yolo-fastest_192_face_v4,B-held,19,1,19,DepthwiseConv2D,20015,10015,-10000,IMPROVE
yolo-fastest_192_face_v4,B-held,14,1,14,Conv2D,19015,9015,-10000,IMPROVE
yolo-fastest_192_face_v4,B-held,38,1,38,DepthwiseConv2D,15015,7015,-8000,IMPROVE
yolo-fastest_192_face_v4,B-held,53,1,53,Conv2D,15015,7015,-8000,IMPROVE
yolo-fastest_192_face_v4,B-held,46,1,46,DepthwiseConv2D,14015,7015,-7000,IMPROVE
yolo-fastest_192_face_v4,B-held,50,1,50,DepthwiseConv2D,14015,7015,-7000,IMPROVE
yolo-fastest_192_face_v4,B-held,42,1,42,DepthwiseConv2D,14015,7015,-7000,IMPROVE
yolo-fastest_192_face_v4,B-held,37,1,37,Conv2D,14015,7015,-7000,IMPROVE
yolo-fastest_192_face_v4,B-held,109,1,109,DepthwiseConv2D,14015,8015,-6000,IMPROVE
yolo-fastest_192_face_v4,B-held,31,1,31,DepthwiseConv2D,8015,3015,-5000,IMPROVE
yolo-fastest_192_face_v4,B-held,95,6,95 96 97 98 99 100,Add Concat Conv2D MaxPool,11075,7060,-4015,IMPROVE
yolo-fastest_192_face_v4,B-held,86,1,86,DepthwiseConv2D,3015,7015,4000,REGRESS
yolo-fastest_192_face_v4,B-held,27,1,27,DepthwiseConv2D,8015,4015,-4000,IMPROVE
yolo-fastest_192_face_v4,B-held,35,1,35,DepthwiseConv2D,7015,3015,-4000,IMPROVE
yolo-fastest_192_face_v4,B-held,3,1,3,Conv2D,18015,14015,-4000,IMPROVE
yolo-fastest_192_face_v4,B-held,8,1,8,Conv2D,9015,13015,4000,REGRESS
yolo-fastest_192_face_v4,B-held,73,1,73,Conv2D,7015,3030,-3985,IMPROVE
yolo-fastest_192_face_v4,B-held,57,1,57,Conv2D,6030,3015,-3015,IMPROVE
yolo-fastest_192_face_v4,B-held,66,1,66,DepthwiseConv2D,6015,3015,-3000,IMPROVE
yolo-fastest_192_face_v4,B-held,69,1,69,Conv2D,6015,3015,-3000,IMPROVE
yolo-fastest_192_face_v4,B-held,81,1,81,Conv2D,3015,6015,3000,REGRESS
yolo-fastest_192_face_v4,B-held,78,1,78,DepthwiseConv2D,3015,6015,3000,REGRESS
yolo-fastest_192_face_v4,B-held,62,1,62,DepthwiseConv2D,6015,3015,-3000,IMPROVE
yolo-fastest_192_face_v4,B-held,93,1,93,Conv2D,3015,6015,3000,REGRESS
yolo-fastest_192_face_v4,B-held,61,1,61,Conv2D,6015,3015,-3000,IMPROVE
yolo-fastest_192_face_v4,B-held,94,1,94,DepthwiseConv2D,3015,6015,3000,REGRESS
yolo-fastest_192_face_v4,B-held,102,2,102 113,Conv2D DepthwiseConv2D,5030,3015,-2015,IMPROVE
yolo-fastest_192_face_v4,B-held,24,1,24,DepthwiseConv2D,5015,3015,-2000,IMPROVE
yolo-fastest_192_face_v4,B-held,70,1,70,DepthwiseConv2D,6015,4015,-2000,IMPROVE
yolo-fastest_192_face_v4,B-held,16,2,16 17,Add Conv2D,11015,9015,-2000,IMPROVE
yolo-fastest_192_face_v4,B-held,90,1,90,DepthwiseConv2D,3015,5015,2000,REGRESS
yolo-fastest_192_face_v4,B-held,75,1,75,DepthwiseConv2D,2015,4015,2000,REGRESS
yolo-fastest_192_face_v4,B-held,77,1,77,Conv2D,3015,5015,2000,REGRESS
yolo-fastest_192_face_v4,B-held,85,1,85,Conv2D,3015,5015,2000,REGRESS
yolo-fastest_192_face_v4,B-held,82,1,82,DepthwiseConv2D,3015,5015,2000,REGRESS
yolo-fastest_192_face_v4,B-held,89,1,89,Conv2D,4015,6015,2000,REGRESS
yolo-fastest_192_face_v4,B-held,107,1,107,ResizeNearestNeighbor,4015,2015,-2000,IMPROVE
yolo-fastest_192_face_v4,B-held,58,1,58,DepthwiseConv2D,6015,4015,-2000,IMPROVE
yolo-fastest_192_face_v4,B-held,65,1,65,Conv2D,6015,4030,-1985,IMPROVE
yolo-fastest_192_face_v4,B-held,79,2,79 80,Add Conv2D,3015,2015,-1000,IMPROVE
yolo-fastest_192_face_v4,B-held,104,1,104,DepthwiseConv2D,3015,2015,-1000,IMPROVE
yolo-fastest_192_face_v4,B-held,106,1,106,Conv2D,1030,2030,1000,REGRESS
yolo-fastest_192_face_v4,B-held,2,1,2,Conv2D,44061,45061,1000,REGRESS
yolo-fastest_192_face_v4,B-held,87,2,87 88,Add Conv2D,3015,2015,-1000,IMPROVE
yolo-fastest_192_face_v4,B-held,12,1,12,DepthwiseConv2D,21015,20015,-1000,IMPROVE
yolo-fastest_192_face_v4,B-held,25,1,25,Conv2D,1015,2015,1000,REGRESS
yolo-fastest_192_face_v4,B-held,103,1,103,Conv2D,2015,3015,1000,REGRESS
yolo-fastest_192_face_v4,B-held,91,2,91 92,Add Conv2D,3015,3015,0,SAME
yolo-fastest_192_face_v4,B-held,63,2,63 64,Add Conv2D,3015,3015,0,SAME
yolo-fastest_192_face_v4,B-held,67,2,67 68,Add Conv2D,3015,3015,0,SAME
yolo-fastest_192_face_v4,B-held,32,2,32 33,Add Conv2D,3015,3015,0,SAME
yolo-fastest_192_face_v4,B-held,76,1,76,Conv2D,2015,2015,0,SAME
yolo-fastest_192_face_v4,B-held,101,1,101,Conv2D,4015,4015,0,SAME
yolo-fastest_192_face_v4,B-held,83,2,83 84,Add Conv2D,3015,3015,0,SAME
yolo-fastest_192_face_v4,B-held,71,2,71 72,Add Conv2D,3015,3015,0,SAME
yolo-fastest_192_face_v4,B-held,105,1,105,Conv2D,3015,3015,0,SAME
