# Q5: Vela schedule facts per model x MAC x arm; H x W / MAC is not a utilisation; 3x3 border/padding effects are not attributed to a ublock automatically
op,H,W,mac,arm,gate,kernel,padding_tlbr,ofm_block_HWC,ifm_block_HWC,ublock_HWC,traversal,encoded_weight_bytes,vela_est_cycles,TOTAL,ACTIVE,IDLE,SRAM_RD,SRAM_WR,EXT_RD,EXT_WR,r_TOTAL_512_over_256,r_ACTIVE_512_over_256,H_mod_bH,W_mod_bW,n_blocks,H_mod_uH,W_mod_uW
conv1x1,1,36,256,base,PASS,"1,1","t:0,l:0,b:0,r:0,n:0,f:0",1x36x48,1x36x64,1x4x8,DepthFirst,17680,4591,6068,5909,159,0,0,1412,288,1.1648,1.0364,0,0,3,0,0
conv1x1,1,36,512,base,PASS,"1,1","t:0,l:0,b:0,r:0,n:0,f:0",1x36x64,1x36x64,1x4x16,DepthFirst,17696,3432,7068,6124,944,0,0,1414,288,,,0,0,2,0,0
conv1x1,1,36,256,equalized,PASS,"1,1","t:0,l:0,b:0,r:0,n:0,f:0",1x36x48,1x36x64,1x4x8,DepthFirst,17680,4591,4068,3741,327,0,0,1412,288,0.7542,0.7837,0,0,3,0,0
conv1x1,1,36,512,equalized,PASS,"1,1","t:0,l:0,b:0,r:0,n:0,f:0",1x36x64,1x36x64,1x4x16,DepthFirst,17696,3432,3068,2932,136,0,0,1414,288,,,0,0,2,0,0
conv1x1,2,18,256,base,PASS,"1,1","t:0,l:0,b:0,r:0,n:0,f:0",2x18x48,2x18x64,2x2x8,DepthFirst,17680,4591,6068,5909,159,0,0,1412,288,1.1648,1.0366,0,0,3,0,0
conv1x1,2,18,512,base,PASS,"1,1","t:0,l:0,b:0,r:0,n:0,f:0",2x18x64,2x18x64,2x2x16,DepthFirst,17696,3432,7068,6125,943,0,0,1414,288,,,0,0,2,0,0
conv1x1,2,18,256,equalized,PASS,"1,1","t:0,l:0,b:0,r:0,n:0,f:0",2x18x48,2x18x64,2x2x8,DepthFirst,17680,4591,4068,3727,341,0,0,1412,288,0.7542,0.7867,0,0,3,0,0
conv1x1,2,18,512,equalized,PASS,"1,1","t:0,l:0,b:0,r:0,n:0,f:0",2x18x64,2x18x64,2x2x16,DepthFirst,17696,3432,3068,2932,136,0,0,1414,288,,,0,0,2,0,0
conv1x1,3,12,256,base,PASS,"1,1","t:0,l:0,b:0,r:0,n:0,f:0",3x12x48,3x12x64,1x4x8,DepthFirst,17680,4591,6068,5909,159,0,0,1412,288,1.1648,1.0201,0,0,3,0,0
conv1x1,3,12,512,base,PASS,"1,1","t:0,l:0,b:0,r:0,n:0,f:0",3x12x64,3x12x64,1x4x16,DepthFirst,17696,3432,7068,6028,1040,0,0,1414,288,,,0,0,2,0,0
conv1x1,3,12,256,equalized,PASS,"1,1","t:0,l:0,b:0,r:0,n:0,f:0",3x12x48,3x12x64,1x4x8,DepthFirst,17680,4591,4068,3659,409,0,0,1412,288,0.7542,0.7751,0,0,3,0,0
conv1x1,3,12,512,equalized,PASS,"1,1","t:0,l:0,b:0,r:0,n:0,f:0",3x12x64,3x12x64,1x4x16,DepthFirst,17696,3432,3068,2836,232,0,0,1414,288,,,0,0,2,0,0
conv1x1,4,9,256,base,PASS,"1,1","t:0,l:0,b:0,r:0,n:0,f:0",4x10x48,4x10x64,2x2x8,DepthFirst,17680,4679,6068,5909,159,0,0,1412,288,1.1648,1.025,0,9,3,0,1
conv1x1,4,9,512,base,PASS,"1,1","t:0,l:0,b:0,r:0,n:0,f:0",4x10x64,4x10x64,2x2x16,DepthFirst,17696,3448,7068,6057,1011,0,0,1414,288,,,0,9,2,0,1
conv1x1,4,9,256,equalized,PASS,"1,1","t:0,l:0,b:0,r:0,n:0,f:0",4x10x48,4x10x64,2x2x8,DepthFirst,17680,4679,4068,3847,221,0,0,1412,288,0.7542,0.77,0,9,3,0,1
conv1x1,4,9,512,equalized,PASS,"1,1","t:0,l:0,b:0,r:0,n:0,f:0",4x10x64,4x10x64,2x2x16,DepthFirst,17696,3448,3068,2962,106,0,0,1414,288,,,0,9,2,0,1
conv1x1,6,6,256,base,PASS,"1,1","t:0,l:0,b:0,r:0,n:0,f:0",6x6x48,6x6x64,2x2x8,DepthFirst,17680,4591,6068,5909,159,0,0,1412,288,1.1648,1.0203,0,0,3,0,0
conv1x1,6,6,512,base,PASS,"1,1","t:0,l:0,b:0,r:0,n:0,f:0",6x6x64,6x6x64,2x2x16,DepthFirst,17696,3432,7068,6029,1039,0,0,1414,288,,,0,0,2,0,0
conv1x1,6,6,256,equalized,PASS,"1,1","t:0,l:0,b:0,r:0,n:0,f:0",6x6x48,6x6x64,2x2x8,DepthFirst,17680,4591,4068,3645,423,0,0,1412,288,0.7542,0.7819,0,0,3,0,0
conv1x1,6,6,512,equalized,PASS,"1,1","t:0,l:0,b:0,r:0,n:0,f:0",6x6x64,6x6x64,2x2x16,DepthFirst,17696,3432,3068,2850,218,0,0,1414,288,,,0,0,2,0,0
conv1x1,9,4,256,base,PASS,"1,1","t:0,l:0,b:0,r:0,n:0,f:0",9x4x48,9x4x64,1x4x8,DepthFirst,17680,4591,6068,5909,159,0,0,1412,288,1.0,1.008,0,0,3,0,0
conv1x1,9,4,512,base,PASS,"1,1","t:0,l:0,b:0,r:0,n:0,f:0",9x4x64,9x4x64,1x4x16,DepthFirst,17696,3432,6068,5956,112,0,0,1414,288,,,0,0,2,0,0
conv1x1,9,4,256,equalized,PASS,"1,1","t:0,l:0,b:0,r:0,n:0,f:0",9x4x48,9x4x64,1x4x8,DepthFirst,17680,4591,4068,3685,383,0,0,1412,288,0.7542,0.7609,0,0,3,0,0
conv1x1,9,4,512,equalized,PASS,"1,1","t:0,l:0,b:0,r:0,n:0,f:0",9x4x64,9x4x64,1x4x16,DepthFirst,17696,3432,3068,2804,264,0,0,1414,288,,,0,0,2,0,0
conv1x1,12,3,256,base,PASS,"1,1","t:0,l:0,b:0,r:0,n:0,f:0",12x4x32,12x4x64,1x4x8,DepthFirst,17680,4981,6068,5909,159,0,0,1412,288,1.1648,1.0168,0,3,4,0,3
conv1x1,12,3,512,base,PASS,"1,1","t:0,l:0,b:0,r:0,n:0,f:0",12x4x64,12x4x64,2x2x16,DepthFirst,17696,3480,7068,6008,1060,0,0,1414,288,,,0,3,2,0,1
conv1x1,12,3,256,equalized,PASS,"1,1","t:0,l:0,b:0,r:0,n:0,f:0",12x4x32,12x4x64,1x4x8,DepthFirst,17680,4981,5068,4271,797,0,0,1412,288,0.8027,0.7165,0,3,4,0,3
conv1x1,12,3,512,equalized,PASS,"1,1","t:0,l:0,b:0,r:0,n:0,f:0",12x4x64,12x4x64,2x2x16,DepthFirst,17696,3480,4068,3060,1008,0,0,1414,288,,,0,3,2,0,1
conv1x1,18,2,256,base,PASS,"1,1","t:0,l:0,b:0,r:0,n:0,f:0",18x2x48,18x2x64,2x2x8,DepthFirst,17680,4591,6068,5909,159,0,0,1412,288,1.0,1.008,0,0,3,0,0
conv1x1,18,2,512,base,PASS,"1,1","t:0,l:0,b:0,r:0,n:0,f:0",18x2x64,18x2x64,2x2x16,DepthFirst,17696,3432,6068,5956,112,0,0,1414,288,,,0,0,2,0,0
conv1x1,18,2,256,equalized,PASS,"1,1","t:0,l:0,b:0,r:0,n:0,f:0",18x2x48,18x2x64,2x2x8,DepthFirst,17680,4591,4068,3685,383,0,0,1412,288,0.7542,0.7609,0,0,3,0,0
conv1x1,18,2,512,equalized,PASS,"1,1","t:0,l:0,b:0,r:0,n:0,f:0",18x2x64,18x2x64,2x2x16,DepthFirst,17696,3432,3068,2804,264,0,0,1414,288,,,0,0,2,0,0
conv1x1,36,1,256,base,PASS,"1,1","t:0,l:0,b:0,r:0,n:0,f:0",20x2x48,20x2x64,2x2x8,DepthFirst,17728,5818,10068,9505,563,2216,1108,2296,288,0.702,0.6349,16,1,6,0,1
conv1x1,36,1,512,base,PASS,"1,1","t:0,l:0,b:0,r:0,n:0,f:0",36x2x48,36x2x64,2x2x16,DepthFirst,17696,3377,7068,6035,1033,0,0,1414,288,,,0,1,3,0,1
conv1x1,36,1,256,equalized,PASS,"1,1","t:0,l:0,b:0,r:0,n:0,f:0",20x2x48,20x2x64,2x2x8,DepthFirst,17728,5818,6068,5659,409,2216,1108,2296,288,0.6704,0.5607,16,1,6,0,1
conv1x1,36,1,512,equalized,PASS,"1,1","t:0,l:0,b:0,r:0,n:0,f:0",36x2x48,36x2x64,2x2x16,DepthFirst,17696,3377,4068,3173,895,0,0,1414,288,,,0,1,3,0,1
conv3x3,1,36,256,base,PASS,"3,3","t:1,l:1,b:1,r:1,n:0,f:0",1x36x48,3x40x16,1x4x8,PartKernel,165152,31276,31068,30996,72,0,0,10917,288,0.9356,0.9132,0,0,3,0,0
conv3x3,1,36,512,base,PASS,"3,3","t:1,l:1,b:1,r:1,n:0,f:0",1x36x64,3x40x16,1x4x16,PartKernel,165152,28436,29068,28307,761,0,0,10774,288,,,0,0,2,0,0
conv3x3,1,36,256,equalized,PASS,"3,3","t:1,l:1,b:1,r:1,n:0,f:0",1x36x48,3x40x16,1x4x8,PartKernel,165152,31276,25068,24839,229,0,0,10917,288,0.5612,0.5394,0,0,3,0,0
conv3x3,1,36,512,equalized,PASS,"3,3","t:1,l:1,b:1,r:1,n:0,f:0",1x36x64,3x40x16,1x4x16,PartKernel,165152,28436,14068,13399,669,0,0,10774,288,,,0,0,2,0,0
conv3x3,2,18,256,base,PASS,"3,3","t:1,l:1,b:1,r:1,n:0,f:0",2x18x48,4x20x16,2x2x8,PartKernel,165152,31276,31068,30993,75,0,0,10917,288,0.9356,0.9133,0,0,3,0,0
conv3x3,2,18,512,base,PASS,"3,3","t:1,l:1,b:1,r:1,n:0,f:0",2x18x64,4x20x16,2x2x16,PartKernel,165152,28436,29068,28307,761,0,0,10774,288,,,0,0,2,0,0
conv3x3,2,18,256,equalized,PASS,"3,3","t:1,l:1,b:1,r:1,n:0,f:0",2x18x48,4x20x16,2x2x8,PartKernel,165152,31276,25068,24839,229,0,0,10917,288,0.5612,0.5394,0,0,3,0,0
conv3x3,2,18,512,equalized,PASS,"3,3","t:1,l:1,b:1,r:1,n:0,f:0",2x18x64,4x20x16,2x2x16,PartKernel,165152,28436,14068,13399,669,0,0,10774,288,,,0,0,2,0,0
conv3x3,3,12,256,base,PASS,"3,3","t:1,l:1,b:1,r:1,n:0,f:0",3x12x48,5x16x16,1x4x8,PartKernel,165152,31276,31068,30950,118,0,0,10917,288,0.9356,0.9145,0,0,3,0,0
conv3x3,3,12,512,base,PASS,"3,3","t:1,l:1,b:1,r:1,n:0,f:0",3x12x64,5x16x16,1x4x16,PartKernel,165152,28436,29068,28303,765,0,0,10774,288,,,0,0,2,0,0
conv3x3,3,12,256,equalized,PASS,"3,3","t:1,l:1,b:1,r:1,n:0,f:0",3x12x48,5x16x16,1x4x8,PartKernel,165152,31276,25068,24735,333,0,0,10917,288,0.5612,0.5398,0,0,3,0,0
conv3x3,3,12,512,equalized,PASS,"3,3","t:1,l:1,b:1,r:1,n:0,f:0",3x12x64,5x16x16,1x4x16,PartKernel,165152,28436,14068,13351,717,0,0,10774,288,,,0,0,2,0,0
conv3x3,4,9,256,base,PASS,"3,3","t:1,l:1,b:1,r:1,n:0,f:0",4x10x48,6x12x16,2x2x8,PartKernel,165152,34636,32068,31482,586,0,0,10917,288,0.9064,0.8991,0,9,3,0,1
conv3x3,4,9,512,base,PASS,"3,3","t:1,l:1,b:1,r:1,n:0,f:0",4x10x64,6x12x16,2x2x16,PartKernel,165152,28436,29068,28307,761,0,0,10774,288,,,0,9,2,0,1
conv3x3,4,9,256,equalized,PASS,"3,3","t:1,l:1,b:1,r:1,n:0,f:0",4x10x48,6x12x16,2x2x8,PartKernel,165152,34636,28068,27844,224,0,0,10917,288,0.5368,0.5064,0,9,3,0,1
conv3x3,4,9,512,equalized,PASS,"3,3","t:1,l:1,b:1,r:1,n:0,f:0",4x10x64,6x12x16,2x2x16,PartKernel,165152,28436,15068,14101,967,0,0,10774,288,,,0,9,2,0,1
conv3x3,6,6,256,base,PASS,"3,3","t:1,l:1,b:1,r:1,n:0,f:0",6x6x48,8x8x16,2x2x8,PartKernel,165152,31276,31068,30946,122,0,0,10917,288,0.9356,0.9146,0,0,3,0,0
conv3x3,6,6,512,base,PASS,"3,3","t:1,l:1,b:1,r:1,n:0,f:0",6x6x64,8x8x16,2x2x16,PartKernel,165152,28436,29068,28303,765,0,0,10774,288,,,0,0,2,0,0
conv3x3,6,6,256,equalized,PASS,"3,3","t:1,l:1,b:1,r:1,n:0,f:0",6x6x48,8x8x16,2x2x8,PartKernel,165152,31276,25068,24731,337,0,0,10917,288,0.5612,0.5399,0,0,3,0,0
conv3x3,6,6,512,equalized,PASS,"3,3","t:1,l:1,b:1,r:1,n:0,f:0",6x6x64,8x8x16,2x2x16,PartKernel,165152,28436,14068,13353,715,0,0,10774,288,,,0,0,2,0,0
conv3x3,9,4,256,base,PASS,"3,3","t:1,l:1,b:1,r:1,n:0,f:0",9x4x48,11x8x16,1x4x8,PartKernel,165152,31276,31068,30934,134,0,0,10917,288,0.9356,0.9146,0,0,3,0,0
conv3x3,9,4,512,base,PASS,"3,3","t:1,l:1,b:1,r:1,n:0,f:0",9x4x64,11x8x16,1x4x16,PartKernel,165152,28436,29068,28291,777,0,0,10774,288,,,0,0,2,0,0
conv3x3,9,4,256,equalized,PASS,"3,3","t:1,l:1,b:1,r:1,n:0,f:0",9x4x48,11x8x16,1x4x8,PartKernel,165152,31276,25068,24721,347,0,0,10917,288,0.5612,0.5394,0,0,3,0,0
conv3x3,9,4,512,equalized,PASS,"3,3","t:1,l:1,b:1,r:1,n:0,f:0",9x4x64,11x8x16,1x4x16,PartKernel,165152,28436,14068,13335,733,0,0,10774,288,,,0,0,2,0,0
conv3x3,12,3,256,base,PASS,"3,3","t:1,l:1,b:1,r:1,n:0,f:0",12x4x32,14x8x16,1x4x8,PartKernel,165152,39972,36068,35394,674,0,0,11061,288,0.8059,0.7998,0,3,4,0,3
conv3x3,12,3,512,base,PASS,"3,3","t:1,l:1,b:1,r:1,n:0,f:0",12x4x64,14x6x16,2x2x16,PartKernel,165152,28436,29068,28307,761,0,0,10774,288,,,0,3,2,0,1
conv3x3,12,3,256,equalized,PASS,"3,3","t:1,l:1,b:1,r:1,n:0,f:0",12x4x32,14x8x16,1x4x8,PartKernel,165152,39972,32068,31458,610,0,0,11061,288,0.5322,0.5098,0,3,4,0,3
conv3x3,12,3,512,equalized,PASS,"3,3","t:1,l:1,b:1,r:1,n:0,f:0",12x4x64,14x6x16,2x2x16,PartKernel,165152,28436,17068,16037,1031,0,0,10774,288,,,0,3,2,0,1
conv3x3,18,2,256,base,PASS,"3,3","t:1,l:1,b:1,r:1,n:0,f:0",18x2x48,20x4x16,2x2x8,PartKernel,165152,31276,31068,30934,134,0,0,10917,288,0.9356,0.9146,0,0,3,0,0
conv3x3,18,2,512,base,PASS,"3,3","t:1,l:1,b:1,r:1,n:0,f:0",18x2x64,20x4x16,2x2x16,PartKernel,165152,28436,29068,28291,777,0,0,10774,288,,,0,0,2,0,0
conv3x3,18,2,256,equalized,PASS,"3,3","t:1,l:1,b:1,r:1,n:0,f:0",18x2x48,20x4x16,2x2x8,PartKernel,165152,31276,25068,24720,348,0,0,10917,288,0.5612,0.5394,0,0,3,0,0
conv3x3,18,2,512,equalized,PASS,"3,3","t:1,l:1,b:1,r:1,n:0,f:0",18x2x64,20x4x16,2x2x16,PartKernel,165152,28436,14068,13335,733,0,0,10774,288,,,0,0,2,0,0
conv3x3,36,1,256,base,PASS,"3,3","t:1,l:1,b:1,r:1,n:0,f:0",36x2x16,38x4x16,2x2x8,PartKernel,165152,57596,50068,49370,698,0,0,11637,288,0.5806,0.5858,0,1,8,0,1
conv3x3,36,1,512,base,PASS,"3,3","t:1,l:1,b:1,r:1,n:0,f:0",36x2x48,38x4x16,2x2x16,PartKernel,165152,30901,29068,28923,145,0,0,10918,288,,,0,1,3,0,1
conv3x3,36,1,256,equalized,PASS,"3,3","t:1,l:1,b:1,r:1,n:0,f:0",36x2x16,38x4x16,2x2x8,PartKernel,165152,57596,45068,44483,585,0,0,11637,288,0.5118,0.5152,0,1,8,0,1
conv3x3,36,1,512,equalized,PASS,"3,3","t:1,l:1,b:1,r:1,n:0,f:0",36x2x48,38x4x16,2x2x16,PartKernel,165152,30901,23068,22916,152,0,0,10918,288,,,0,1,3,0,1
dw3x3,1,36,256,base,PASS,"3,3","t:1,l:1,b:1,r:1,n:0,f:0",1x36x48,3x38x64,1x2x16,Depthwise,2576,4393,6068,5649,419,0,0,468,288,1.0,1.0393,0,0,3,0,0
dw3x3,1,36,512,base,PASS,"3,3","t:1,l:1,b:1,r:1,n:0,f:0",1x36x128,3x38x128,1x4x16,Depthwise,2656,4176,6068,5871,197,0,0,474,288,,,0,0,1,0,0
dw3x3,1,36,256,bridge_legacy_relaxed,PASS,"3,3","t:1,l:1,b:1,r:1,n:0,f:0",1x36x48,3x38x64,1x2x16,Depthwise,2576,4393,3068,2828,240,0,0,468,288,0.6741,0.4855,0,0,3,0,0
dw3x3,1,36,512,bridge_legacy_relaxed,PASS,"3,3","t:1,l:1,b:1,r:1,n:0,f:0",1x36x128,3x38x128,1x4x16,Depthwise,2656,4176,2068,1373,695,0,0,474,288,,,0,0,1,0,0
dw3x3,1,36,256,equalized,PASS,"3,3","t:1,l:1,b:1,r:1,n:0,f:0",1x36x48,3x38x64,1x2x16,Depthwise,2576,4393,3068,2828,240,0,0,468,288,0.6741,0.4855,0,0,3,0,0
dw3x3,1,36,512,equalized,PASS,"3,3","t:1,l:1,b:1,r:1,n:0,f:0",1x36x128,3x38x128,1x4x16,Depthwise,2656,4176,2068,1373,695,0,0,474,288,,,0,0,1,0,0
dw3x3,2,18,256,base,PASS,"3,3","t:1,l:1,b:1,r:1,n:0,f:0",2x18x48,4x20x64,1x2x16,Depthwise,2576,4393,6068,5519,549,0,0,468,288,1.0,1.0638,0,0,3,0,0
dw3x3,2,18,512,base,PASS,"3,3","t:1,l:1,b:1,r:1,n:0,f:0",2x18x128,4x20x128,2x2x16,Depthwise,2656,4176,6068,5871,197,0,0,474,288,,,0,0,1,0,0
dw3x3,2,18,256,bridge_legacy_relaxed,PASS,"3,3","t:1,l:1,b:1,r:1,n:0,f:0",2x18x48,4x20x64,1x2x16,Depthwise,2576,4393,3068,2792,276,0,0,468,288,0.6741,0.4918,0,0,3,0,0
dw3x3,2,18,512,bridge_legacy_relaxed,PASS,"3,3","t:1,l:1,b:1,r:1,n:0,f:0",2x18x128,4x20x128,2x2x16,Depthwise,2656,4176,2068,1373,695,0,0,474,288,,,0,0,1,0,0
dw3x3,2,18,256,equalized,PASS,"3,3","t:1,l:1,b:1,r:1,n:0,f:0",2x18x48,4x20x64,1x2x16,Depthwise,2576,4393,3068,2792,276,0,0,468,288,0.6741,0.4918,0,0,3,0,0
dw3x3,2,18,512,equalized,PASS,"3,3","t:1,l:1,b:1,r:1,n:0,f:0",2x18x128,4x20x128,2x2x16,Depthwise,2656,4176,2068,1373,695,0,0,474,288,,,0,0,1,0,0
dw3x3,3,12,256,base,PASS,"3,3","t:1,l:1,b:1,r:1,n:0,f:0",3x12x112,5x14x128,1x2x16,Depthwise,2576,5016,6068,5627,441,0,0,468,288,1.0,1.0302,0,0,2,0,0
dw3x3,3,12,512,base,PASS,"3,3","t:1,l:1,b:1,r:1,n:0,f:0",3x12x128,5x14x128,1x4x16,Depthwise,2656,4176,6068,5797,271,0,0,474,288,,,0,0,1,0,0
dw3x3,3,12,256,bridge_legacy_relaxed,PASS,"3,3","t:1,l:1,b:1,r:1,n:0,f:0",3x12x112,5x14x128,1x2x16,Depthwise,2576,5016,3068,2824,244,0,0,468,288,0.6741,0.4596,0,0,2,0,0
dw3x3,3,12,512,bridge_legacy_relaxed,PASS,"3,3","t:1,l:1,b:1,r:1,n:0,f:0",3x12x128,5x14x128,1x4x16,Depthwise,2656,4176,2068,1298,770,0,0,474,288,,,0,0,1,0,0
dw3x3,3,12,256,equalized,PASS,"3,3","t:1,l:1,b:1,r:1,n:0,f:0",3x12x112,5x14x128,1x2x16,Depthwise,2576,5016,3068,2824,244,0,0,468,288,0.6741,0.4596,0,0,2,0,0
dw3x3,3,12,512,equalized,PASS,"3,3","t:1,l:1,b:1,r:1,n:0,f:0",3x12x128,5x14x128,1x4x16,Depthwise,2656,4176,2068,1298,770,0,0,474,288,,,0,0,1,0,0
dw3x3,4,9,256,base,PASS,"3,3","t:1,l:1,b:1,r:1,n:0,f:0",4x10x96,6x12x128,1x2x16,Depthwise,2576,4879,6068,5507,561,0,0,468,288,1.0,1.053,0,9,2,0,1
dw3x3,4,9,512,base,PASS,"3,3","t:1,l:1,b:1,r:1,n:0,f:0",4x10x128,6x12x128,2x2x16,Depthwise,2656,4176,6068,5799,269,0,0,474,288,,,0,9,1,0,1
dw3x3,4,9,256,bridge_legacy_relaxed,PASS,"3,3","t:1,l:1,b:1,r:1,n:0,f:0",4x10x96,6x12x128,1x2x16,Depthwise,2576,4879,3068,2844,224,0,0,468,288,0.6741,0.4796,0,9,2,0,1
dw3x3,4,9,512,bridge_legacy_relaxed,PASS,"3,3","t:1,l:1,b:1,r:1,n:0,f:0",4x10x128,6x12x128,2x2x16,Depthwise,2656,4176,2068,1364,704,0,0,474,288,,,0,9,1,0,1
dw3x3,4,9,256,equalized,PASS,"3,3","t:1,l:1,b:1,r:1,n:0,f:0",4x10x96,6x12x128,1x2x16,Depthwise,2576,4879,3068,2844,224,0,0,468,288,0.6741,0.4796,0,9,2,0,1
dw3x3,4,9,512,equalized,PASS,"3,3","t:1,l:1,b:1,r:1,n:0,f:0",4x10x128,6x12x128,2x2x16,Depthwise,2656,4176,2068,1364,704,0,0,474,288,,,0,9,1,0,1
dw3x3,6,6,256,base,PASS,"3,3","t:1,l:1,b:1,r:1,n:0,f:0",6x6x112,8x8x128,1x2x16,Depthwise,2576,5016,6068,5507,561,0,0,468,288,1.0,1.0476,0,0,2,0,0
dw3x3,6,6,512,base,PASS,"3,3","t:1,l:1,b:1,r:1,n:0,f:0",6x6x128,8x8x128,2x2x16,Depthwise,2656,4176,6068,5769,299,0,0,474,288,,,0,0,1,0,0
dw3x3,6,6,256,bridge_legacy_relaxed,PASS,"3,3","t:1,l:1,b:1,r:1,n:0,f:0",6x6x112,8x8x128,1x2x16,Depthwise,2576,5016,3068,2790,278,0,0,468,288,0.6741,0.4556,0,0,2,0,0
dw3x3,6,6,512,bridge_legacy_relaxed,PASS,"3,3","t:1,l:1,b:1,r:1,n:0,f:0",6x6x128,8x8x128,2x2x16,Depthwise,2656,4176,2068,1271,797,0,0,474,288,,,0,0,1,0,0
dw3x3,6,6,256,equalized,PASS,"3,3","t:1,l:1,b:1,r:1,n:0,f:0",6x6x112,8x8x128,1x2x16,Depthwise,2576,5016,3068,2790,278,0,0,468,288,0.6741,0.4556,0,0,2,0,0
dw3x3,6,6,512,equalized,PASS,"3,3","t:1,l:1,b:1,r:1,n:0,f:0",6x6x128,8x8x128,2x2x16,Depthwise,2656,4176,2068,1271,797,0,0,474,288,,,0,0,1,0,0
dw3x3,9,4,256,base,PASS,"3,3","t:1,l:1,b:1,r:1,n:0,f:0",9x4x112,11x6x128,1x2x16,Depthwise,2576,5016,6068,5389,679,0,0,468,288,1.0,1.0657,0,0,2,0,0
dw3x3,9,4,512,base,PASS,"3,3","t:1,l:1,b:1,r:1,n:0,f:0",9x4x128,11x6x128,1x4x16,Depthwise,2656,4176,6068,5743,325,0,0,474,288,,,0,0,1,0,0
dw3x3,9,4,256,bridge_legacy_relaxed,PASS,"3,3","t:1,l:1,b:1,r:1,n:0,f:0",9x4x112,11x6x128,1x2x16,Depthwise,2576,5016,3068,2778,290,0,0,468,288,0.6741,0.4485,0,0,2,0,0
dw3x3,9,4,512,bridge_legacy_relaxed,PASS,"3,3","t:1,l:1,b:1,r:1,n:0,f:0",9x4x128,11x6x128,1x4x16,Depthwise,2656,4176,2068,1246,822,0,0,474,288,,,0,0,1,0,0
dw3x3,9,4,256,equalized,PASS,"3,3","t:1,l:1,b:1,r:1,n:0,f:0",9x4x112,11x6x128,1x2x16,Depthwise,2576,5016,3068,2778,290,0,0,468,288,0.6741,0.4485,0,0,2,0,0
dw3x3,9,4,512,equalized,PASS,"3,3","t:1,l:1,b:1,r:1,n:0,f:0",9x4x128,11x6x128,1x4x16,Depthwise,2656,4176,2068,1246,822,0,0,474,288,,,0,0,1,0,0
dw3x3,12,3,256,base,PASS,"3,3","t:1,l:1,b:1,r:1,n:0,f:0",12x4x64,14x6x64,1x2x16,Depthwise,2576,4667,6068,5247,821,0,0,468,288,1.0,1.0955,0,3,2,0,1
dw3x3,12,3,512,base,PASS,"3,3","t:1,l:1,b:1,r:1,n:0,f:0",12x4x128,14x6x128,2x2x16,Depthwise,2656,4176,6068,5748,320,0,0,474,288,,,0,3,1,0,1
dw3x3,12,3,256,bridge_legacy_relaxed,PASS,"3,3","t:1,l:1,b:1,r:1,n:0,f:0",12x4x64,14x6x64,1x2x16,Depthwise,2576,4667,3068,2874,194,0,0,468,288,0.6741,0.5007,0,3,2,0,1
dw3x3,12,3,512,bridge_legacy_relaxed,PASS,"3,3","t:1,l:1,b:1,r:1,n:0,f:0",12x4x128,14x6x128,2x2x16,Depthwise,2656,4176,2068,1439,629,0,0,474,288,,,0,3,1,0,1
dw3x3,12,3,256,equalized,PASS,"3,3","t:1,l:1,b:1,r:1,n:0,f:0",12x4x64,14x6x64,1x2x16,Depthwise,2576,4667,3068,2874,194,0,0,468,288,0.6741,0.5007,0,3,2,0,1
dw3x3,12,3,512,equalized,PASS,"3,3","t:1,l:1,b:1,r:1,n:0,f:0",12x4x128,14x6x128,2x2x16,Depthwise,2656,4176,2068,1439,629,0,0,474,288,,,0,3,1,0,1
dw3x3,18,2,256,base,PASS,"3,3","t:1,l:1,b:1,r:1,n:0,f:0",18x2x112,20x4x128,1x2x16,Depthwise,2576,5016,6068,5381,687,0,0,468,288,1.0,1.0602,0,0,2,0,0
dw3x3,18,2,512,base,PASS,"3,3","t:1,l:1,b:1,r:1,n:0,f:0",18x2x128,20x4x128,2x2x16,Depthwise,2656,4176,6068,5705,363,0,0,474,288,,,0,0,1,0,0
dw3x3,18,2,256,bridge_legacy_relaxed,PASS,"3,3","t:1,l:1,b:1,r:1,n:0,f:0",18x2x112,20x4x128,1x2x16,Depthwise,2576,5016,2068,1758,310,0,0,468,288,1.0,0.7002,0,0,2,0,0
dw3x3,18,2,512,bridge_legacy_relaxed,PASS,"3,3","t:1,l:1,b:1,r:1,n:0,f:0",18x2x128,20x4x128,2x2x16,Depthwise,2656,4176,2068,1231,837,0,0,474,288,,,0,0,1,0,0
dw3x3,18,2,256,equalized,PASS,"3,3","t:1,l:1,b:1,r:1,n:0,f:0",18x2x112,20x4x128,1x2x16,Depthwise,2576,5016,2068,1758,310,0,0,468,288,1.0,0.7002,0,0,2,0,0
dw3x3,18,2,512,equalized,PASS,"3,3","t:1,l:1,b:1,r:1,n:0,f:0",18x2x128,20x4x128,2x2x16,Depthwise,2656,4176,2068,1231,837,0,0,474,288,,,0,0,1,0,0
dw3x3,36,1,256,base,PASS,"3,3","t:1,l:1,b:1,r:1,n:0,f:0",36x2x48,38x4x64,1x2x16,Depthwise,2576,4987,6068,5241,827,0,0,468,288,1.0,1.0218,0,1,3,0,1
dw3x3,36,1,512,base,PASS,"3,3","t:1,l:1,b:1,r:1,n:0,f:0",36x2x48,38x4x64,2x2x16,Depthwise,2656,3323,6068,5355,713,0,0,474,288,,,0,1,3,0,1
dw3x3,36,1,256,bridge_legacy_relaxed,PASS,"3,3","t:1,l:1,b:1,r:1,n:0,f:0",36x2x48,38x4x64,1x2x16,Depthwise,2576,4987,4068,3014,1054,0,0,468,288,0.5084,0.5378,0,1,3,0,1
dw3x3,36,1,512,bridge_legacy_relaxed,PASS,"3,3","t:1,l:1,b:1,r:1,n:0,f:0",36x2x48,38x4x64,2x2x16,Depthwise,2656,3323,2068,1621,447,0,0,474,288,,,0,1,3,0,1
dw3x3,36,1,256,equalized,PASS,"3,3","t:1,l:1,b:1,r:1,n:0,f:0",36x2x48,38x4x64,1x2x16,Depthwise,2576,4987,4068,3014,1054,0,0,468,288,0.5084,0.5378,0,1,3,0,1
dw3x3,36,1,512,equalized,PASS,"3,3","t:1,l:1,b:1,r:1,n:0,f:0",36x2x48,38x4x64,2x2x16,Depthwise,2656,3323,2068,1621,447,0,0,474,288,,,0,1,3,0,1
