Original Operator,NNG Operator,Target,Staging Usage,Peak% (Staging),Op Cycles,Network% (cycles),NPU,SRAM AC,DRAM AC,OnFlash AC,OffFlash AC,MAC Count,Network% (MAC),Util% (MAC),Name
Conv2D,Conv2D,NPU,147808,39.9653904391088,118164,14.380133306235601,37737,7209,118164,0,0,331776,0.8549355458748618,0.5483903727023459,model/re_lu/Relu6;model/batch_normalization/FusedBatchNormV3;model/batch_normalization_2/FusedBatchNormV3;model/depthwise_conv2d/depthwise;model/conv2d_16/Conv2D;model/conv2d/Conv2D
Conv2D,Relu6,NPU,0,0.0,0,0.0,0,0,0,0,0,0,0.0,100,model/re_lu/Relu6;model/batch_normalization/FusedBatchNormV3;model/batch_normalization_2/FusedBatchNormV3;model/depthwise_conv2d/depthwise;model/conv2d_16/Conv2D;model/conv2d/Conv2D
Conv2D,Conv2D,NPU,295360,79.86156175643522,14062,1.7112947644992131,9472,9540,14062,0,0,589824,1.5198854148886431,8.192291281467785,model/re_lu_1/Relu6;model/batch_normalization_1/FusedBatchNormV3;model/batch_normalization_2/FusedBatchNormV3;model/depthwise_conv2d/depthwise;model/conv2d_16/Conv2D;model/conv2d_1/Conv2D
Conv2D,Relu6,NPU,0,0.0,0,0.0,0,0,0,0,0,0,0.0,100,model/re_lu_1/Relu6;model/batch_normalization_1/FusedBatchNormV3;model/batch_normalization_2/FusedBatchNormV3;model/depthwise_conv2d/depthwise;model/conv2d_16/Conv2D;model/conv2d_1/Conv2D
DepthwiseConv2D,DepthwiseConv2D,NPU,295232,79.82695219554402,28209,3.4329337229240724,28209,10428,7812,0,0,663552,1.7098710917497235,4.594278421780283,model/re_lu_2/Relu6;model/batch_normalization_2/FusedBatchNormV3;model/depthwise_conv2d/depthwise;model/conv2d_16/Conv2D
DepthwiseConv2D,Relu6,NPU,0,0.0,0,0.0,0,0,0,0,0,0,0.0,100,model/re_lu_2/Relu6;model/batch_normalization_2/FusedBatchNormV3;model/depthwise_conv2d/depthwise;model/conv2d_16/Conv2D
Conv2D,Conv2D,NPU,184720,49.94592256110751,14062,1.7112947644992131,9376,9486,14062,0,0,294912,0.7599427074443216,4.0961456407338925,model/batch_normalization_3/FusedBatchNormV3;model/conv2d_4/Conv2D;model/conv2d_2/Conv2D1
Conv2D,Conv2D,NPU,184704,49.941596365996105,14062,1.7112947644992131,9472,9468,14062,0,0,294912,0.7599427074443216,4.0961456407338925,model/re_lu_3/Relu6;model/batch_normalization_4/FusedBatchNormV3;model/batch_normalization_2/FusedBatchNormV3;model/depthwise_conv2d/depthwise;model/conv2d_16/Conv2D;model/conv2d_3/Conv2D
Conv2D,Relu6,NPU,0,0.0,0,0.0,0,0,0,0,0,0,0.0,100,model/re_lu_3/Relu6;model/batch_normalization_4/FusedBatchNormV3;model/batch_normalization_2/FusedBatchNormV3;model/depthwise_conv2d/depthwise;model/conv2d_16/Conv2D;model/conv2d_3/Conv2D
DepthwiseConv2D,DepthwiseConv2D,NPU,332096,89.79450573220852,28209,3.4329337229240724,28209,10428,7812,0,0,663552,1.7098710917497235,4.594278421780283,model/re_lu_4/Relu6;model/batch_normalization_5/FusedBatchNormV3;model/depthwise_conv2d_1/depthwise;model/conv2d_16/Conv2D
DepthwiseConv2D,Relu6,NPU,0,0.0,0,0.0,0,0,0,0,0,0,0.0,100,model/re_lu_4/Relu6;model/batch_normalization_5/FusedBatchNormV3;model/depthwise_conv2d_1/depthwise;model/conv2d_16/Conv2D
Conv2D,Conv2D,NPU,221584,59.91347609777201,14062,1.7112947644992131,9376,9486,14062,0,0,294912,0.7599427074443216,4.0961456407338925,model/batch_normalization_6/FusedBatchNormV3;model/conv2d_4/Conv2D1
Add,Add,NPU,73728,19.935107073329007,4608,0.5607770071691349,4608,3600,0,0,0,0,0.0,0.0,model/add/add
Conv2D,Conv2D,NPU,332336,89.85939865887951,56249,6.8453007543959785,34006,14400,56249,0,0,884736,2.279828122332965,3.072054614304254,model/re_lu_5/Relu6;model/batch_normalization_7/FusedBatchNormV3;model/batch_normalization_8/FusedBatchNormV3;model/depthwise_conv2d_2/depthwise;model/conv2d_36/Conv2D;model/conv2d_5/Conv2D
Conv2D,Relu6,NPU,0,0.0,0,0.0,0,0,0,0,0,0,0.0,100,model/re_lu_5/Relu6;model/batch_normalization_7/FusedBatchNormV3;model/batch_normalization_8/FusedBatchNormV3;model/depthwise_conv2d_2/depthwise;model/conv2d_36/Conv2D;model/conv2d_5/Conv2D
DepthwiseConv2D,DepthwiseConv2D,NPU,369296,99.85290936621242,19500,2.3730797829423027,14168,19500,12499,0,0,497664,1.2824033188122927,4.984615384615385,model/re_lu_6/Relu6;model/batch_normalization_8/FusedBatchNormV3;model/depthwise_conv2d_2/depthwise;model/conv2d_36/Conv2D
DepthwiseConv2D,Relu6,NPU,0,0.0,0,0.0,0,0,0,0,0,0,0.0,100,model/re_lu_6/Relu6;model/batch_normalization_8/FusedBatchNormV3;model/depthwise_conv2d_2/depthwise;model/conv2d_36/Conv2D
Conv2D,Conv2D,NPU,111136,30.049751243781095,9600,1.1682854316023643,9600,3600,3515,0,0,442368,1.1399140611664824,9.0,model/batch_normalization_9/FusedBatchNormV3;model/conv2d_16/Conv2D;model/conv2d_6/Conv2D1
Conv2D,Conv2D,NPU,111408,30.123296560674888,14062,1.7112947644992131,11526,3735,14062,0,0,589824,1.5198854148886431,8.192291281467785,model/re_lu_7/Relu6;model/batch_normalization_10/FusedBatchNormV3;model/batch_normalization_14/FusedBatchNormV3;model/depthwise_conv2d_4/depthwise;model/depthwise_conv2d_5/depthwise;model/conv2d_7/Conv2D
Conv2D,Relu6,NPU,0,0.0,0,0.0,0,0,0,0,0,0,0.0,100,model/re_lu_7/Relu6;model/batch_normalization_10/FusedBatchNormV3;model/batch_normalization_14/FusedBatchNormV3;model/depthwise_conv2d_4/depthwise;model/depthwise_conv2d_5/depthwise;model/conv2d_7/Conv2D
DepthwiseConv2D,DepthwiseConv2D,NPU,185072,50.041098853558296,14784,1.799159564667641,14784,5841,4687,0,0,663552,1.7098710917497235,8.766233766233766,model/re_lu_8/Relu6;model/batch_normalization_11/FusedBatchNormV3;model/batch_normalization_14/FusedBatchNormV3;model/depthwise_conv2d_4/depthwise;model/depthwise_conv2d_5/depthwise;model/depthwise_conv2d_3/depthwise
DepthwiseConv2D,Relu6,NPU,0,0.0,0,0.0,0,0,0,0,0,0,0.0,100,model/re_lu_8/Relu6;model/batch_normalization_11/FusedBatchNormV3;model/batch_normalization_14/FusedBatchNormV3;model/depthwise_conv2d_4/depthwise;model/depthwise_conv2d_5/depthwise;model/depthwise_conv2d_3/depthwise
Conv2D,Conv2D,NPU,148128,40.0519143413368,9745,1.1859314094755251,9745,3600,3515,0,0,589824,1.5198854148886431,11.821446895844023,model/batch_normalization_12/FusedBatchNormV3;model/conv2d_16/Conv2D;model/conv2d_8/Conv2D1
Add,Add,NPU,0,0.0,0,0.0,0,0,0,0,0,0,0.0,100,model/add_1/add
Conv2D,Conv2D,NPU,111424,30.127622755786287,14062,1.7112947644992131,11526,3744,14062,0,0,589824,1.5198854148886431,8.192291281467785,model/re_lu_9/Relu6;model/batch_normalization_13/FusedBatchNormV3;model/batch_normalization_14/FusedBatchNormV3;model/depthwise_conv2d_4/depthwise;model/depthwise_conv2d_5/depthwise;model/conv2d_9/Conv2D
Conv2D,Relu6,NPU,0,0.0,0,0.0,0,0,0,0,0,0,0.0,100,model/re_lu_9/Relu6;model/batch_normalization_13/FusedBatchNormV3;model/batch_normalization_14/FusedBatchNormV3;model/depthwise_conv2d_4/depthwise;model/depthwise_conv2d_5/depthwise;model/conv2d_9/Conv2D
DepthwiseConv2D,DepthwiseConv2D,NPU,185088,50.04542504866969,14784,1.799159564667641,14784,5844,4687,0,0,663552,1.7098710917497235,8.766233766233766,model/re_lu_10/Relu6;model/batch_normalization_14/FusedBatchNormV3;model/depthwise_conv2d_4/depthwise;model/depthwise_conv2d_5/depthwise
DepthwiseConv2D,Relu6,NPU,0,0.0,0,0.0,0,0,0,0,0,0,0.0,100,model/re_lu_10/Relu6;model/batch_normalization_14/FusedBatchNormV3;model/depthwise_conv2d_4/depthwise;model/depthwise_conv2d_5/depthwise
Conv2D,Conv2D,NPU,148128,40.0519143413368,9745,1.1859314094755251,9745,3600,3515,0,0,589824,1.5198854148886431,11.821446895844023,model/batch_normalization_15/FusedBatchNormV3;model/conv2d_16/Conv2D;model/conv2d_10/Conv2D1
Add,Add,NPU,0,0.0,0,0.0,0,0,0,0,0,0,0.0,100,model/add_2/add
Conv2D,Conv2D,NPU,111424,30.127622755786287,14062,1.7112947644992131,11526,3744,14062,0,0,589824,1.5198854148886431,8.192291281467785,model/re_lu_11/Relu6;model/batch_normalization_16/FusedBatchNormV3;model/batch_normalization_14/FusedBatchNormV3;model/depthwise_conv2d_4/depthwise;model/depthwise_conv2d_5/depthwise;model/conv2d_11/Conv2D
Conv2D,Relu6,NPU,0,0.0,0,0.0,0,0,0,0,0,0,0.0,100,model/re_lu_11/Relu6;model/batch_normalization_16/FusedBatchNormV3;model/batch_normalization_14/FusedBatchNormV3;model/depthwise_conv2d_4/depthwise;model/depthwise_conv2d_5/depthwise;model/conv2d_11/Conv2D
DepthwiseConv2D,DepthwiseConv2D,NPU,92912,25.122215011897037,4875,0.5932699457355757,3800,4875,3124,0,0,165888,0.4274677729374309,6.6461538461538465,model/re_lu_12/Relu6;model/batch_normalization_17/FusedBatchNormV3;model/depthwise_conv2d_5/depthwise
DepthwiseConv2D,Relu6,NPU,0,0.0,0,0.0,0,0,0,0,0,0,0.0,100,model/re_lu_12/Relu6;model/batch_normalization_17/FusedBatchNormV3;model/depthwise_conv2d_5/depthwise
Conv2D,Conv2D,NPU,28288,7.648712956954359,2596,0.31592385212913937,2596,909,1171,0,0,147456,0.3799713537221608,11.093990755007704,model/batch_normalization_18/FusedBatchNormV3;model/conv2d_16/Conv2D;model/conv2d_12/Conv2D1
Conv2D,Conv2D,NPU,38016,10.27903958468527,3652,0.44443524960539943,3652,1791,3515,0,0,221184,0.5699570305832412,11.829134720700985,model/re_lu_13/Relu6;model/batch_normalization_19/FusedBatchNormV3;model/batch_normalization_26/FusedBatchNormV3;model/depthwise_conv2d_8/depthwise;model/conv2d_48/Conv2D;model/conv2d_13/Conv2D
Conv2D,Relu6,NPU,0,0.0,0,0.0,0,0,0,0,0,0,0.0,100,model/re_lu_13/Relu6;model/batch_normalization_19/FusedBatchNormV3;model/batch_normalization_26/FusedBatchNormV3;model/depthwise_conv2d_8/depthwise;model/conv2d_48/Conv2D;model/conv2d_13/Conv2D
DepthwiseConv2D,DepthwiseConv2D,NPU,65568,17.72874756651525,5760,0.7009712589614185,5760,1908,2343,0,0,248832,0.6412016594061464,8.4375,model/re_lu_14/Relu6;model/batch_normalization_20/FusedBatchNormV3;model/batch_normalization_26/FusedBatchNormV3;model/depthwise_conv2d_8/depthwise;model/conv2d_48/Conv2D;model/depthwise_conv2d_6/depthwise
DepthwiseConv2D,Relu6,NPU,0,0.0,0,0.0,0,0,0,0,0,0,0.0,100,model/re_lu_14/Relu6;model/batch_normalization_20/FusedBatchNormV3;model/batch_normalization_26/FusedBatchNormV3;model/depthwise_conv2d_8/depthwise;model/conv2d_48/Conv2D;model/depthwise_conv2d_6/depthwise
Conv2D,Conv2D,NPU,46768,12.645468310620808,2343,0.28513466315045205,1445,1350,2343,0,0,221184,0.5699570305832412,18.437900128040972,model/batch_normalization_21/FusedBatchNormV3;model/conv2d_16/Conv2D;model/conv2d_14/Conv2D1
Add,Add,NPU,0,0.0,0,0.0,0,0,0,0,0,0,0.0,100,model/add_3/add
Conv2D,Conv2D,NPU,38048,10.287691974908068,3652,0.44443524960539943,3652,1794,3515,0,0,221184,0.5699570305832412,11.829134720700985,model/re_lu_15/Relu6;model/batch_normalization_22/FusedBatchNormV3;model/batch_normalization_26/FusedBatchNormV3;model/depthwise_conv2d_8/depthwise;model/conv2d_48/Conv2D;model/conv2d_15/Conv2D
Conv2D,Relu6,NPU,0,0.0,0,0.0,0,0,0,0,0,0,0.0,100,model/re_lu_15/Relu6;model/batch_normalization_22/FusedBatchNormV3;model/batch_normalization_26/FusedBatchNormV3;model/depthwise_conv2d_8/depthwise;model/conv2d_48/Conv2D;model/conv2d_15/Conv2D
DepthwiseConv2D,DepthwiseConv2D,NPU,65584,17.73307376162665,5760,0.7009712589614185,5760,1909,2343,0,0,248832,0.6412016594061464,8.4375,model/re_lu_16/Relu6;model/batch_normalization_23/FusedBatchNormV3;model/batch_normalization_26/FusedBatchNormV3;model/depthwise_conv2d_8/depthwise;model/conv2d_48/Conv2D;model/depthwise_conv2d_7/depthwise
DepthwiseConv2D,Relu6,NPU,0,0.0,0,0.0,0,0,0,0,0,0,0.0,100,model/re_lu_16/Relu6;model/batch_normalization_23/FusedBatchNormV3;model/batch_normalization_26/FusedBatchNormV3;model/depthwise_conv2d_8/depthwise;model/conv2d_48/Conv2D;model/depthwise_conv2d_7/depthwise
Conv2D,Conv2D,NPU,46784,12.649794505732208,2343,0.28513466315045205,1445,1350,2343,0,0,221184,0.5699570305832412,18.437900128040972,model/batch_normalization_24/FusedBatchNormV3;model/conv2d_16/Conv2D1
Add,Add,NPU,0,0.0,0,0.0,0,0,0,0,0,0,0.0,100,model/add_4/add
Conv2D,Conv2D,NPU,38048,10.287691974908068,3652,0.44443524960539943,3652,1794,3515,0,0,221184,0.5699570305832412,11.829134720700985,model/re_lu_17/Relu6;model/batch_normalization_25/FusedBatchNormV3;model/batch_normalization_26/FusedBatchNormV3;model/depthwise_conv2d_8/depthwise;model/conv2d_48/Conv2D;model/conv2d_17/Conv2D
Conv2D,Relu6,NPU,0,0.0,0,0.0,0,0,0,0,0,0,0.0,100,model/re_lu_17/Relu6;model/batch_normalization_25/FusedBatchNormV3;model/batch_normalization_26/FusedBatchNormV3;model/depthwise_conv2d_8/depthwise;model/conv2d_48/Conv2D;model/conv2d_17/Conv2D
DepthwiseConv2D,DepthwiseConv2D,NPU,56336,15.232532987237725,5760,0.7009712589614185,5760,1907,2343,0,0,248832,0.6412016594061464,8.4375,model/re_lu_18/Relu6;model/batch_normalization_26/FusedBatchNormV3;model/depthwise_conv2d_8/depthwise;model/conv2d_48/Conv2D
DepthwiseConv2D,Relu6,NPU,0,0.0,0,0.0,0,0,0,0,0,0,0.0,100,model/re_lu_18/Relu6;model/batch_normalization_26/FusedBatchNormV3;model/depthwise_conv2d_8/depthwise;model/conv2d_48/Conv2D
Conv2D,Conv2D,NPU,37920,10.253082414016871,2343,0.28513466315045205,2053,1350,2343,0,0,442368,1.1399140611664824,36.875800256081945,model/batch_normalization_27/FusedBatchNormV3;model/conv2d_26/Conv2D;model/conv2d_18/Conv2D1
Conv2D,Conv2D,NPU,67792,18.330088686999783,18750,2.2818074835983677,15432,2884,18750,0,0,884736,2.279828122332965,9.216,model/re_lu_19/Relu6;model/batch_normalization_28/FusedBatchNormV3;model/batch_normalization_76/FusedBatchNormV3;model/depthwise_conv2d_25/depthwise;model/conv2d_51/Conv2D;model/conv2d_19/Conv2D
Conv2D,Relu6,NPU,0,0.0,0,0.0,0,0,0,0,0,0,0.0,100,model/re_lu_19/Relu6;model/batch_normalization_28/FusedBatchNormV3;model/batch_normalization_76/FusedBatchNormV3;model/depthwise_conv2d_25/depthwise;model/conv2d_51/Conv2D;model/conv2d_19/Conv2D
DepthwiseConv2D,DepthwiseConv2D,NPU,121792,32.930997187973176,10944,1.3318453920266953,10944,3808,4687,0,0,497664,1.2824033188122927,8.881578947368421,model/re_lu_20/Relu6;model/batch_normalization_29/FusedBatchNormV3;model/batch_normalization_76/FusedBatchNormV3;model/depthwise_conv2d_25/depthwise;model/conv2d_51/Conv2D;model/depthwise_conv2d_9/depthwise
DepthwiseConv2D,Relu6,NPU,0,0.0,0,0.0,0,0,0,0,0,0,0.0,100,model/re_lu_20/Relu6;model/batch_normalization_29/FusedBatchNormV3;model/batch_normalization_76/FusedBatchNormV3;model/depthwise_conv2d_25/depthwise;model/conv2d_51/Conv2D;model/depthwise_conv2d_9/depthwise
Conv2D,Conv2D,NPU,75632,20.44992429158555,2700,0.32858027763816494,2688,2700,2343,0,0,884736,2.279828122332965,64.0,model/batch_normalization_30/FusedBatchNormV3;model/conv2d_26/Conv2D;model/conv2d_20/Conv2D1
Add,Add,NPU,0,0.0,0,0.0,0,0,0,0,0,0,0.0,100,model/add_5/add
Conv2D,Conv2D,NPU,67776,18.325762491888383,18750,2.2818074835983677,15432,2880,18750,0,0,884736,2.279828122332965,9.216,model/re_lu_21/Relu6;model/batch_normalization_31/FusedBatchNormV3;model/batch_normalization_76/FusedBatchNormV3;model/depthwise_conv2d_25/depthwise;model/conv2d_51/Conv2D;model/conv2d_21/Conv2D
Conv2D,Relu6,NPU,0,0.0,0,0.0,0,0,0,0,0,0,0.0,100,model/re_lu_21/Relu6;model/batch_normalization_31/FusedBatchNormV3;model/batch_normalization_76/FusedBatchNormV3;model/depthwise_conv2d_25/depthwise;model/conv2d_51/Conv2D;model/conv2d_21/Conv2D
DepthwiseConv2D,DepthwiseConv2D,NPU,121792,32.930997187973176,10944,1.3318453920266953,10944,3808,4687,0,0,497664,1.2824033188122927,8.881578947368421,model/re_lu_22/Relu6;model/batch_normalization_32/FusedBatchNormV3;model/batch_normalization_76/FusedBatchNormV3;model/depthwise_conv2d_25/depthwise;model/conv2d_51/Conv2D;model/depthwise_conv2d_10/depthwise
DepthwiseConv2D,Relu6,NPU,0,0.0,0,0.0,0,0,0,0,0,0,0.0,100,model/re_lu_22/Relu6;model/batch_normalization_32/FusedBatchNormV3;model/batch_normalization_76/FusedBatchNormV3;model/depthwise_conv2d_25/depthwise;model/conv2d_51/Conv2D;model/depthwise_conv2d_10/depthwise
Conv2D,Conv2D,NPU,75664,20.45857668180835,2700,0.32858027763816494,2688,2700,2343,0,0,884736,2.279828122332965,64.0,model/batch_normalization_33/FusedBatchNormV3;model/conv2d_26/Conv2D;model/conv2d_22/Conv2D1
Add,Add,NPU,0,0.0,0,0.0,0,0,0,0,0,0,0.0,100,model/add_6/add
Conv2D,Conv2D,NPU,67792,18.330088686999783,18750,2.2818074835983677,15432,2884,18750,0,0,884736,2.279828122332965,9.216,model/re_lu_23/Relu6;model/batch_normalization_34/FusedBatchNormV3;model/batch_normalization_76/FusedBatchNormV3;model/depthwise_conv2d_25/depthwise;model/conv2d_51/Conv2D;model/conv2d_23/Conv2D
Conv2D,Relu6,NPU,0,0.0,0,0.0,0,0,0,0,0,0,0.0,100,model/re_lu_23/Relu6;model/batch_normalization_34/FusedBatchNormV3;model/batch_normalization_76/FusedBatchNormV3;model/depthwise_conv2d_25/depthwise;model/conv2d_51/Conv2D;model/conv2d_23/Conv2D
DepthwiseConv2D,DepthwiseConv2D,NPU,121792,32.930997187973176,10944,1.3318453920266953,10944,3808,4687,0,0,497664,1.2824033188122927,8.881578947368421,model/re_lu_24/Relu6;model/batch_normalization_35/FusedBatchNormV3;model/batch_normalization_76/FusedBatchNormV3;model/depthwise_conv2d_25/depthwise;model/conv2d_51/Conv2D;model/depthwise_conv2d_11/depthwise
DepthwiseConv2D,Relu6,NPU,0,0.0,0,0.0,0,0,0,0,0,0,0.0,100,model/re_lu_24/Relu6;model/batch_normalization_35/FusedBatchNormV3;model/batch_normalization_76/FusedBatchNormV3;model/depthwise_conv2d_25/depthwise;model/conv2d_51/Conv2D;model/depthwise_conv2d_11/depthwise
Conv2D,Conv2D,NPU,75680,20.46290287691975,2700,0.32858027763816494,2688,2700,2343,0,0,884736,2.279828122332965,64.0,model/batch_normalization_36/FusedBatchNormV3;model/conv2d_26/Conv2D;model/conv2d_24/Conv2D1
Add,Add,NPU,0,0.0,0,0.0,0,0,0,0,0,0,0.0,100,model/add_7/add
Conv2D,Conv2D,NPU,67792,18.330088686999783,18750,2.2818074835983677,15432,2884,18750,0,0,884736,2.279828122332965,9.216,model/re_lu_25/Relu6;model/batch_normalization_37/FusedBatchNormV3;model/batch_normalization_76/FusedBatchNormV3;model/depthwise_conv2d_25/depthwise;model/conv2d_51/Conv2D;model/conv2d_25/Conv2D
Conv2D,Relu6,NPU,0,0.0,0,0.0,0,0,0,0,0,0,0.0,100,model/re_lu_25/Relu6;model/batch_normalization_37/FusedBatchNormV3;model/batch_normalization_76/FusedBatchNormV3;model/depthwise_conv2d_25/depthwise;model/conv2d_51/Conv2D;model/conv2d_25/Conv2D
DepthwiseConv2D,DepthwiseConv2D,NPU,121792,32.930997187973176,10944,1.3318453920266953,10944,3808,4687,0,0,497664,1.2824033188122927,8.881578947368421,model/re_lu_26/Relu6;model/batch_normalization_38/FusedBatchNormV3;model/batch_normalization_76/FusedBatchNormV3;model/depthwise_conv2d_25/depthwise;model/conv2d_51/Conv2D;model/depthwise_conv2d_12/depthwise
DepthwiseConv2D,Relu6,NPU,0,0.0,0,0.0,0,0,0,0,0,0,0.0,100,model/re_lu_26/Relu6;model/batch_normalization_38/FusedBatchNormV3;model/batch_normalization_76/FusedBatchNormV3;model/depthwise_conv2d_25/depthwise;model/conv2d_51/Conv2D;model/depthwise_conv2d_12/depthwise
Conv2D,Conv2D,NPU,75680,20.46290287691975,2700,0.32858027763816494,2688,2700,2343,0,0,884736,2.279828122332965,64.0,model/batch_normalization_39/FusedBatchNormV3;model/conv2d_26/Conv2D1
Add,Add,NPU,0,0.0,0,0.0,0,0,0,0,0,0,0.0,100,model/add_8/add
Conv2D,Conv2D,NPU,67776,18.325762491888383,18750,2.2818074835983677,15432,2880,18750,0,0,884736,2.279828122332965,9.216,model/re_lu_27/Relu6;model/batch_normalization_40/FusedBatchNormV3;model/batch_normalization_76/FusedBatchNormV3;model/depthwise_conv2d_25/depthwise;model/conv2d_51/Conv2D;model/conv2d_27/Conv2D
Conv2D,Relu6,NPU,0,0.0,0,0.0,0,0,0,0,0,0,0.0,100,model/re_lu_27/Relu6;model/batch_normalization_40/FusedBatchNormV3;model/batch_normalization_76/FusedBatchNormV3;model/depthwise_conv2d_25/depthwise;model/conv2d_51/Conv2D;model/conv2d_27/Conv2D
DepthwiseConv2D,DepthwiseConv2D,NPU,69120,18.689162881245945,2904,0.3534063430597152,2904,2700,2343,0,0,124416,0.3206008297030732,8.367768595041323,model/re_lu_28/Relu6;model/batch_normalization_41/FusedBatchNormV3;model/batch_normalization_76/FusedBatchNormV3;model/depthwise_conv2d_25/depthwise;model/conv2d_51/Conv2D;model/depthwise_conv2d_13/depthwise
DepthwiseConv2D,Relu6,NPU,0,0.0,0,0.0,0,0,0,0,0,0,0.0,100,model/re_lu_28/Relu6;model/batch_normalization_41/FusedBatchNormV3;model/batch_normalization_76/FusedBatchNormV3;model/depthwise_conv2d_25/depthwise;model/conv2d_51/Conv2D;model/depthwise_conv2d_13/depthwise
Conv2D,Conv2D,NPU,21456,5.801427644386762,1620,0.19714816658289896,1620,1125,1562,0,0,331776,0.8549355458748618,40.0,model/batch_normalization_42/FusedBatchNormV3;model/conv2d_36/Conv2D;model/conv2d_28/Conv2D1
Conv2D,Conv2D,NPU,25344,6.852693056456846,7031,0.8556473822496066,5809,1875,7031,0,0,470016,1.2111586899893876,13.056464229839284,model/re_lu_29/Relu6;model/batch_normalization_43/FusedBatchNormV3;model/batch_normalization_56/FusedBatchNormV3;model/depthwise_conv2d_18/depthwise;model/conv2d_29/Conv2D
Conv2D,Relu6,NPU,0,0.0,0,0.0,0,0,0,0,0,0,0.0,100,model/re_lu_29/Relu6;model/batch_normalization_43/FusedBatchNormV3;model/batch_normalization_56/FusedBatchNormV3;model/depthwise_conv2d_18/depthwise;model/conv2d_29/Conv2D
DepthwiseConv2D,DepthwiseConv2D,NPU,46080,12.45944192083063,4825,0.5871851257793134,4825,1296,3515,0,0,176256,0.45418450874602034,7.134715025906735,model/re_lu_30/Relu6;model/batch_normalization_44/FusedBatchNormV3;model/batch_normalization_56/FusedBatchNormV3;model/depthwise_conv2d_18/depthwise;model/depthwise_conv2d_14/depthwise
DepthwiseConv2D,Relu6,NPU,0,0.0,0,0.0,0,0,0,0,0,0,0.0,100,model/re_lu_30/Relu6;model/batch_normalization_44/FusedBatchNormV3;model/batch_normalization_56/FusedBatchNormV3;model/depthwise_conv2d_18/depthwise;model/depthwise_conv2d_14/depthwise
Conv2D,Conv2D,NPU,29952,8.098637248539909,2203,0.26809716727291755,2203,1012,1562,0,0,470016,1.2111586899893876,41.67044938719928,model/batch_normalization_45/FusedBatchNormV3;model/conv2d_36/Conv2D;model/conv2d_30/Conv2D1
Add,Add,NPU,0,0.0,0,0.0,0,0,0,0,0,0,0.0,100,model/add_9/add
Conv2D,Conv2D,NPU,25344,6.852693056456846,7031,0.8556473822496066,5809,1875,7031,0,0,470016,1.2111586899893876,13.056464229839284,model/re_lu_31/Relu6;model/batch_normalization_46/FusedBatchNormV3;model/batch_normalization_56/FusedBatchNormV3;model/depthwise_conv2d_18/depthwise;model/conv2d_31/Conv2D
Conv2D,Relu6,NPU,0,0.0,0,0.0,0,0,0,0,0,0,0.0,100,model/re_lu_31/Relu6;model/batch_normalization_46/FusedBatchNormV3;model/batch_normalization_56/FusedBatchNormV3;model/depthwise_conv2d_18/depthwise;model/conv2d_31/Conv2D
DepthwiseConv2D,DepthwiseConv2D,NPU,46080,12.45944192083063,4825,0.5871851257793134,4825,1296,3515,0,0,176256,0.45418450874602034,7.134715025906735,model/re_lu_32/Relu6;model/batch_normalization_47/FusedBatchNormV3;model/batch_normalization_56/FusedBatchNormV3;model/depthwise_conv2d_18/depthwise;model/depthwise_conv2d_15/depthwise
DepthwiseConv2D,Relu6,NPU,0,0.0,0,0.0,0,0,0,0,0,0,0.0,100,model/re_lu_32/Relu6;model/batch_normalization_47/FusedBatchNormV3;model/batch_normalization_56/FusedBatchNormV3;model/depthwise_conv2d_18/depthwise;model/depthwise_conv2d_15/depthwise
Conv2D,Conv2D,NPU,29952,8.098637248539909,2203,0.26809716727291755,2203,1012,1562,0,0,470016,1.2111586899893876,41.67044938719928,model/batch_normalization_48/FusedBatchNormV3;model/conv2d_36/Conv2D;model/conv2d_32/Conv2D1
Add,Add,NPU,0,0.0,0,0.0,0,0,0,0,0,0,0.0,100,model/add_10/add
Conv2D,Conv2D,NPU,25344,6.852693056456846,7031,0.8556473822496066,5809,1875,7031,0,0,470016,1.2111586899893876,13.056464229839284,model/re_lu_33/Relu6;model/batch_normalization_49/FusedBatchNormV3;model/batch_normalization_56/FusedBatchNormV3;model/depthwise_conv2d_18/depthwise;model/conv2d_33/Conv2D
Conv2D,Relu6,NPU,0,0.0,0,0.0,0,0,0,0,0,0,0.0,100,model/re_lu_33/Relu6;model/batch_normalization_49/FusedBatchNormV3;model/batch_normalization_56/FusedBatchNormV3;model/depthwise_conv2d_18/depthwise;model/conv2d_33/Conv2D
DepthwiseConv2D,DepthwiseConv2D,NPU,46080,12.45944192083063,4825,0.5871851257793134,4825,1296,3515,0,0,176256,0.45418450874602034,7.134715025906735,model/re_lu_34/Relu6;model/batch_normalization_50/FusedBatchNormV3;model/batch_normalization_56/FusedBatchNormV3;model/depthwise_conv2d_18/depthwise;model/depthwise_conv2d_16/depthwise
DepthwiseConv2D,Relu6,NPU,0,0.0,0,0.0,0,0,0,0,0,0,0.0,100,model/re_lu_34/Relu6;model/batch_normalization_50/FusedBatchNormV3;model/batch_normalization_56/FusedBatchNormV3;model/depthwise_conv2d_18/depthwise;model/depthwise_conv2d_16/depthwise
Conv2D,Conv2D,NPU,29952,8.098637248539909,2203,0.26809716727291755,2203,1012,1562,0,0,470016,1.2111586899893876,41.67044938719928,model/batch_normalization_51/FusedBatchNormV3;model/conv2d_36/Conv2D;model/conv2d_34/Conv2D1
Add,Add,NPU,0,0.0,0,0.0,0,0,0,0,0,0,0.0,100,model/add_11/add
Conv2D,Conv2D,NPU,25344,6.852693056456846,7031,0.8556473822496066,5809,1875,7031,0,0,470016,1.2111586899893876,13.056464229839284,model/re_lu_35/Relu6;model/batch_normalization_52/FusedBatchNormV3;model/batch_normalization_56/FusedBatchNormV3;model/depthwise_conv2d_18/depthwise;model/conv2d_35/Conv2D
Conv2D,Relu6,NPU,0,0.0,0,0.0,0,0,0,0,0,0,0.0,100,model/re_lu_35/Relu6;model/batch_normalization_52/FusedBatchNormV3;model/batch_normalization_56/FusedBatchNormV3;model/depthwise_conv2d_18/depthwise;model/conv2d_35/Conv2D
DepthwiseConv2D,DepthwiseConv2D,NPU,46080,12.45944192083063,4825,0.5871851257793134,4825,1296,3515,0,0,176256,0.45418450874602034,7.134715025906735,model/re_lu_36/Relu6;model/batch_normalization_53/FusedBatchNormV3;model/batch_normalization_56/FusedBatchNormV3;model/depthwise_conv2d_18/depthwise;model/depthwise_conv2d_17/depthwise
DepthwiseConv2D,Relu6,NPU,0,0.0,0,0.0,0,0,0,0,0,0,0.0,100,model/re_lu_36/Relu6;model/batch_normalization_53/FusedBatchNormV3;model/batch_normalization_56/FusedBatchNormV3;model/depthwise_conv2d_18/depthwise;model/depthwise_conv2d_17/depthwise
Conv2D,Conv2D,NPU,29952,8.098637248539909,2203,0.26809716727291755,2203,1012,1562,0,0,470016,1.2111586899893876,41.67044938719928,model/batch_normalization_54/FusedBatchNormV3;model/conv2d_36/Conv2D1
Add,Add,NPU,0,0.0,0,0.0,0,0,0,0,0,0,0.0,100,model/add_12/add
Concat,MemoryCopy,NPU,23040,6.229720960415315,1440,0.17524281474035464,1440,288,0,0,0,3456,0.008905578602863144,0.46875,model/concatenate_1/concat
Conv2D,Conv2D,NPU,43776,11.836469824789098,7031,0.8556473822496066,5809,1875,7031,0,0,470016,1.2111586899893876,13.056464229839284,model/re_lu_37/Relu6;model/batch_normalization_55/FusedBatchNormV3;model/batch_normalization_56/FusedBatchNormV3;model/depthwise_conv2d_18/depthwise;model/conv2d_37/Conv2D
Conv2D,Relu6,NPU,0,0.0,0,0.0,0,0,0,0,0,0,0.0,100,model/re_lu_37/Relu6;model/batch_normalization_55/FusedBatchNormV3;model/batch_normalization_56/FusedBatchNormV3;model/depthwise_conv2d_18/depthwise;model/conv2d_37/Conv2D
DepthwiseConv2D,DepthwiseConv2D,NPU,44352,11.99221284879948,3580,0.4356731088683817,3580,1012,3515,0,0,44064,0.11354612718650509,2.4039804469273744,model/re_lu_38/Relu6;model/batch_normalization_56/FusedBatchNormV3;model/depthwise_conv2d_18/depthwise
DepthwiseConv2D,Relu6,NPU,0,0.0,0,0.0,0,0,0,0,0,0,0.0,100,model/re_lu_38/Relu6;model/batch_normalization_56/FusedBatchNormV3;model/depthwise_conv2d_18/depthwise
Conv2D,Conv2D,NPU,25344,6.852693056456846,1585,0.19288879261351535,1585,253,1171,0,0,235008,0.6055793449946938,28.958990536277604,model/batch_normalization_57/FusedBatchNormV3;model/conv2d_48/Conv2D;model/conv2d_38/Conv2D1
Conv2D,Conv2D,NPU,28224,7.631408176508761,5468,0.6654359104168467,5094,393,5468,0,0,387072,0.9974248035206721,13.825896122896854,model/re_lu_39/Relu6;model/batch_normalization_58/FusedBatchNormV3;model/batch_normalization_71/FusedBatchNormV3;model/depthwise_conv2d_23/depthwise;model/conv2d_39/Conv2D
Conv2D,Relu6,NPU,0,0.0,0,0.0,0,0,0,0,0,0,0.0,100,model/re_lu_39/Relu6;model/batch_normalization_58/FusedBatchNormV3;model/batch_normalization_71/FusedBatchNormV3;model/depthwise_conv2d_23/depthwise;model/conv2d_39/Conv2D
DepthwiseConv2D,DepthwiseConv2D,NPU,36288,9.811810512654121,5911,0.7193474152293308,5911,504,5468,0,0,72576,0.187017150660126,2.3980713923194044,model/re_lu_40/Relu6;model/batch_normalization_59/FusedBatchNormV3;model/batch_normalization_71/FusedBatchNormV3;model/depthwise_conv2d_23/depthwise;model/depthwise_conv2d_19/depthwise
DepthwiseConv2D,Relu6,NPU,0,0.0,0,0.0,0,0,0,0,0,0,0.0,100,model/re_lu_40/Relu6;model/batch_normalization_59/FusedBatchNormV3;model/batch_normalization_71/FusedBatchNormV3;model/depthwise_conv2d_23/depthwise;model/depthwise_conv2d_19/depthwise
Conv2D,Conv2D,NPU,29952,8.098637248539909,1801,0.21917521482456856,1801,393,1774,0,0,387072,0.9974248035206721,41.97667962243198,model/batch_normalization_60/FusedBatchNormV3;model/conv2d_48/Conv2D;model/conv2d_40/Conv2D1
Add,Add,NPU,0,0.0,0,0.0,0,0,0,0,0,0,0.0,100,model/add_13/add
Conv2D,Conv2D,NPU,28224,7.631408176508761,5468,0.6654359104168467,5094,393,5468,0,0,387072,0.9974248035206721,13.825896122896854,model/re_lu_41/Relu6;model/batch_normalization_61/FusedBatchNormV3;model/batch_normalization_71/FusedBatchNormV3;model/depthwise_conv2d_23/depthwise;model/conv2d_41/Conv2D
Conv2D,Relu6,NPU,0,0.0,0,0.0,0,0,0,0,0,0,0.0,100,model/re_lu_41/Relu6;model/batch_normalization_61/FusedBatchNormV3;model/batch_normalization_71/FusedBatchNormV3;model/depthwise_conv2d_23/depthwise;model/conv2d_41/Conv2D
DepthwiseConv2D,DepthwiseConv2D,NPU,36288,9.811810512654121,5911,0.7193474152293308,5911,504,5468,0,0,72576,0.187017150660126,2.3980713923194044,model/re_lu_42/Relu6;model/batch_normalization_62/FusedBatchNormV3;model/batch_normalization_71/FusedBatchNormV3;model/depthwise_conv2d_23/depthwise;model/depthwise_conv2d_20/depthwise
DepthwiseConv2D,Relu6,NPU,0,0.0,0,0.0,0,0,0,0,0,0,0.0,100,model/re_lu_42/Relu6;model/batch_normalization_62/FusedBatchNormV3;model/batch_normalization_71/FusedBatchNormV3;model/depthwise_conv2d_23/depthwise;model/depthwise_conv2d_20/depthwise
Conv2D,Conv2D,NPU,29952,8.098637248539909,1801,0.21917521482456856,1801,393,1787,0,0,387072,0.9974248035206721,41.97667962243198,model/batch_normalization_63/FusedBatchNormV3;model/conv2d_48/Conv2D;model/conv2d_42/Conv2D1
Add,Add,NPU,0,0.0,0,0.0,0,0,0,0,0,0,0.0,100,model/add_14/add
Conv2D,Conv2D,NPU,28224,7.631408176508761,5468,0.6654359104168467,5094,393,5468,0,0,387072,0.9974248035206721,13.825896122896854,model/re_lu_43/Relu6;model/batch_normalization_64/FusedBatchNormV3;model/batch_normalization_71/FusedBatchNormV3;model/depthwise_conv2d_23/depthwise;model/conv2d_43/Conv2D
Conv2D,Relu6,NPU,0,0.0,0,0.0,0,0,0,0,0,0,0.0,100,model/re_lu_43/Relu6;model/batch_normalization_64/FusedBatchNormV3;model/batch_normalization_71/FusedBatchNormV3;model/depthwise_conv2d_23/depthwise;model/conv2d_43/Conv2D
DepthwiseConv2D,DepthwiseConv2D,NPU,36288,9.811810512654121,5911,0.7193474152293308,5911,504,5468,0,0,72576,0.187017150660126,2.3980713923194044,model/re_lu_44/Relu6;model/batch_normalization_65/FusedBatchNormV3;model/batch_normalization_71/FusedBatchNormV3;model/depthwise_conv2d_23/depthwise;model/depthwise_conv2d_21/depthwise
DepthwiseConv2D,Relu6,NPU,0,0.0,0,0.0,0,0,0,0,0,0,0.0,100,model/re_lu_44/Relu6;model/batch_normalization_65/FusedBatchNormV3;model/batch_normalization_71/FusedBatchNormV3;model/depthwise_conv2d_23/depthwise;model/depthwise_conv2d_21/depthwise
Conv2D,Conv2D,NPU,29952,8.098637248539909,1801,0.21917521482456856,1801,393,1767,0,0,387072,0.9974248035206721,41.97667962243198,model/batch_normalization_66/FusedBatchNormV3;model/conv2d_48/Conv2D;model/conv2d_44/Conv2D1
Add,Add,NPU,0,0.0,0,0.0,0,0,0,0,0,0,0.0,100,model/add_15/add
Conv2D,Conv2D,NPU,28224,7.631408176508761,5468,0.6654359104168467,5094,393,5468,0,0,387072,0.9974248035206721,13.825896122896854,model/re_lu_45/Relu6;model/batch_normalization_67/FusedBatchNormV3;model/batch_normalization_71/FusedBatchNormV3;model/depthwise_conv2d_23/depthwise;model/conv2d_45/Conv2D
Conv2D,Relu6,NPU,0,0.0,0,0.0,0,0,0,0,0,0,0.0,100,model/re_lu_45/Relu6;model/batch_normalization_67/FusedBatchNormV3;model/batch_normalization_71/FusedBatchNormV3;model/depthwise_conv2d_23/depthwise;model/conv2d_45/Conv2D
DepthwiseConv2D,DepthwiseConv2D,NPU,36288,9.811810512654121,5911,0.7193474152293308,5911,504,5468,0,0,72576,0.187017150660126,2.3980713923194044,model/re_lu_46/Relu6;model/batch_normalization_68/FusedBatchNormV3;model/batch_normalization_71/FusedBatchNormV3;model/depthwise_conv2d_23/depthwise;model/depthwise_conv2d_22/depthwise
DepthwiseConv2D,Relu6,NPU,0,0.0,0,0.0,0,0,0,0,0,0,0.0,100,model/re_lu_46/Relu6;model/batch_normalization_68/FusedBatchNormV3;model/batch_normalization_71/FusedBatchNormV3;model/depthwise_conv2d_23/depthwise;model/depthwise_conv2d_22/depthwise
Conv2D,Conv2D,NPU,29952,8.098637248539909,1801,0.21917521482456856,1801,393,1765,0,0,387072,0.9974248035206721,41.97667962243198,model/batch_normalization_69/FusedBatchNormV3;model/conv2d_48/Conv2D;model/conv2d_46/Conv2D1
Add,Add,NPU,0,0.0,0,0.0,0,0,0,0,0,0,0.0,100,model/add_16/add
Conv2D,Conv2D,NPU,28224,7.631408176508761,5468,0.6654359104168467,5094,393,5468,0,0,387072,0.9974248035206721,13.825896122896854,model/re_lu_47/Relu6;model/batch_normalization_70/FusedBatchNormV3;model/batch_normalization_71/FusedBatchNormV3;model/depthwise_conv2d_23/depthwise;model/conv2d_47/Conv2D
Conv2D,Relu6,NPU,0,0.0,0,0.0,0,0,0,0,0,0,0.0,100,model/re_lu_47/Relu6;model/batch_normalization_70/FusedBatchNormV3;model/batch_normalization_71/FusedBatchNormV3;model/depthwise_conv2d_23/depthwise;model/conv2d_47/Conv2D
DepthwiseConv2D,DepthwiseConv2D,NPU,36288,9.811810512654121,5911,0.7193474152293308,5911,504,5468,0,0,72576,0.187017150660126,2.3980713923194044,model/re_lu_48/Relu6;model/batch_normalization_71/FusedBatchNormV3;model/depthwise_conv2d_23/depthwise
DepthwiseConv2D,Relu6,NPU,0,0.0,0,0.0,0,0,0,0,0,0,0.0,100,model/re_lu_48/Relu6;model/batch_normalization_71/FusedBatchNormV3;model/depthwise_conv2d_23/depthwise
Conv2D,Conv2D,NPU,29952,8.098637248539909,1801,0.21917521482456856,1801,393,1740,0,0,387072,0.9974248035206721,41.97667962243198,model/batch_normalization_72/FusedBatchNormV3;model/conv2d_48/Conv2D1
Add,Add,NPU,0,0.0,0,0.0,0,0,0,0,0,0,0.0,100,model/add_17/add
Concat,MemoryCopy,NPU,27072,7.3199221284879945,532,0.06474248433463102,532,150,0,0,0,1728,0.004452789301431572,0.6343984962406015,model/concatenate/concat
MaxPool,MaxPool,NPU,28800,7.787151200519143,1312,0.15966567565232312,1312,108,0,0,0,15552,0.04007510371288415,2.315167682926829,model/max_pooling2d/MaxPool
Concat,MemoryCopy,NPU,28800,7.787151200519143,532,0.06474248433463102,532,150,0,0,0,1728,0.004452789301431572,0.6343984962406015,model/concatenate/concat
MaxPool,MaxPool,NPU,28800,7.787151200519143,3472,0.4225298977628551,3472,108,0,0,0,43200,0.11131973253578929,2.4301555299539173,model/max_pooling2d_1/MaxPool
Concat,MemoryCopy,NPU,28800,7.787151200519143,532,0.06474248433463102,532,150,0,0,0,1728,0.004452789301431572,0.6343984962406015,model/concatenate/concat
MaxPool,MaxPool,NPU,28800,7.787151200519143,11437,1.3918417167954418,11437,337,0,0,0,139968,0.36067593341595733,2.390268427035062,model/max_pooling2d_2/MaxPool
Concat,MemoryCopy,NPU,27072,7.3199221284879945,532,0.06474248433463102,532,150,0,0,0,1728,0.004452789301431572,0.6343984962406015,model/concatenate/concat
Conv2D,Conv2D,NPU,28800,7.787151200519143,3171,0.38589928162615594,3171,337,2604,0,0,663552,1.7098710917497235,40.87038789025544,model/re_lu_49/Relu6;model/batch_normalization_73/FusedBatchNormV3;model/batch_normalization_76/FusedBatchNormV3;model/depthwise_conv2d_25/depthwise;model/conv2d_51/Conv2D;model/conv2d_49/Conv2D
Conv2D,Relu6,NPU,0,0.0,0,0.0,0,0,0,0,0,0,0.0,100,model/re_lu_49/Relu6;model/batch_normalization_73/FusedBatchNormV3;model/batch_normalization_76/FusedBatchNormV3;model/depthwise_conv2d_25/depthwise;model/conv2d_51/Conv2D;model/conv2d_49/Conv2D
ResizeNearestNeighbor,Resize,NPU,35712,9.656067488643737,675,0.08214506940954124,0,675,0,0,0,0,0.0,0.0,model/tf.image.resize/resize/ResizeNearestNeighbor
Concat,MemoryCopy,NPU,35712,9.656067488643737,3648,0.4439484640088984,3648,864,0,0,0,13824,0.035622314411452576,0.7401315789473685,model/concatenate_1/concat
DepthwiseConv2D,DepthwiseConv2D,NPU,40320,10.902011680726801,9001,1.0953892885263419,9001,1536,6249,0,0,432000,1.1131973253578928,9.373958449061215,model/re_lu_52/Relu6;model/batch_normalization_78/FusedBatchNormV3;model/batch_normalization_80/FusedBatchNormV3;model/depthwise_conv2d_27/depthwise;model/conv2d_54/Conv2D;model/depthwise_conv2d_26/depthwise
DepthwiseConv2D,Relu6,NPU,0,0.0,0,0.0,0,0,0,0,0,0,0.0,100,model/re_lu_52/Relu6;model/batch_normalization_78/FusedBatchNormV3;model/batch_normalization_80/FusedBatchNormV3;model/depthwise_conv2d_27/depthwise;model/conv2d_54/Conv2D;model/depthwise_conv2d_26/depthwise
Conv2D,Conv2D,NPU,56608,15.306078304131516,9375,1.1409037417991839,8268,3135,9375,0,0,2073600,5.343347161717886,43.2,model/batch_normalization_79/FusedBatchNormV3;model/conv2d_54/Conv2D;model/conv2d_53/Conv2D1
DepthwiseConv2D,DepthwiseConv2D,NPU,40320,10.902011680726801,9001,1.0953892885263419,9001,1536,6249,0,0,432000,1.1131973253578928,9.373958449061215,model/re_lu_53/Relu6;model/batch_normalization_80/FusedBatchNormV3;model/depthwise_conv2d_27/depthwise;model/conv2d_54/Conv2D
DepthwiseConv2D,Relu6,NPU,0,0.0,0,0.0,0,0,0,0,0,0,0.0,100,model/re_lu_53/Relu6;model/batch_normalization_80/FusedBatchNormV3;model/depthwise_conv2d_27/depthwise;model/conv2d_54/Conv2D
Conv2D,Conv2D,NPU,57264,15.483452303698897,9375,1.1409037417991839,8268,3196,9375,0,0,2073600,5.343347161717886,43.2,model/batch_normalization_81/FusedBatchNormV3;model/conv2d_54/Conv2D1
Conv2D,Conv2D,NPU,24768,6.6969500324464635,1598,0.19447084580214355,1598,900,1562,0,0,311040,0.8015020742576829,38.0162703379224,Identity_1
DepthwiseConv2D,DepthwiseConv2D,NPU,6912,1.8689162881245944,3938,0.47924041975521986,3938,216,2343,0,0,86400,0.22263946507157859,4.285170137125444,model/re_lu_50/Relu6;model/batch_normalization_74/FusedBatchNormV3;model/batch_normalization_76/FusedBatchNormV3;model/depthwise_conv2d_25/depthwise;model/conv2d_51/Conv2D;model/depthwise_conv2d_24/depthwise
DepthwiseConv2D,Relu6,NPU,0,0.0,0,0.0,0,0,0,0,0,0,0.0,100,model/re_lu_50/Relu6;model/batch_normalization_74/FusedBatchNormV3;model/batch_normalization_76/FusedBatchNormV3;model/depthwise_conv2d_25/depthwise;model/conv2d_51/Conv2D;model/depthwise_conv2d_24/depthwise
Conv2D,Conv2D,NPU,6912,1.8689162881245944,2739,0.3333264372040496,2739,216,2343,0,0,331776,0.8549355458748618,23.65826944140197,model/batch_normalization_75/FusedBatchNormV3;model/conv2d_51/Conv2D;model/conv2d_50/Conv2D1
DepthwiseConv2D,DepthwiseConv2D,NPU,6912,1.8689162881245944,3938,0.47924041975521986,3938,216,2343,0,0,86400,0.22263946507157859,4.285170137125444,model/re_lu_51/Relu6;model/batch_normalization_76/FusedBatchNormV3;model/depthwise_conv2d_25/depthwise;model/conv2d_51/Conv2D
DepthwiseConv2D,Relu6,NPU,0,0.0,0,0.0,0,0,0,0,0,0,0.0,100,model/re_lu_51/Relu6;model/batch_normalization_76/FusedBatchNormV3;model/depthwise_conv2d_25/depthwise;model/conv2d_51/Conv2D
Conv2D,Conv2D,NPU,6912,1.8689162881245944,2739,0.3333264372040496,2739,216,2343,0,0,331776,0.8549355458748618,23.65826944140197,model/batch_normalization_77/FusedBatchNormV3;model/conv2d_51/Conv2D1
Conv2D,Conv2D,NPU,3456,0.9344581440622972,781,0.09504488771681735,653,168,781,0,0,62208,0.1603004148515366,15.55697823303457,Identity
