ev_type,name,in_trm110,first_nonzero_campaign
0,no_event,True,NEVER
17,cycle,True,"Tier B boot 9 (1x1, SRAM port)"
32,npu_idle,True,"Tier B boot 9 (1x1, SRAM port)"
33,cc_stalled_on_blockdep,False,"1 boot 13 (kws, all EXT)"
35,npu_active,True,"Tier B boot 9 (1x1, SRAM port)"
48,mac_active,True,"Tier B boot 9 (1x1, SRAM port)"
51,mac_dpu_active,True,"Tier B boot 9 (1x1, SRAM port)"
52,mac_stalled_by_w_or_acc,False,"Tier B boot 9 (1x1, SRAM port)"
53,mac_stalled_by_w,False,"Tier B boot 9 (1x1, SRAM port)"
54,mac_stalled_by_acc,False,"1 boot 13 (kws, all EXT)"
55,mac_stalled_by_ib,False,"Tier B boot 9 (1x1, SRAM port)"
64,ao_active,True,"Tier B boot 9 (1x1, SRAM port)"
67,ao_stalled_by_bs_or_ob,False,"Tier B boot 9 (1x1, SRAM port)"
68,ao_stalled_by_bs,False,"Tier B boot 9 (1x1, SRAM port)"
69,ao_stalled_by_ob,False,"1 boot 13 (kws, all EXT)"
70,ao_stalled_by_ab_or_cb,False,"Tier B boot 9 (1x1, SRAM port)"
71,ao_stalled_by_ab,False,"Tier B boot 9 (1x1, SRAM port)"
72,ao_stalled_by_cb,False,"3a boot 19 (mobilenet split, 171)"
80,wd_active,True,"Tier B boot 9 (1x1, SRAM port)"
81,wd_stalled,True,"Tier B boot 9 (1x1, SRAM port)"
83,wd_stalled_by_wd_buf,False,"Tier B boot 9 (1x1, SRAM port)"
84,wd_stalled_by_ws_fc,False,"4a boot 21 (ad_medium, FWD, all EXT)"
85,wd_stalled_by_ws_tc,False,"4b boot 22 (MatMul x·xT, all EXT)"
89,wd_trans_wblk,False,"Tier B boot 9 (1x1, SRAM port)"
90,wd_trans_ws_fc,False,"4a boot 21 (ad_medium, FWD, all EXT)"
91,wd_trans_ws_tc,False,"4b boot 22 (MatMul x·xT, all EXT)"
96,wd_stalled_by_ws_sc0,False,"Tier B boot 9 (1x1, SRAM port)"
97,wd_stalled_by_ws_sc1,False,"Tier B boot 9 (1x1, SRAM port)"
98,wd_stalled_by_ws_sc2,False,"Tier B boot 9 (1x1, SRAM port)"
99,wd_stalled_by_ws_sc3,False,"Tier B boot 9 (1x1, SRAM port)"
100,wd_parse_active_sc0,False,"Tier B boot 9 (1x1, SRAM port)"
101,wd_parse_active_sc1,False,"Tier B boot 9 (1x1, SRAM port)"
102,wd_parse_active_sc2,False,"Tier B boot 9 (1x1, SRAM port)"
103,wd_parse_active_sc3,False,"Tier B boot 9 (1x1, SRAM port)"
104,wd_parse_stall_sc0,False,"Tier B boot 9 (1x1, SRAM port)"
105,wd_parse_stall_sc1,False,"Tier B boot 9 (1x1, SRAM port)"
106,wd_parse_stall_sc2,False,"Tier B boot 9 (1x1, SRAM port)"
107,wd_parse_stall_sc3,False,"Tier B boot 9 (1x1, SRAM port)"
108,wd_parse_stall_in_sc0,False,"Tier B boot 9 (1x1, SRAM port)"
109,wd_parse_stall_in_sc1,False,"0b boot 12 (1x1, EXT/DRAM)"
110,wd_parse_stall_in_sc2,False,"Tier B boot 9 (1x1, SRAM port)"
111,wd_parse_stall_in_sc3,False,"Tier B boot 9 (1x1, SRAM port)"
112,wd_parse_stall_out_sc0,False,"Tier B boot 9 (1x1, SRAM port)"
113,wd_parse_stall_out_sc1,False,"Tier B boot 9 (1x1, SRAM port)"
114,wd_parse_stall_out_sc2,False,"Tier B boot 9 (1x1, SRAM port)"
115,wd_parse_stall_out_sc3,False,"Tier B boot 9 (1x1, SRAM port)"
116,wd_trans_ws_sc0,False,"Tier B boot 9 (1x1, SRAM port)"
117,wd_trans_ws_sc1,False,"Tier B boot 9 (1x1, SRAM port)"
118,wd_trans_ws_sc2,False,"Tier B boot 9 (1x1, SRAM port)"
119,wd_trans_ws_sc3,False,"Tier B boot 9 (1x1, SRAM port)"
120,wd_trans_wb0,False,"Tier B boot 9 (1x1, SRAM port)"
121,wd_trans_wb1,False,"Tier B boot 9 (1x1, SRAM port)"
122,wd_trans_wb2,False,"Tier B boot 9 (1x1, SRAM port)"
123,wd_trans_wb3,False,"Tier B boot 9 (1x1, SRAM port)"
128,sram_rd_trans_accepted,True,"Tier B boot 9 (1x1, SRAM port)"
129,sram_rd_trans_completed,True,"Tier B boot 9 (1x1, SRAM port)"
130,sram_rd_data_beat_received,True,"Tier B boot 9 (1x1, SRAM port)"
131,sram_rd_tran_req_stalled,True,"Tier B boot 9 (1x1, SRAM port)"
132,sram_wr_trans_accepted,True,"Tier B boot 9 (1x1, SRAM port)"
133,sram_wr_trans_completed_m,False,"Tier B boot 9 (1x1, SRAM port)"
134,sram_wr_trans_completed_s,False,"Tier B boot 9 (1x1, SRAM port)"
135,sram_wr_data_beat_written,True,"Tier B boot 9 (1x1, SRAM port)"
136,sram_wr_tran_req_stalled,True,"2 boot 18 (mobilenet split, 48 ids)"
137,sram_wr_data_beat_stalled,True,"2 boot 18 (mobilenet split, 48 ids)"
140,sram_enabled_cycles,True,"Tier B boot 9 (1x1, SRAM port)"
142,sram_rd_stall_limit,True,"3b boot 20 (mobilenet split, AXI limit 1)"
143,sram_wr_stall_limit,True,"3b boot 20 (mobilenet split, AXI limit 1)"
160,axi_latency_any,True,"Tier B boot 9 (1x1, SRAM port)"
161,axi_latency_32,True,"Tier B boot 9 (1x1, SRAM port)"
162,axi_latency_64,True,"2 boot 18 (mobilenet split, 48 ids)"
163,axi_latency_128,True,"2 boot 18 (mobilenet split, 48 ids)"
164,axi_latency_256,True,"2 boot 18 (mobilenet split, 48 ids)"
165,axi_latency_512,True,"2 boot 18 (mobilenet split, 48 ids)"
166,axi_latency_1024,True,"2 boot 18 (mobilenet split, 48 ids)"
176,ecc_dma,True,NEVER
177,ecc_mac_ib,True,NEVER
178,ecc_mac_ab,True,NEVER
179,ecc_ao_cb,True,NEVER
180,ecc_ao_ob,True,NEVER
181,ecc_ao_lut,True,NEVER
384,ext_rd_trans_accepted,True,"0b boot 12 (1x1, EXT/DRAM)"
385,ext_rd_trans_completed,True,"0b boot 12 (1x1, EXT/DRAM)"
386,ext_rd_data_beat_received,True,"0b boot 12 (1x1, EXT/DRAM)"
387,ext_rd_tran_req_stalled,True,"0b boot 12 (1x1, EXT/DRAM)"
388,ext_wr_trans_accepted,True,"0b boot 12 (1x1, EXT/DRAM)"
389,ext_wr_trans_completed_m,False,"0b boot 12 (1x1, EXT/DRAM)"
390,ext_wr_trans_completed_s,False,"0b boot 12 (1x1, EXT/DRAM)"
391,ext_wr_data_beat_written,True,"0b boot 12 (1x1, EXT/DRAM)"
392,ext_wr_tran_req_stalled,True,"1 boot 13 (kws, all EXT)"
393,ext_wr_data_beat_stalled,True,"1 boot 13 (kws, all EXT)"
396,ext_enabled_cycles,True,"Tier B boot 9 (1x1, SRAM port)"
398,ext_rd_stall_limit,True,"3b boot 20 (mobilenet split, AXI limit 1)"
399,ext_wr_stall_limit,True,"4c boot 23 (kws all EXT, AXI limit 1)"
512,sram0_rd_trans_accepted,True,"Tier B boot 9 (1x1, SRAM port)"
513,sram0_rd_trans_completed,True,"Tier B boot 9 (1x1, SRAM port)"
514,sram0_rd_data_beat_received,True,"Tier B boot 9 (1x1, SRAM port)"
515,sram0_rd_tran_req_stalled,True,"Tier B boot 9 (1x1, SRAM port)"
516,sram0_wr_trans_accepted,True,"Tier B boot 9 (1x1, SRAM port)"
517,sram0_wr_trans_completed_m,False,"Tier B boot 9 (1x1, SRAM port)"
518,sram0_wr_trans_completed_s,False,"Tier B boot 9 (1x1, SRAM port)"
519,sram0_wr_data_beat_written,True,"Tier B boot 9 (1x1, SRAM port)"
520,sram0_wr_tran_req_stalled,True,"2 boot 18 (mobilenet split, 48 ids)"
521,sram0_wr_data_beat_stalled,True,"2 boot 18 (mobilenet split, 48 ids)"
524,sram0_enabled_cycles,True,"Tier B boot 9 (1x1, SRAM port)"
526,sram0_rd_stall_limit,True,"3b boot 20 (mobilenet split, AXI limit 1)"
527,sram0_wr_stall_limit,True,"3b boot 20 (mobilenet split, AXI limit 1)"
528,sram1_rd_trans_accepted,True,"Tier B boot 9 (1x1, SRAM port)"
529,sram1_rd_trans_completed,True,"Tier B boot 9 (1x1, SRAM port)"
530,sram1_rd_data_beat_received,True,"Tier B boot 9 (1x1, SRAM port)"
531,sram1_rd_tran_req_stalled,True,"Tier B boot 9 (1x1, SRAM port)"
532,sram1_wr_trans_accepted,True,"Tier B boot 9 (1x1, SRAM port)"
533,sram1_wr_trans_completed_m,False,"Tier B boot 9 (1x1, SRAM port)"
534,sram1_wr_trans_completed_s,False,"Tier B boot 9 (1x1, SRAM port)"
535,sram1_wr_data_beat_written,True,"Tier B boot 9 (1x1, SRAM port)"
536,sram1_wr_tran_req_stalled,True,"2 boot 18 (mobilenet split, 48 ids)"
537,sram1_wr_data_beat_stalled,True,"2 boot 18 (mobilenet split, 48 ids)"
540,sram1_enabled_cycles,True,"Tier B boot 9 (1x1, SRAM port)"
542,sram1_rd_stall_limit,True,"3b boot 20 (mobilenet split, AXI limit 1)"
543,sram1_wr_stall_limit,True,"3b boot 20 (mobilenet split, AXI limit 1)"
544,sram2_rd_trans_accepted,True,NEVER
545,sram2_rd_trans_completed,True,NEVER
546,sram2_rd_data_beat_received,True,NEVER
547,sram2_rd_tran_req_stalled,True,NEVER
548,sram2_wr_trans_accepted,True,NEVER
549,sram2_wr_trans_completed_m,False,NEVER
550,sram2_wr_trans_completed_s,False,NEVER
551,sram2_wr_data_beat_written,True,NEVER
552,sram2_wr_tran_req_stalled,True,NEVER
553,sram2_wr_data_beat_stalled,True,NEVER
556,sram2_enabled_cycles,True,NEVER
558,sram2_rd_stall_limit,True,NEVER
559,sram2_wr_stall_limit,True,NEVER
560,sram3_rd_trans_accepted,True,NEVER
561,sram3_rd_trans_completed,True,NEVER
562,sram3_rd_data_beat_received,True,NEVER
563,sram3_rd_tran_req_stalled,True,NEVER
564,sram3_wr_trans_accepted,True,NEVER
565,sram3_wr_trans_completed_m,False,NEVER
566,sram3_wr_trans_completed_s,False,NEVER
567,sram3_wr_data_beat_written,True,NEVER
568,sram3_wr_tran_req_stalled,True,NEVER
569,sram3_wr_data_beat_stalled,True,NEVER
572,sram3_enabled_cycles,True,NEVER
574,sram3_rd_stall_limit,True,NEVER
575,sram3_wr_stall_limit,True,NEVER
640,ext0_rd_trans_accepted,True,"0b boot 12 (1x1, EXT/DRAM)"
641,ext0_rd_trans_completed,True,"0b boot 12 (1x1, EXT/DRAM)"
642,ext0_rd_data_beat_received,True,"0b boot 12 (1x1, EXT/DRAM)"
643,ext0_rd_tran_req_stalled,True,"0b boot 12 (1x1, EXT/DRAM)"
644,ext0_wr_trans_accepted,True,"0b boot 12 (1x1, EXT/DRAM)"
645,ext0_wr_trans_completed_m,False,"0b boot 12 (1x1, EXT/DRAM)"
646,ext0_wr_trans_completed_s,False,"0b boot 12 (1x1, EXT/DRAM)"
647,ext0_wr_data_beat_written,True,"0b boot 12 (1x1, EXT/DRAM)"
648,ext0_wr_tran_req_stalled,True,"1 boot 13 (kws, all EXT)"
649,ext0_wr_data_beat_stalled,True,"1 boot 13 (kws, all EXT)"
652,ext0_enabled_cycles,True,"Tier B boot 9 (1x1, SRAM port)"
654,ext0_rd_stall_limit,True,"3b boot 20 (mobilenet split, AXI limit 1)"
655,ext0_wr_stall_limit,True,"4c boot 23 (kws all EXT, AXI limit 1)"
656,ext1_rd_trans_accepted,True,"0b boot 12 (1x1, EXT/DRAM)"
657,ext1_rd_trans_completed,True,"0b boot 12 (1x1, EXT/DRAM)"
658,ext1_rd_data_beat_received,True,"0b boot 12 (1x1, EXT/DRAM)"
659,ext1_rd_tran_req_stalled,True,"0b boot 12 (1x1, EXT/DRAM)"
660,ext1_wr_trans_accepted,True,"1 boot 13 (kws, all EXT)"
661,ext1_wr_trans_completed_m,False,"1 boot 13 (kws, all EXT)"
662,ext1_wr_trans_completed_s,False,"1 boot 13 (kws, all EXT)"
663,ext1_wr_data_beat_written,True,"1 boot 13 (kws, all EXT)"
664,ext1_wr_tran_req_stalled,True,"1 boot 13 (kws, all EXT)"
665,ext1_wr_data_beat_stalled,True,"1 boot 13 (kws, all EXT)"
668,ext1_enabled_cycles,True,"Tier B boot 9 (1x1, SRAM port)"
670,ext1_rd_stall_limit,True,"3b boot 20 (mobilenet split, AXI limit 1)"
671,ext1_wr_stall_limit,True,"4c boot 23 (kws all EXT, AXI limit 1)"
